{
    "query_name": "10b_publication_year",
    "query_sql": "SELECT \n    publication.year\nFROM \n    publication, conference\nWHERE\n    publication.title LIKE 'Making %'\n    AND publication.cid = conference.cid\n    AND conference.name = 'VLDB'\nGROUP BY \n    publication.year",
    "results": [
        {
            "output_tuple": [
                2007
            ],
            "tuple_id": "912f449c-db0f-5003-9dde-14088d464b8c",
            "dnf": [
                [
                    "9a8e3c13-4b4d-41c2-876b-02230946bd45",
                    "9bc5c00d-19c6-4954-a9ba-14b56feaccef"
                ]
            ]
        }
    ]
}