{
    "query_name": "11d_domain_name",
    "query_sql": "SELECT\n    domain.name\nFROM\n    conference, domain_conference, domain, domain_keyword, keyword\nWHERE\n    conference.cid = domain_conference.cid\n    AND domain_conference.did = domain.did\n    AND domain.did = domain_keyword.did\n    AND domain_keyword.kid = keyword.kid\n    AND keyword.keyword = 'Machine Learning'\nGROUP BY domain.name",
    "results": [
        {
            "output_tuple": [
                "Machine Learning & Pattern Recognition"
            ],
            "tuple_id": "263e6376-3b79-5165-b3d2-d295ce4b07e3",
            "dnf": [
                [
                    "1957e108-fa98-4cbe-a8e8-167869bc94a1",
                    "65e6654e-49cb-4505-a318-8b35922b4080",
                    "c10ae284-1c84-4223-8b6e-060cea9fc65f"
                ],
                [
                    "068e9a55-c131-4cf4-8336-fe73492431e3",
                    "65e6654e-49cb-4505-a318-8b35922b4080",
                    "c10ae284-1c84-4223-8b6e-060cea9fc65f"
                ],
                [
                    "db2d8405-82a7-4664-af3f-7a1d8be6a757",
                    "65e6654e-49cb-4505-a318-8b35922b4080",
                    "c10ae284-1c84-4223-8b6e-060cea9fc65f"
                ],
                [
                    "645c3f3e-004d-42ee-8eaf-40502d42503b",
                    "65e6654e-49cb-4505-a318-8b35922b4080",
                    "c10ae284-1c84-4223-8b6e-060cea9fc65f"
                ],
                [
                    "7b54e75f-8475-4a71-bf81-7028e68777e2",
                    "65e6654e-49cb-4505-a318-8b35922b4080",
                    "c10ae284-1c84-4223-8b6e-060cea9fc65f"
                ],
                [
                    "eafe69a5-3eca-4b25-83d3-a21fcf51f4f8",
                    "65e6654e-49cb-4505-a318-8b35922b4080",
                    "c10ae284-1c84-4223-8b6e-060cea9fc65f"
                ],
                [
                    "4c4e8e6a-56db-4caf-b1f3-0754a3ae7c2c",
                    "65e6654e-49cb-4505-a318-8b35922b4080",
                    "c10ae284-1c84-4223-8b6e-060cea9fc65f"
                ],
                [
                    "566fc5c9-483c-4b25-80f6-bcaf59715152",
                    "65e6654e-49cb-4505-a318-8b35922b4080",
                    "c10ae284-1c84-4223-8b6e-060cea9fc65f"
                ],
                [
                    "97e79eec-a9fb-4520-8dde-22e4f8000a6b",
                    "65e6654e-49cb-4505-a318-8b35922b4080",
                    "c10ae284-1c84-4223-8b6e-060cea9fc65f"
                ],
                [
                    "a318d9c8-e569-44b7-9dfd-ca8aaee8a861",
                    "65e6654e-49cb-4505-a318-8b35922b4080",
                    "c10ae284-1c84-4223-8b6e-060cea9fc65f"
                ],
                [
                    "dc85b1f8-4132-4927-93b8-1f82bc65bd61",
                    "65e6654e-49cb-4505-a318-8b35922b4080",
                    "c10ae284-1c84-4223-8b6e-060cea9fc65f"
                ],
                [
                    "4a4eba87-a834-4ed1-8bc6-f84a8cbf569e",
                    "65e6654e-49cb-4505-a318-8b35922b4080",
                    "c10ae284-1c84-4223-8b6e-060cea9fc65f"
                ],
                [
                    "94cd0c79-ddaf-4a70-83f3-16e8c9bbfd37",
                    "65e6654e-49cb-4505-a318-8b35922b4080",
                    "c10ae284-1c84-4223-8b6e-060cea9fc65f"
                ],
                [
                    "7f6e3fd9-c31e-41cd-9103-be17ab4f47d1",
                    "65e6654e-49cb-4505-a318-8b35922b4080",
                    "c10ae284-1c84-4223-8b6e-060cea9fc65f"
                ],
                [
                    "7cb1192d-2dab-4a29-a4f8-71ec9242c720",
                    "65e6654e-49cb-4505-a318-8b35922b4080",
                    "c10ae284-1c84-4223-8b6e-060cea9fc65f"
                ],
                [
                    "f3288316-8229-4203-ac66-a9099cbee2aa",
                    "65e6654e-49cb-4505-a318-8b35922b4080",
                    "c10ae284-1c84-4223-8b6e-060cea9fc65f"
                ],
                [
                    "5654b693-488e-4858-a76f-ecc705687f4f",
                    "65e6654e-49cb-4505-a318-8b35922b4080",
                    "c10ae284-1c84-4223-8b6e-060cea9fc65f"
                ],
                [
                    "5522ad11-3a63-460e-b59e-908714434613",
                    "65e6654e-49cb-4505-a318-8b35922b4080",
                    "c10ae284-1c84-4223-8b6e-060cea9fc65f"
                ],
                [
                    "a5182d60-ae40-457b-8191-5e9b02440bc9",
                    "65e6654e-49cb-4505-a318-8b35922b4080",
                    "c10ae284-1c84-4223-8b6e-060cea9fc65f"
                ],
                [
                    "7e09b09b-b982-473a-8496-82a5c29697ec",
                    "65e6654e-49cb-4505-a318-8b35922b4080",
                    "c10ae284-1c84-4223-8b6e-060cea9fc65f"
                ],
                [
                    "916733cd-388a-4ccb-816c-da913bcadfa1",
                    "65e6654e-49cb-4505-a318-8b35922b4080",
                    "c10ae284-1c84-4223-8b6e-060cea9fc65f"
                ],
                [
                    "06a02170-0580-4f23-b96d-269052e6432a",
                    "65e6654e-49cb-4505-a318-8b35922b4080",
                    "c10ae284-1c84-4223-8b6e-060cea9fc65f"
                ],
                [
                    "e9c60ac0-8cda-440d-9182-b0c210a9be4e",
                    "65e6654e-49cb-4505-a318-8b35922b4080",
                    "c10ae284-1c84-4223-8b6e-060cea9fc65f"
                ],
                [
                    "da46f1a8-abec-48da-858a-c2e1c3abf78a",
                    "65e6654e-49cb-4505-a318-8b35922b4080",
                    "c10ae284-1c84-4223-8b6e-060cea9fc65f"
                ],
                [
                    "347a6ab2-0744-4d72-9ea6-4b3833c18f79",
                    "65e6654e-49cb-4505-a318-8b35922b4080",
                    "c10ae284-1c84-4223-8b6e-060cea9fc65f"
                ],
                [
                    "479f1e48-0467-4032-aca0-5a0fb22c362c",
                    "65e6654e-49cb-4505-a318-8b35922b4080",
                    "c10ae284-1c84-4223-8b6e-060cea9fc65f"
                ],
                [
                    "bbb93647-49af-41ef-90f0-f7081aed3afd",
                    "65e6654e-49cb-4505-a318-8b35922b4080",
                    "c10ae284-1c84-4223-8b6e-060cea9fc65f"
                ],
                [
                    "c15d5a7d-4069-47ac-87b7-25fa83b6f2c5",
                    "65e6654e-49cb-4505-a318-8b35922b4080",
                    "c10ae284-1c84-4223-8b6e-060cea9fc65f"
                ],
                [
                    "d9101400-5149-4cff-8b8c-f7c3eb7f6b3e",
                    "65e6654e-49cb-4505-a318-8b35922b4080",
                    "c10ae284-1c84-4223-8b6e-060cea9fc65f"
                ],
                [
                    "870cfc03-3ad0-4b6d-ad5c-0b4832e0c13e",
                    "65e6654e-49cb-4505-a318-8b35922b4080",
                    "c10ae284-1c84-4223-8b6e-060cea9fc65f"
                ],
                [
                    "09ecd5dd-66d5-45c4-b1c2-5f73903239e6",
                    "65e6654e-49cb-4505-a318-8b35922b4080",
                    "c10ae284-1c84-4223-8b6e-060cea9fc65f"
                ],
                [
                    "0e5288b4-a178-4610-8186-23c2e26d21a8",
                    "65e6654e-49cb-4505-a318-8b35922b4080",
                    "c10ae284-1c84-4223-8b6e-060cea9fc65f"
                ],
                [
                    "d279ac46-2439-473e-aae1-a8b83a256834",
                    "65e6654e-49cb-4505-a318-8b35922b4080",
                    "c10ae284-1c84-4223-8b6e-060cea9fc65f"
                ],
                [
                    "baabde33-4f21-4f1f-963d-2e325c54c0fc",
                    "65e6654e-49cb-4505-a318-8b35922b4080",
                    "c10ae284-1c84-4223-8b6e-060cea9fc65f"
                ],
                [
                    "396dd591-75ec-472a-8bf0-61fcb2034f8a",
                    "65e6654e-49cb-4505-a318-8b35922b4080",
                    "c10ae284-1c84-4223-8b6e-060cea9fc65f"
                ],
                [
                    "65cac65d-cc08-4649-80ee-ed773bc3e82f",
                    "65e6654e-49cb-4505-a318-8b35922b4080",
                    "c10ae284-1c84-4223-8b6e-060cea9fc65f"
                ],
                [
                    "364a3dbf-78be-4a69-b8aa-9a7a8bca7003",
                    "65e6654e-49cb-4505-a318-8b35922b4080",
                    "c10ae284-1c84-4223-8b6e-060cea9fc65f"
                ],
                [
                    "e0c590ef-0156-46da-9c7e-f73ae92861da",
                    "65e6654e-49cb-4505-a318-8b35922b4080",
                    "c10ae284-1c84-4223-8b6e-060cea9fc65f"
                ],
                [
                    "a02aabfe-1cff-4e17-b0d8-235484177b1f",
                    "65e6654e-49cb-4505-a318-8b35922b4080",
                    "c10ae284-1c84-4223-8b6e-060cea9fc65f"
                ],
                [
                    "60cb8514-d662-44dc-af92-8304c54cdf8c",
                    "65e6654e-49cb-4505-a318-8b35922b4080",
                    "c10ae284-1c84-4223-8b6e-060cea9fc65f"
                ],
                [
                    "fece175d-6db8-4bad-8a1d-ec4b094e313f",
                    "65e6654e-49cb-4505-a318-8b35922b4080",
                    "c10ae284-1c84-4223-8b6e-060cea9fc65f"
                ],
                [
                    "96a1f54f-fbfa-4603-93bb-2bd8bb2af56c",
                    "65e6654e-49cb-4505-a318-8b35922b4080",
                    "c10ae284-1c84-4223-8b6e-060cea9fc65f"
                ],
                [
                    "ec651b4c-f3c1-4e85-a828-b5017ef76432",
                    "65e6654e-49cb-4505-a318-8b35922b4080",
                    "c10ae284-1c84-4223-8b6e-060cea9fc65f"
                ],
                [
                    "0874e5ca-f5be-42e4-8e16-3a86ea6a373a",
                    "65e6654e-49cb-4505-a318-8b35922b4080",
                    "c10ae284-1c84-4223-8b6e-060cea9fc65f"
                ],
                [
                    "f5784def-64ad-400d-b99e-af57dc2e4692",
                    "65e6654e-49cb-4505-a318-8b35922b4080",
                    "c10ae284-1c84-4223-8b6e-060cea9fc65f"
                ],
                [
                    "dd41a388-e204-4a5a-9622-328305e136cf",
                    "65e6654e-49cb-4505-a318-8b35922b4080",
                    "c10ae284-1c84-4223-8b6e-060cea9fc65f"
                ],
                [
                    "747c3177-93d7-4502-85e7-d84367d6c069",
                    "65e6654e-49cb-4505-a318-8b35922b4080",
                    "c10ae284-1c84-4223-8b6e-060cea9fc65f"
                ],
                [
                    "690e13d9-c080-456b-b0d4-2684127da6d6",
                    "65e6654e-49cb-4505-a318-8b35922b4080",
                    "c10ae284-1c84-4223-8b6e-060cea9fc65f"
                ],
                [
                    "ad3ca070-2ad1-43d9-abd9-7e7aae1dedde",
                    "65e6654e-49cb-4505-a318-8b35922b4080",
                    "c10ae284-1c84-4223-8b6e-060cea9fc65f"
                ],
                [
                    "e73b0104-3cf7-42e1-8678-633e70237f11",
                    "65e6654e-49cb-4505-a318-8b35922b4080",
                    "c10ae284-1c84-4223-8b6e-060cea9fc65f"
                ],
                [
                    "260e84c4-5106-445f-ba66-1d61de7403f1",
                    "65e6654e-49cb-4505-a318-8b35922b4080",
                    "c10ae284-1c84-4223-8b6e-060cea9fc65f"
                ],
                [
                    "804b4b49-f234-42a7-8fa4-5819376da89c",
                    "65e6654e-49cb-4505-a318-8b35922b4080",
                    "c10ae284-1c84-4223-8b6e-060cea9fc65f"
                ],
                [
                    "a573ba69-6b4a-4252-bdcb-fa01d2f7449f",
                    "65e6654e-49cb-4505-a318-8b35922b4080",
                    "c10ae284-1c84-4223-8b6e-060cea9fc65f"
                ],
                [
                    "b5780cd3-3a55-461c-86fa-ab73a1bf1327",
                    "65e6654e-49cb-4505-a318-8b35922b4080",
                    "c10ae284-1c84-4223-8b6e-060cea9fc65f"
                ],
                [
                    "7efd88c7-3f6d-40b9-b2dd-b1be547272b9",
                    "65e6654e-49cb-4505-a318-8b35922b4080",
                    "c10ae284-1c84-4223-8b6e-060cea9fc65f"
                ],
                [
                    "76499130-027f-4a18-9e1a-483f45d65566",
                    "65e6654e-49cb-4505-a318-8b35922b4080",
                    "c10ae284-1c84-4223-8b6e-060cea9fc65f"
                ],
                [
                    "e398ebc4-52b6-421f-8a85-d618377781d2",
                    "65e6654e-49cb-4505-a318-8b35922b4080",
                    "c10ae284-1c84-4223-8b6e-060cea9fc65f"
                ],
                [
                    "98b02957-7b82-4894-81e0-980a8ce70789",
                    "65e6654e-49cb-4505-a318-8b35922b4080",
                    "c10ae284-1c84-4223-8b6e-060cea9fc65f"
                ],
                [
                    "9217e2a5-eabd-490a-ba9a-a2f81af44ab4",
                    "65e6654e-49cb-4505-a318-8b35922b4080",
                    "c10ae284-1c84-4223-8b6e-060cea9fc65f"
                ],
                [
                    "79fe9b20-ea8c-471f-abe4-a3fac462307f",
                    "65e6654e-49cb-4505-a318-8b35922b4080",
                    "c10ae284-1c84-4223-8b6e-060cea9fc65f"
                ],
                [
                    "190569a8-66a1-489d-8031-b64d3e131334",
                    "65e6654e-49cb-4505-a318-8b35922b4080",
                    "c10ae284-1c84-4223-8b6e-060cea9fc65f"
                ],
                [
                    "9611aabb-176c-47b3-8b64-15c43a69edea",
                    "65e6654e-49cb-4505-a318-8b35922b4080",
                    "c10ae284-1c84-4223-8b6e-060cea9fc65f"
                ],
                [
                    "f6ae88ad-2ef7-497c-ad63-09d4b88be7da",
                    "65e6654e-49cb-4505-a318-8b35922b4080",
                    "c10ae284-1c84-4223-8b6e-060cea9fc65f"
                ],
                [
                    "24e2ff8a-b728-45a1-81b4-a869423c8549",
                    "65e6654e-49cb-4505-a318-8b35922b4080",
                    "c10ae284-1c84-4223-8b6e-060cea9fc65f"
                ],
                [
                    "8d9f78a3-6ef6-4adb-adaa-2461da5f524b",
                    "65e6654e-49cb-4505-a318-8b35922b4080",
                    "c10ae284-1c84-4223-8b6e-060cea9fc65f"
                ],
                [
                    "4d95e5c7-ae22-4f7e-bd64-5d832ac6a6c9",
                    "65e6654e-49cb-4505-a318-8b35922b4080",
                    "c10ae284-1c84-4223-8b6e-060cea9fc65f"
                ],
                [
                    "38bed05d-f315-432f-b3c8-070e258ad722",
                    "65e6654e-49cb-4505-a318-8b35922b4080",
                    "c10ae284-1c84-4223-8b6e-060cea9fc65f"
                ],
                [
                    "3b5699bc-eebe-4977-908e-edd4d2e3a9b5",
                    "65e6654e-49cb-4505-a318-8b35922b4080",
                    "c10ae284-1c84-4223-8b6e-060cea9fc65f"
                ],
                [
                    "56edcf9c-cbd5-440c-89b8-58261d5b4dde",
                    "65e6654e-49cb-4505-a318-8b35922b4080",
                    "c10ae284-1c84-4223-8b6e-060cea9fc65f"
                ],
                [
                    "7efcfec1-6b85-4f21-8858-c6b7d5e56a51",
                    "65e6654e-49cb-4505-a318-8b35922b4080",
                    "c10ae284-1c84-4223-8b6e-060cea9fc65f"
                ],
                [
                    "184cf60b-9e1e-4721-8879-23043f88367c",
                    "65e6654e-49cb-4505-a318-8b35922b4080",
                    "c10ae284-1c84-4223-8b6e-060cea9fc65f"
                ],
                [
                    "1b6b3aef-ad5e-45e1-b53a-38a44a6d1e92",
                    "65e6654e-49cb-4505-a318-8b35922b4080",
                    "c10ae284-1c84-4223-8b6e-060cea9fc65f"
                ],
                [
                    "1d77656c-f44c-446d-a272-d2422e7f6000",
                    "65e6654e-49cb-4505-a318-8b35922b4080",
                    "c10ae284-1c84-4223-8b6e-060cea9fc65f"
                ],
                [
                    "c554df36-b525-4758-bdaf-c89f4cab38ac",
                    "65e6654e-49cb-4505-a318-8b35922b4080",
                    "c10ae284-1c84-4223-8b6e-060cea9fc65f"
                ],
                [
                    "75272e11-eefb-464c-991a-779de38771be",
                    "65e6654e-49cb-4505-a318-8b35922b4080",
                    "c10ae284-1c84-4223-8b6e-060cea9fc65f"
                ],
                [
                    "92419404-fa66-4ab5-81f7-cd602bd904f1",
                    "65e6654e-49cb-4505-a318-8b35922b4080",
                    "c10ae284-1c84-4223-8b6e-060cea9fc65f"
                ],
                [
                    "01a8a974-26b2-482b-b2e6-253205b6fd39",
                    "65e6654e-49cb-4505-a318-8b35922b4080",
                    "c10ae284-1c84-4223-8b6e-060cea9fc65f"
                ],
                [
                    "aa96cf3c-d567-48d5-b60a-0c3e13224582",
                    "65e6654e-49cb-4505-a318-8b35922b4080",
                    "c10ae284-1c84-4223-8b6e-060cea9fc65f"
                ],
                [
                    "ebeea901-d6f9-49ed-99e5-d902de13a08a",
                    "65e6654e-49cb-4505-a318-8b35922b4080",
                    "c10ae284-1c84-4223-8b6e-060cea9fc65f"
                ],
                [
                    "5703e2ca-1b2c-49d0-ab86-d88abe6c3a6b",
                    "65e6654e-49cb-4505-a318-8b35922b4080",
                    "c10ae284-1c84-4223-8b6e-060cea9fc65f"
                ],
                [
                    "558f64a2-964d-445d-b55c-28be47574293",
                    "65e6654e-49cb-4505-a318-8b35922b4080",
                    "c10ae284-1c84-4223-8b6e-060cea9fc65f"
                ],
                [
                    "63b2f95e-9726-44a3-9da8-3d96e2adb605",
                    "65e6654e-49cb-4505-a318-8b35922b4080",
                    "c10ae284-1c84-4223-8b6e-060cea9fc65f"
                ],
                [
                    "4a6c2e4e-b9ce-44e7-a033-2c2c90a840b7",
                    "65e6654e-49cb-4505-a318-8b35922b4080",
                    "c10ae284-1c84-4223-8b6e-060cea9fc65f"
                ],
                [
                    "3a1701de-d2f6-41dc-a7d8-dad3d59747c4",
                    "65e6654e-49cb-4505-a318-8b35922b4080",
                    "c10ae284-1c84-4223-8b6e-060cea9fc65f"
                ],
                [
                    "05a8aef9-aff3-4607-a465-43a583596e88",
                    "65e6654e-49cb-4505-a318-8b35922b4080",
                    "c10ae284-1c84-4223-8b6e-060cea9fc65f"
                ],
                [
                    "c0d69fd1-8485-4bd4-aa0a-d4442326701a",
                    "65e6654e-49cb-4505-a318-8b35922b4080",
                    "c10ae284-1c84-4223-8b6e-060cea9fc65f"
                ],
                [
                    "f616d118-227f-4f0e-9eea-f77552471b5a",
                    "65e6654e-49cb-4505-a318-8b35922b4080",
                    "c10ae284-1c84-4223-8b6e-060cea9fc65f"
                ],
                [
                    "685b49fd-8a76-46b6-8eae-5cf1d2546953",
                    "65e6654e-49cb-4505-a318-8b35922b4080",
                    "c10ae284-1c84-4223-8b6e-060cea9fc65f"
                ],
                [
                    "7f98a387-72f8-4350-b404-ca762afb410f",
                    "65e6654e-49cb-4505-a318-8b35922b4080",
                    "c10ae284-1c84-4223-8b6e-060cea9fc65f"
                ]
            ]
        },
        {
            "output_tuple": [
                "Artificial Intelligence"
            ],
            "tuple_id": "0a40216a-8cd1-5511-a8c3-0bdd35a4e861",
            "dnf": [
                [
                    "746a8daf-4f7b-4d24-9225-19c1f0b86716",
                    "af8774f6-659d-4b84-94d2-2546d4d7299a",
                    "958db256-d991-4944-8e45-b0bdd6509713"
                ],
                [
                    "be39bbff-2391-467b-a69e-5f4c536a06e4",
                    "af8774f6-659d-4b84-94d2-2546d4d7299a",
                    "958db256-d991-4944-8e45-b0bdd6509713"
                ],
                [
                    "caf92146-2007-4907-9f5b-8482a8bc7dee",
                    "af8774f6-659d-4b84-94d2-2546d4d7299a",
                    "958db256-d991-4944-8e45-b0bdd6509713"
                ],
                [
                    "77cf97da-d9f5-4f57-8805-81befc1c9bb4",
                    "af8774f6-659d-4b84-94d2-2546d4d7299a",
                    "958db256-d991-4944-8e45-b0bdd6509713"
                ],
                [
                    "f749d0af-ecf3-4a10-ab35-a7ed4912b6e2",
                    "af8774f6-659d-4b84-94d2-2546d4d7299a",
                    "958db256-d991-4944-8e45-b0bdd6509713"
                ],
                [
                    "8e9a45d5-4703-465a-801f-471a533b385e",
                    "af8774f6-659d-4b84-94d2-2546d4d7299a",
                    "958db256-d991-4944-8e45-b0bdd6509713"
                ],
                [
                    "f0cdb929-00a8-4e1c-876c-311c7c7b2702",
                    "af8774f6-659d-4b84-94d2-2546d4d7299a",
                    "958db256-d991-4944-8e45-b0bdd6509713"
                ],
                [
                    "78d38302-07f1-4b92-beef-631f34dff202",
                    "af8774f6-659d-4b84-94d2-2546d4d7299a",
                    "958db256-d991-4944-8e45-b0bdd6509713"
                ],
                [
                    "8fd5af51-3d9d-47f0-bfa9-f8b5c1bccb1d",
                    "af8774f6-659d-4b84-94d2-2546d4d7299a",
                    "958db256-d991-4944-8e45-b0bdd6509713"
                ],
                [
                    "ba28dff6-3330-4f4c-afea-4b786fef52f0",
                    "af8774f6-659d-4b84-94d2-2546d4d7299a",
                    "958db256-d991-4944-8e45-b0bdd6509713"
                ],
                [
                    "c4834b0b-d3e3-49d6-ae91-1abb1909b7ae",
                    "af8774f6-659d-4b84-94d2-2546d4d7299a",
                    "958db256-d991-4944-8e45-b0bdd6509713"
                ],
                [
                    "62e80d5b-afd0-49a2-965e-e46197fd8b31",
                    "af8774f6-659d-4b84-94d2-2546d4d7299a",
                    "958db256-d991-4944-8e45-b0bdd6509713"
                ],
                [
                    "5fe374a7-f555-4cfa-ad6c-a03f77b8e0b2",
                    "af8774f6-659d-4b84-94d2-2546d4d7299a",
                    "958db256-d991-4944-8e45-b0bdd6509713"
                ],
                [
                    "ba197f70-fe7e-4089-8c7b-126efdd3d630",
                    "af8774f6-659d-4b84-94d2-2546d4d7299a",
                    "958db256-d991-4944-8e45-b0bdd6509713"
                ],
                [
                    "2abc809a-cfad-484a-a161-0bba1d91f351",
                    "af8774f6-659d-4b84-94d2-2546d4d7299a",
                    "958db256-d991-4944-8e45-b0bdd6509713"
                ],
                [
                    "8a106bbb-ba98-49b3-aa95-39d1e4d8fb55",
                    "af8774f6-659d-4b84-94d2-2546d4d7299a",
                    "958db256-d991-4944-8e45-b0bdd6509713"
                ],
                [
                    "6b1da515-2cd7-47ca-9330-f4cfc541cda6",
                    "af8774f6-659d-4b84-94d2-2546d4d7299a",
                    "958db256-d991-4944-8e45-b0bdd6509713"
                ],
                [
                    "ac600f3e-8310-46e8-966a-9a6d76dfb2d9",
                    "af8774f6-659d-4b84-94d2-2546d4d7299a",
                    "958db256-d991-4944-8e45-b0bdd6509713"
                ],
                [
                    "d4899e45-d59e-4d44-ac4f-660ab181b04c",
                    "af8774f6-659d-4b84-94d2-2546d4d7299a",
                    "958db256-d991-4944-8e45-b0bdd6509713"
                ],
                [
                    "7132b2dd-e569-4cb4-a8ff-058c93054452",
                    "af8774f6-659d-4b84-94d2-2546d4d7299a",
                    "958db256-d991-4944-8e45-b0bdd6509713"
                ],
                [
                    "33f9941a-d0ad-46ff-b546-bb5a62d83446",
                    "af8774f6-659d-4b84-94d2-2546d4d7299a",
                    "958db256-d991-4944-8e45-b0bdd6509713"
                ],
                [
                    "30828d8c-a792-4d87-b486-516f65f7ba19",
                    "af8774f6-659d-4b84-94d2-2546d4d7299a",
                    "958db256-d991-4944-8e45-b0bdd6509713"
                ],
                [
                    "0283d582-2308-4f90-8b53-0ae6875f8fa1",
                    "af8774f6-659d-4b84-94d2-2546d4d7299a",
                    "958db256-d991-4944-8e45-b0bdd6509713"
                ],
                [
                    "de01bf8e-f7b3-4064-901a-eea6c53f0c2c",
                    "af8774f6-659d-4b84-94d2-2546d4d7299a",
                    "958db256-d991-4944-8e45-b0bdd6509713"
                ],
                [
                    "c4a8b8f4-5b47-4ce8-8d38-02e294e6de1c",
                    "af8774f6-659d-4b84-94d2-2546d4d7299a",
                    "958db256-d991-4944-8e45-b0bdd6509713"
                ],
                [
                    "ec9634cf-c581-406f-b981-e131d47bd873",
                    "af8774f6-659d-4b84-94d2-2546d4d7299a",
                    "958db256-d991-4944-8e45-b0bdd6509713"
                ],
                [
                    "7bcbff68-bf7a-45b8-bd28-21ca930e6bc4",
                    "af8774f6-659d-4b84-94d2-2546d4d7299a",
                    "958db256-d991-4944-8e45-b0bdd6509713"
                ],
                [
                    "f85f12cd-d98d-4fa3-bc6e-af96e16a0598",
                    "af8774f6-659d-4b84-94d2-2546d4d7299a",
                    "958db256-d991-4944-8e45-b0bdd6509713"
                ],
                [
                    "a5bdee9a-2204-404f-b1e0-0d052b0fd85a",
                    "af8774f6-659d-4b84-94d2-2546d4d7299a",
                    "958db256-d991-4944-8e45-b0bdd6509713"
                ],
                [
                    "d41e0299-7b37-4572-9e82-826783559783",
                    "af8774f6-659d-4b84-94d2-2546d4d7299a",
                    "958db256-d991-4944-8e45-b0bdd6509713"
                ],
                [
                    "290ccb1e-9782-4c5e-ad60-47044dd003de",
                    "af8774f6-659d-4b84-94d2-2546d4d7299a",
                    "958db256-d991-4944-8e45-b0bdd6509713"
                ],
                [
                    "00b7ed6b-13dc-4a51-868e-cb88f3b72ecc",
                    "af8774f6-659d-4b84-94d2-2546d4d7299a",
                    "958db256-d991-4944-8e45-b0bdd6509713"
                ],
                [
                    "8b9cd0e9-8d7b-4708-9fba-5b7b727a2194",
                    "af8774f6-659d-4b84-94d2-2546d4d7299a",
                    "958db256-d991-4944-8e45-b0bdd6509713"
                ],
                [
                    "5e770061-92f7-4433-8ece-7d23ecacdd7e",
                    "af8774f6-659d-4b84-94d2-2546d4d7299a",
                    "958db256-d991-4944-8e45-b0bdd6509713"
                ],
                [
                    "a4f5e1c0-3685-4264-acaf-94302b8ae163",
                    "af8774f6-659d-4b84-94d2-2546d4d7299a",
                    "958db256-d991-4944-8e45-b0bdd6509713"
                ],
                [
                    "13b429dc-1c1d-4746-9f5d-d43d67f56fa6",
                    "af8774f6-659d-4b84-94d2-2546d4d7299a",
                    "958db256-d991-4944-8e45-b0bdd6509713"
                ],
                [
                    "6c4a9916-e25d-4fb7-bbc7-fe9c80d441ab",
                    "af8774f6-659d-4b84-94d2-2546d4d7299a",
                    "958db256-d991-4944-8e45-b0bdd6509713"
                ],
                [
                    "25b13a40-d04f-4f2b-9d22-1738196d1366",
                    "af8774f6-659d-4b84-94d2-2546d4d7299a",
                    "958db256-d991-4944-8e45-b0bdd6509713"
                ],
                [
                    "173b997c-6c16-44f2-bbd6-e49f9350e204",
                    "af8774f6-659d-4b84-94d2-2546d4d7299a",
                    "958db256-d991-4944-8e45-b0bdd6509713"
                ],
                [
                    "9404a383-bc29-40df-b154-8bdfa31d51f9",
                    "af8774f6-659d-4b84-94d2-2546d4d7299a",
                    "958db256-d991-4944-8e45-b0bdd6509713"
                ],
                [
                    "61556bcb-8abe-46ad-b755-bf2b67893079",
                    "af8774f6-659d-4b84-94d2-2546d4d7299a",
                    "958db256-d991-4944-8e45-b0bdd6509713"
                ],
                [
                    "81dac75b-813e-4d7f-8de0-ae9139a490fb",
                    "af8774f6-659d-4b84-94d2-2546d4d7299a",
                    "958db256-d991-4944-8e45-b0bdd6509713"
                ],
                [
                    "951ce745-5ee7-4570-9e6e-10ea435c6d6e",
                    "af8774f6-659d-4b84-94d2-2546d4d7299a",
                    "958db256-d991-4944-8e45-b0bdd6509713"
                ],
                [
                    "dd9fa0ce-0e97-43da-9051-92f0b94ec2f8",
                    "af8774f6-659d-4b84-94d2-2546d4d7299a",
                    "958db256-d991-4944-8e45-b0bdd6509713"
                ],
                [
                    "af2e10e9-5ca0-4d15-ba16-b83bcf572284",
                    "af8774f6-659d-4b84-94d2-2546d4d7299a",
                    "958db256-d991-4944-8e45-b0bdd6509713"
                ],
                [
                    "eed5a930-302f-4f42-aa9a-24b9a8eecdc8",
                    "af8774f6-659d-4b84-94d2-2546d4d7299a",
                    "958db256-d991-4944-8e45-b0bdd6509713"
                ],
                [
                    "23ff8adb-1b59-4876-87dc-a7ffb69f47a6",
                    "af8774f6-659d-4b84-94d2-2546d4d7299a",
                    "958db256-d991-4944-8e45-b0bdd6509713"
                ],
                [
                    "536fa551-faf7-4474-8293-45ce16fe6427",
                    "af8774f6-659d-4b84-94d2-2546d4d7299a",
                    "958db256-d991-4944-8e45-b0bdd6509713"
                ],
                [
                    "b94b794f-1337-4c4c-9201-40a7cc3c9b4b",
                    "af8774f6-659d-4b84-94d2-2546d4d7299a",
                    "958db256-d991-4944-8e45-b0bdd6509713"
                ],
                [
                    "3ae727bf-a046-4ec4-96f4-b4cecebf39d7",
                    "af8774f6-659d-4b84-94d2-2546d4d7299a",
                    "958db256-d991-4944-8e45-b0bdd6509713"
                ],
                [
                    "b9d90fe6-8e77-4a73-a140-439a63323c31",
                    "af8774f6-659d-4b84-94d2-2546d4d7299a",
                    "958db256-d991-4944-8e45-b0bdd6509713"
                ],
                [
                    "9956fa21-4059-40d2-b3ce-de348b0b0060",
                    "af8774f6-659d-4b84-94d2-2546d4d7299a",
                    "958db256-d991-4944-8e45-b0bdd6509713"
                ],
                [
                    "4fc3e401-a851-4128-9222-ee0517f6e00c",
                    "af8774f6-659d-4b84-94d2-2546d4d7299a",
                    "958db256-d991-4944-8e45-b0bdd6509713"
                ],
                [
                    "6df44680-9bca-4aeb-a1cb-1dc46e9c4652",
                    "af8774f6-659d-4b84-94d2-2546d4d7299a",
                    "958db256-d991-4944-8e45-b0bdd6509713"
                ],
                [
                    "8feed9bf-8002-45f3-84d2-37aa2934ec7f",
                    "af8774f6-659d-4b84-94d2-2546d4d7299a",
                    "958db256-d991-4944-8e45-b0bdd6509713"
                ],
                [
                    "b5159dc7-ee74-4104-8f0c-b12df56d477b",
                    "af8774f6-659d-4b84-94d2-2546d4d7299a",
                    "958db256-d991-4944-8e45-b0bdd6509713"
                ],
                [
                    "a9724bf5-712e-4323-9e5d-0106f84fc14e",
                    "af8774f6-659d-4b84-94d2-2546d4d7299a",
                    "958db256-d991-4944-8e45-b0bdd6509713"
                ],
                [
                    "9bbafcf4-3cba-49f0-a000-e34af21bf994",
                    "af8774f6-659d-4b84-94d2-2546d4d7299a",
                    "958db256-d991-4944-8e45-b0bdd6509713"
                ],
                [
                    "2a4ade29-068b-49e2-ba96-7aa92ba12405",
                    "af8774f6-659d-4b84-94d2-2546d4d7299a",
                    "958db256-d991-4944-8e45-b0bdd6509713"
                ],
                [
                    "1c299669-f0f4-4fca-b813-80923196c04a",
                    "af8774f6-659d-4b84-94d2-2546d4d7299a",
                    "958db256-d991-4944-8e45-b0bdd6509713"
                ],
                [
                    "3169e301-beff-4229-981b-3cad40716245",
                    "af8774f6-659d-4b84-94d2-2546d4d7299a",
                    "958db256-d991-4944-8e45-b0bdd6509713"
                ],
                [
                    "978076d3-d019-4bb7-b68c-02a256a2919c",
                    "af8774f6-659d-4b84-94d2-2546d4d7299a",
                    "958db256-d991-4944-8e45-b0bdd6509713"
                ],
                [
                    "3754a3d6-7633-464c-bfd1-aaedd9ddbbcf",
                    "af8774f6-659d-4b84-94d2-2546d4d7299a",
                    "958db256-d991-4944-8e45-b0bdd6509713"
                ],
                [
                    "dc216e18-3757-4f16-bb6a-017f97fa9e1f",
                    "af8774f6-659d-4b84-94d2-2546d4d7299a",
                    "958db256-d991-4944-8e45-b0bdd6509713"
                ],
                [
                    "b778f1e6-7d9e-47b5-94d8-f6216c9dd197",
                    "af8774f6-659d-4b84-94d2-2546d4d7299a",
                    "958db256-d991-4944-8e45-b0bdd6509713"
                ],
                [
                    "76c270ae-f52c-4c49-ad10-b89b54d9eeb6",
                    "af8774f6-659d-4b84-94d2-2546d4d7299a",
                    "958db256-d991-4944-8e45-b0bdd6509713"
                ],
                [
                    "6cde12bc-b392-44d7-9d0f-eccc7c589955",
                    "af8774f6-659d-4b84-94d2-2546d4d7299a",
                    "958db256-d991-4944-8e45-b0bdd6509713"
                ],
                [
                    "d57eb612-8e0a-4c38-b7d9-de9f62674a21",
                    "af8774f6-659d-4b84-94d2-2546d4d7299a",
                    "958db256-d991-4944-8e45-b0bdd6509713"
                ],
                [
                    "76a454e5-6736-4874-a55b-754871a9271d",
                    "af8774f6-659d-4b84-94d2-2546d4d7299a",
                    "958db256-d991-4944-8e45-b0bdd6509713"
                ],
                [
                    "57b63597-8fc2-4057-a850-c059c1911926",
                    "af8774f6-659d-4b84-94d2-2546d4d7299a",
                    "958db256-d991-4944-8e45-b0bdd6509713"
                ],
                [
                    "b613453a-cf88-498f-8fae-4f905d4ef7d2",
                    "af8774f6-659d-4b84-94d2-2546d4d7299a",
                    "958db256-d991-4944-8e45-b0bdd6509713"
                ],
                [
                    "35f716a9-682c-4110-822f-596425d297c3",
                    "af8774f6-659d-4b84-94d2-2546d4d7299a",
                    "958db256-d991-4944-8e45-b0bdd6509713"
                ],
                [
                    "b1d3ebf0-98a4-42d0-8981-8e30ceaa5dcd",
                    "af8774f6-659d-4b84-94d2-2546d4d7299a",
                    "958db256-d991-4944-8e45-b0bdd6509713"
                ],
                [
                    "7df76a31-9c07-4a9b-ac59-836ad06006cd",
                    "af8774f6-659d-4b84-94d2-2546d4d7299a",
                    "958db256-d991-4944-8e45-b0bdd6509713"
                ],
                [
                    "068c58e6-5a4e-4306-be57-fd5c4001d16f",
                    "af8774f6-659d-4b84-94d2-2546d4d7299a",
                    "958db256-d991-4944-8e45-b0bdd6509713"
                ],
                [
                    "3e1eb6cf-f12c-41f8-8f8e-c8f169cd0e01",
                    "af8774f6-659d-4b84-94d2-2546d4d7299a",
                    "958db256-d991-4944-8e45-b0bdd6509713"
                ],
                [
                    "9bfd3f25-446d-46b9-9f05-c7a3fe8af8b6",
                    "af8774f6-659d-4b84-94d2-2546d4d7299a",
                    "958db256-d991-4944-8e45-b0bdd6509713"
                ],
                [
                    "77de5b18-871d-455f-97c1-6cbf1a706111",
                    "af8774f6-659d-4b84-94d2-2546d4d7299a",
                    "958db256-d991-4944-8e45-b0bdd6509713"
                ],
                [
                    "6f0a848d-9bf5-4442-95f9-091d59e6240c",
                    "af8774f6-659d-4b84-94d2-2546d4d7299a",
                    "958db256-d991-4944-8e45-b0bdd6509713"
                ],
                [
                    "d6388cf5-9589-4973-b77c-36256d1e683d",
                    "af8774f6-659d-4b84-94d2-2546d4d7299a",
                    "958db256-d991-4944-8e45-b0bdd6509713"
                ],
                [
                    "b9784335-23de-48db-88c3-0f7fcb74078f",
                    "af8774f6-659d-4b84-94d2-2546d4d7299a",
                    "958db256-d991-4944-8e45-b0bdd6509713"
                ],
                [
                    "9b3291c6-6aad-4715-b660-45368e517f6a",
                    "af8774f6-659d-4b84-94d2-2546d4d7299a",
                    "958db256-d991-4944-8e45-b0bdd6509713"
                ],
                [
                    "b20de5d6-ac86-4b28-8981-3008cdd6c841",
                    "af8774f6-659d-4b84-94d2-2546d4d7299a",
                    "958db256-d991-4944-8e45-b0bdd6509713"
                ],
                [
                    "8d81316a-cb4e-449d-929c-9263e4c82e67",
                    "af8774f6-659d-4b84-94d2-2546d4d7299a",
                    "958db256-d991-4944-8e45-b0bdd6509713"
                ],
                [
                    "7d915f91-fab5-4b75-83c0-a774380044b7",
                    "af8774f6-659d-4b84-94d2-2546d4d7299a",
                    "958db256-d991-4944-8e45-b0bdd6509713"
                ],
                [
                    "f726d39f-9fd3-48b8-9023-a21d4768a123",
                    "af8774f6-659d-4b84-94d2-2546d4d7299a",
                    "958db256-d991-4944-8e45-b0bdd6509713"
                ],
                [
                    "e05aa29a-3152-4b00-aa68-5c4113b7c3c7",
                    "af8774f6-659d-4b84-94d2-2546d4d7299a",
                    "958db256-d991-4944-8e45-b0bdd6509713"
                ],
                [
                    "b17b7a01-4aba-44c7-aa2d-fbfbb2b3d142",
                    "af8774f6-659d-4b84-94d2-2546d4d7299a",
                    "958db256-d991-4944-8e45-b0bdd6509713"
                ],
                [
                    "c01e1dbf-b379-463c-b49b-5fbc0022b64e",
                    "af8774f6-659d-4b84-94d2-2546d4d7299a",
                    "958db256-d991-4944-8e45-b0bdd6509713"
                ],
                [
                    "c8ad6327-7178-4244-a7fa-6a1a38516cc1",
                    "af8774f6-659d-4b84-94d2-2546d4d7299a",
                    "958db256-d991-4944-8e45-b0bdd6509713"
                ],
                [
                    "14b70677-8993-4adf-9d00-1b93236c6308",
                    "af8774f6-659d-4b84-94d2-2546d4d7299a",
                    "958db256-d991-4944-8e45-b0bdd6509713"
                ],
                [
                    "b030819d-d3cb-4b87-bdb7-fef0970d4c1f",
                    "af8774f6-659d-4b84-94d2-2546d4d7299a",
                    "958db256-d991-4944-8e45-b0bdd6509713"
                ],
                [
                    "3f324ac8-fdb5-4fcc-90c6-28dfbe286776",
                    "af8774f6-659d-4b84-94d2-2546d4d7299a",
                    "958db256-d991-4944-8e45-b0bdd6509713"
                ],
                [
                    "2d8fe5b8-e371-46fd-8633-8b148585c9dc",
                    "af8774f6-659d-4b84-94d2-2546d4d7299a",
                    "958db256-d991-4944-8e45-b0bdd6509713"
                ],
                [
                    "74bca0c7-df59-4f29-a7fb-d1faf28bb245",
                    "af8774f6-659d-4b84-94d2-2546d4d7299a",
                    "958db256-d991-4944-8e45-b0bdd6509713"
                ],
                [
                    "5ad11bec-18c8-4635-8b14-b79f51f03db0",
                    "af8774f6-659d-4b84-94d2-2546d4d7299a",
                    "958db256-d991-4944-8e45-b0bdd6509713"
                ],
                [
                    "b0cc52f5-86db-4538-8c17-44f642e72127",
                    "af8774f6-659d-4b84-94d2-2546d4d7299a",
                    "958db256-d991-4944-8e45-b0bdd6509713"
                ],
                [
                    "d507f364-2bf5-4e54-b933-0cdae0e78fa2",
                    "af8774f6-659d-4b84-94d2-2546d4d7299a",
                    "958db256-d991-4944-8e45-b0bdd6509713"
                ],
                [
                    "441ea5d5-744b-43be-8720-6cba88d20890",
                    "af8774f6-659d-4b84-94d2-2546d4d7299a",
                    "958db256-d991-4944-8e45-b0bdd6509713"
                ],
                [
                    "2e67e85d-0dfa-4566-97c4-5e610918e40f",
                    "af8774f6-659d-4b84-94d2-2546d4d7299a",
                    "958db256-d991-4944-8e45-b0bdd6509713"
                ],
                [
                    "28e0b398-2172-49ae-a477-0bb797067a83",
                    "af8774f6-659d-4b84-94d2-2546d4d7299a",
                    "958db256-d991-4944-8e45-b0bdd6509713"
                ],
                [
                    "98e8ad72-4662-451b-a7b2-d89368063a52",
                    "af8774f6-659d-4b84-94d2-2546d4d7299a",
                    "958db256-d991-4944-8e45-b0bdd6509713"
                ],
                [
                    "2176102a-274c-42e4-82cc-6d970ebd3d71",
                    "af8774f6-659d-4b84-94d2-2546d4d7299a",
                    "958db256-d991-4944-8e45-b0bdd6509713"
                ],
                [
                    "1a0ed058-852c-475f-b21c-dd2b2a91f218",
                    "af8774f6-659d-4b84-94d2-2546d4d7299a",
                    "958db256-d991-4944-8e45-b0bdd6509713"
                ],
                [
                    "dda4c5c4-fee9-486c-9036-1e83a280d17d",
                    "af8774f6-659d-4b84-94d2-2546d4d7299a",
                    "958db256-d991-4944-8e45-b0bdd6509713"
                ],
                [
                    "f02a3ee7-ec89-48cc-b700-339aab981b8d",
                    "af8774f6-659d-4b84-94d2-2546d4d7299a",
                    "958db256-d991-4944-8e45-b0bdd6509713"
                ],
                [
                    "a78e87ba-1fd4-477a-8557-5b1cf5690535",
                    "af8774f6-659d-4b84-94d2-2546d4d7299a",
                    "958db256-d991-4944-8e45-b0bdd6509713"
                ],
                [
                    "cc1dbbb2-dec2-4094-adca-88097272adc2",
                    "af8774f6-659d-4b84-94d2-2546d4d7299a",
                    "958db256-d991-4944-8e45-b0bdd6509713"
                ],
                [
                    "3fc0ad26-8f44-452a-b993-d4a63f312d12",
                    "af8774f6-659d-4b84-94d2-2546d4d7299a",
                    "958db256-d991-4944-8e45-b0bdd6509713"
                ],
                [
                    "63fec612-71f9-4b63-a25c-a13b1942fab9",
                    "af8774f6-659d-4b84-94d2-2546d4d7299a",
                    "958db256-d991-4944-8e45-b0bdd6509713"
                ],
                [
                    "1eca8ee0-6e15-4d87-bf85-49a11dae1694",
                    "af8774f6-659d-4b84-94d2-2546d4d7299a",
                    "958db256-d991-4944-8e45-b0bdd6509713"
                ],
                [
                    "81d08b3a-874c-4020-afa1-f41d5de9134c",
                    "af8774f6-659d-4b84-94d2-2546d4d7299a",
                    "958db256-d991-4944-8e45-b0bdd6509713"
                ],
                [
                    "45960466-2d7e-47a7-b6bc-5831d76641ab",
                    "af8774f6-659d-4b84-94d2-2546d4d7299a",
                    "958db256-d991-4944-8e45-b0bdd6509713"
                ],
                [
                    "841bb55e-0cae-4317-b001-f9ac07729595",
                    "af8774f6-659d-4b84-94d2-2546d4d7299a",
                    "958db256-d991-4944-8e45-b0bdd6509713"
                ],
                [
                    "997baa86-57fd-4db8-a9e9-c865e00cb369",
                    "af8774f6-659d-4b84-94d2-2546d4d7299a",
                    "958db256-d991-4944-8e45-b0bdd6509713"
                ],
                [
                    "fe4dc936-aeae-47e9-926a-18efb272fbaf",
                    "af8774f6-659d-4b84-94d2-2546d4d7299a",
                    "958db256-d991-4944-8e45-b0bdd6509713"
                ],
                [
                    "45578d91-c313-43c3-aa73-5a166ae90126",
                    "af8774f6-659d-4b84-94d2-2546d4d7299a",
                    "958db256-d991-4944-8e45-b0bdd6509713"
                ],
                [
                    "6ddd9eb3-715d-4416-bc9e-4d49828406a7",
                    "af8774f6-659d-4b84-94d2-2546d4d7299a",
                    "958db256-d991-4944-8e45-b0bdd6509713"
                ],
                [
                    "8929c91e-b0d9-4ba4-8cc3-1032502e62dd",
                    "af8774f6-659d-4b84-94d2-2546d4d7299a",
                    "958db256-d991-4944-8e45-b0bdd6509713"
                ],
                [
                    "b5cfa87e-7144-4ab2-b2ef-2619d7520cb6",
                    "af8774f6-659d-4b84-94d2-2546d4d7299a",
                    "958db256-d991-4944-8e45-b0bdd6509713"
                ],
                [
                    "5abafceb-8dce-4182-8924-b2fbde67f14c",
                    "af8774f6-659d-4b84-94d2-2546d4d7299a",
                    "958db256-d991-4944-8e45-b0bdd6509713"
                ],
                [
                    "da558624-0bc9-403b-9790-facabf00816b",
                    "af8774f6-659d-4b84-94d2-2546d4d7299a",
                    "958db256-d991-4944-8e45-b0bdd6509713"
                ],
                [
                    "fa064508-ce6e-493e-a053-faf5eecbe8c6",
                    "af8774f6-659d-4b84-94d2-2546d4d7299a",
                    "958db256-d991-4944-8e45-b0bdd6509713"
                ],
                [
                    "0bc7cbb4-9fcc-4534-97f6-9ff412e80756",
                    "af8774f6-659d-4b84-94d2-2546d4d7299a",
                    "958db256-d991-4944-8e45-b0bdd6509713"
                ],
                [
                    "fd9c253a-f376-4c5f-aebf-b983ef267cac",
                    "af8774f6-659d-4b84-94d2-2546d4d7299a",
                    "958db256-d991-4944-8e45-b0bdd6509713"
                ],
                [
                    "cf0d3e8a-16a8-45fd-a316-559eb4260757",
                    "af8774f6-659d-4b84-94d2-2546d4d7299a",
                    "958db256-d991-4944-8e45-b0bdd6509713"
                ],
                [
                    "50ca0b97-bea6-439d-9c58-3a5f5da85ebd",
                    "af8774f6-659d-4b84-94d2-2546d4d7299a",
                    "958db256-d991-4944-8e45-b0bdd6509713"
                ],
                [
                    "0c1397e0-a7ae-4831-b451-789beaea8170",
                    "af8774f6-659d-4b84-94d2-2546d4d7299a",
                    "958db256-d991-4944-8e45-b0bdd6509713"
                ],
                [
                    "868b39a6-825b-4b26-89c5-b3eab9c2ad7c",
                    "af8774f6-659d-4b84-94d2-2546d4d7299a",
                    "958db256-d991-4944-8e45-b0bdd6509713"
                ],
                [
                    "aedf31fb-94e4-4b5c-ab45-7628ed68d179",
                    "af8774f6-659d-4b84-94d2-2546d4d7299a",
                    "958db256-d991-4944-8e45-b0bdd6509713"
                ],
                [
                    "b7a63291-5895-4afe-8ce4-c5dd99414494",
                    "af8774f6-659d-4b84-94d2-2546d4d7299a",
                    "958db256-d991-4944-8e45-b0bdd6509713"
                ],
                [
                    "9319422e-5c79-432b-844f-b685b9e178ad",
                    "af8774f6-659d-4b84-94d2-2546d4d7299a",
                    "958db256-d991-4944-8e45-b0bdd6509713"
                ],
                [
                    "24bb5ccd-7a56-4279-af8d-29c970b73d0b",
                    "af8774f6-659d-4b84-94d2-2546d4d7299a",
                    "958db256-d991-4944-8e45-b0bdd6509713"
                ],
                [
                    "a2a8a408-2435-4d20-8013-6393039d0c66",
                    "af8774f6-659d-4b84-94d2-2546d4d7299a",
                    "958db256-d991-4944-8e45-b0bdd6509713"
                ],
                [
                    "bfecfb7b-5eb2-4b62-929d-bfa60293927f",
                    "af8774f6-659d-4b84-94d2-2546d4d7299a",
                    "958db256-d991-4944-8e45-b0bdd6509713"
                ],
                [
                    "85962f4b-6065-4582-a7a5-de759dea6e48",
                    "af8774f6-659d-4b84-94d2-2546d4d7299a",
                    "958db256-d991-4944-8e45-b0bdd6509713"
                ],
                [
                    "1b3531c8-6158-4067-ae0e-552db20d0165",
                    "af8774f6-659d-4b84-94d2-2546d4d7299a",
                    "958db256-d991-4944-8e45-b0bdd6509713"
                ],
                [
                    "7ef1b6c2-2697-4fe1-afd8-470b732764e9",
                    "af8774f6-659d-4b84-94d2-2546d4d7299a",
                    "958db256-d991-4944-8e45-b0bdd6509713"
                ],
                [
                    "c0740233-9da1-4b6e-ba06-e3c7e89d4cbc",
                    "af8774f6-659d-4b84-94d2-2546d4d7299a",
                    "958db256-d991-4944-8e45-b0bdd6509713"
                ],
                [
                    "e4e8dda1-d2b1-4254-99f5-bfe0bd5b851b",
                    "af8774f6-659d-4b84-94d2-2546d4d7299a",
                    "958db256-d991-4944-8e45-b0bdd6509713"
                ],
                [
                    "29a97165-fce7-4c4e-a41f-3fad7355e9e7",
                    "af8774f6-659d-4b84-94d2-2546d4d7299a",
                    "958db256-d991-4944-8e45-b0bdd6509713"
                ],
                [
                    "41cf76e8-35c8-4ed7-b3a5-851a556004d4",
                    "af8774f6-659d-4b84-94d2-2546d4d7299a",
                    "958db256-d991-4944-8e45-b0bdd6509713"
                ],
                [
                    "6210d276-b433-4be9-9072-a35d10dca946",
                    "af8774f6-659d-4b84-94d2-2546d4d7299a",
                    "958db256-d991-4944-8e45-b0bdd6509713"
                ],
                [
                    "348e2aeb-c0a0-4d6f-bbd5-fa911cd02393",
                    "af8774f6-659d-4b84-94d2-2546d4d7299a",
                    "958db256-d991-4944-8e45-b0bdd6509713"
                ],
                [
                    "9bc04a14-48c3-4cc5-bc51-195724d8b30a",
                    "af8774f6-659d-4b84-94d2-2546d4d7299a",
                    "958db256-d991-4944-8e45-b0bdd6509713"
                ],
                [
                    "6458a2e4-24f2-4b1d-aa45-522633f28395",
                    "af8774f6-659d-4b84-94d2-2546d4d7299a",
                    "958db256-d991-4944-8e45-b0bdd6509713"
                ],
                [
                    "23d1ea4d-43c7-449f-a858-1529694e4133",
                    "af8774f6-659d-4b84-94d2-2546d4d7299a",
                    "958db256-d991-4944-8e45-b0bdd6509713"
                ],
                [
                    "7c3932a9-9390-4919-8f89-1ff6005c52b5",
                    "af8774f6-659d-4b84-94d2-2546d4d7299a",
                    "958db256-d991-4944-8e45-b0bdd6509713"
                ],
                [
                    "4d301025-bf10-4ca8-b70d-0f2e04bd436b",
                    "af8774f6-659d-4b84-94d2-2546d4d7299a",
                    "958db256-d991-4944-8e45-b0bdd6509713"
                ],
                [
                    "f576a798-4e8e-4c62-b8b9-03d010d33076",
                    "af8774f6-659d-4b84-94d2-2546d4d7299a",
                    "958db256-d991-4944-8e45-b0bdd6509713"
                ],
                [
                    "8eefb85f-1970-4f8e-9708-866bf366c36d",
                    "af8774f6-659d-4b84-94d2-2546d4d7299a",
                    "958db256-d991-4944-8e45-b0bdd6509713"
                ],
                [
                    "34c2e863-19df-45b4-b9e9-0bdf16d3f28e",
                    "af8774f6-659d-4b84-94d2-2546d4d7299a",
                    "958db256-d991-4944-8e45-b0bdd6509713"
                ],
                [
                    "05503525-76c0-424a-9a29-78e68c002c09",
                    "af8774f6-659d-4b84-94d2-2546d4d7299a",
                    "958db256-d991-4944-8e45-b0bdd6509713"
                ],
                [
                    "96eeee71-c53b-4594-b61a-4ceccb6069d4",
                    "af8774f6-659d-4b84-94d2-2546d4d7299a",
                    "958db256-d991-4944-8e45-b0bdd6509713"
                ],
                [
                    "55665a51-9268-40a2-a28a-7ee5a6c27f5a",
                    "af8774f6-659d-4b84-94d2-2546d4d7299a",
                    "958db256-d991-4944-8e45-b0bdd6509713"
                ],
                [
                    "d8fbd4ec-4201-47ed-9602-a0dc2e72d744",
                    "af8774f6-659d-4b84-94d2-2546d4d7299a",
                    "958db256-d991-4944-8e45-b0bdd6509713"
                ],
                [
                    "50470efc-397f-4783-b6a3-f812cbd20b46",
                    "af8774f6-659d-4b84-94d2-2546d4d7299a",
                    "958db256-d991-4944-8e45-b0bdd6509713"
                ],
                [
                    "4120b6f5-569d-4752-8d3d-2cddcadb2339",
                    "af8774f6-659d-4b84-94d2-2546d4d7299a",
                    "958db256-d991-4944-8e45-b0bdd6509713"
                ],
                [
                    "1c169b1c-4e91-456d-ad09-a63f414b28d0",
                    "af8774f6-659d-4b84-94d2-2546d4d7299a",
                    "958db256-d991-4944-8e45-b0bdd6509713"
                ],
                [
                    "b752ef72-08c9-4924-95b1-ebde9594416c",
                    "af8774f6-659d-4b84-94d2-2546d4d7299a",
                    "958db256-d991-4944-8e45-b0bdd6509713"
                ],
                [
                    "a86e9e10-1895-4293-a49a-bc526ce9fa78",
                    "af8774f6-659d-4b84-94d2-2546d4d7299a",
                    "958db256-d991-4944-8e45-b0bdd6509713"
                ],
                [
                    "60dcd8d4-65f7-4737-ad6d-6416f2999e68",
                    "af8774f6-659d-4b84-94d2-2546d4d7299a",
                    "958db256-d991-4944-8e45-b0bdd6509713"
                ],
                [
                    "db69cb00-0d87-4a1d-91fd-3184d8e0917b",
                    "af8774f6-659d-4b84-94d2-2546d4d7299a",
                    "958db256-d991-4944-8e45-b0bdd6509713"
                ],
                [
                    "08b49cb2-72e0-4d60-9fb4-ea16081ccff5",
                    "af8774f6-659d-4b84-94d2-2546d4d7299a",
                    "958db256-d991-4944-8e45-b0bdd6509713"
                ],
                [
                    "69a9aade-81c1-433a-86c6-576e482e4105",
                    "af8774f6-659d-4b84-94d2-2546d4d7299a",
                    "958db256-d991-4944-8e45-b0bdd6509713"
                ],
                [
                    "10b55fc3-b03b-439c-be54-69c363ae2fbc",
                    "af8774f6-659d-4b84-94d2-2546d4d7299a",
                    "958db256-d991-4944-8e45-b0bdd6509713"
                ],
                [
                    "d5af2b7e-7ba9-4002-b125-20b06a4f6fee",
                    "af8774f6-659d-4b84-94d2-2546d4d7299a",
                    "958db256-d991-4944-8e45-b0bdd6509713"
                ],
                [
                    "4408d0a2-c2b7-4216-a89d-6f03aff96e33",
                    "af8774f6-659d-4b84-94d2-2546d4d7299a",
                    "958db256-d991-4944-8e45-b0bdd6509713"
                ],
                [
                    "0ae40729-fd74-4a7f-b87f-33aa1f07d732",
                    "af8774f6-659d-4b84-94d2-2546d4d7299a",
                    "958db256-d991-4944-8e45-b0bdd6509713"
                ],
                [
                    "e56e8e44-b6ee-4497-92d5-4159181538b5",
                    "af8774f6-659d-4b84-94d2-2546d4d7299a",
                    "958db256-d991-4944-8e45-b0bdd6509713"
                ],
                [
                    "e9268b1b-2cf0-42e1-8e69-83284b694c2c",
                    "af8774f6-659d-4b84-94d2-2546d4d7299a",
                    "958db256-d991-4944-8e45-b0bdd6509713"
                ],
                [
                    "ee85b8e0-2345-4981-8ea6-e12d6f2d564b",
                    "af8774f6-659d-4b84-94d2-2546d4d7299a",
                    "958db256-d991-4944-8e45-b0bdd6509713"
                ],
                [
                    "6175c3bd-a11d-4da7-819e-597715ecd8fa",
                    "af8774f6-659d-4b84-94d2-2546d4d7299a",
                    "958db256-d991-4944-8e45-b0bdd6509713"
                ],
                [
                    "a58dd48a-e713-4310-828e-d259fd0f6d8a",
                    "af8774f6-659d-4b84-94d2-2546d4d7299a",
                    "958db256-d991-4944-8e45-b0bdd6509713"
                ],
                [
                    "f441a988-7427-4bf9-a5d5-948d9f6a633d",
                    "af8774f6-659d-4b84-94d2-2546d4d7299a",
                    "958db256-d991-4944-8e45-b0bdd6509713"
                ],
                [
                    "38215205-b6f9-42be-818b-05d8542417cf",
                    "af8774f6-659d-4b84-94d2-2546d4d7299a",
                    "958db256-d991-4944-8e45-b0bdd6509713"
                ],
                [
                    "b877a448-7cb0-4f53-b9b8-649b8805071b",
                    "af8774f6-659d-4b84-94d2-2546d4d7299a",
                    "958db256-d991-4944-8e45-b0bdd6509713"
                ],
                [
                    "b600bc35-ab6a-4805-b577-ccab310a13fb",
                    "af8774f6-659d-4b84-94d2-2546d4d7299a",
                    "958db256-d991-4944-8e45-b0bdd6509713"
                ],
                [
                    "c031e816-31cd-4fed-be64-d9f35af7c2d6",
                    "af8774f6-659d-4b84-94d2-2546d4d7299a",
                    "958db256-d991-4944-8e45-b0bdd6509713"
                ],
                [
                    "1a71bb3c-aae6-402d-9a88-6c7a534fdba3",
                    "af8774f6-659d-4b84-94d2-2546d4d7299a",
                    "958db256-d991-4944-8e45-b0bdd6509713"
                ],
                [
                    "461ce4eb-633e-47ef-b3c1-bedd6dff41c2",
                    "af8774f6-659d-4b84-94d2-2546d4d7299a",
                    "958db256-d991-4944-8e45-b0bdd6509713"
                ],
                [
                    "930d2f3c-0b56-4ddf-95d4-b42b3d7f204f",
                    "af8774f6-659d-4b84-94d2-2546d4d7299a",
                    "958db256-d991-4944-8e45-b0bdd6509713"
                ],
                [
                    "b9b7f078-e4a3-4782-a4d1-c14cb4be465a",
                    "af8774f6-659d-4b84-94d2-2546d4d7299a",
                    "958db256-d991-4944-8e45-b0bdd6509713"
                ],
                [
                    "d2204f03-00ea-4848-b0a9-d95936c488f4",
                    "af8774f6-659d-4b84-94d2-2546d4d7299a",
                    "958db256-d991-4944-8e45-b0bdd6509713"
                ],
                [
                    "4119176a-48c1-42eb-82e0-14b6f4902b90",
                    "af8774f6-659d-4b84-94d2-2546d4d7299a",
                    "958db256-d991-4944-8e45-b0bdd6509713"
                ],
                [
                    "0db0cde7-1718-4942-8d1a-f9c851b29525",
                    "af8774f6-659d-4b84-94d2-2546d4d7299a",
                    "958db256-d991-4944-8e45-b0bdd6509713"
                ],
                [
                    "9033cdb2-6546-491f-9c73-b440893d6281",
                    "af8774f6-659d-4b84-94d2-2546d4d7299a",
                    "958db256-d991-4944-8e45-b0bdd6509713"
                ],
                [
                    "1a9adea0-7d29-4a1b-979f-95d09d6d48d0",
                    "af8774f6-659d-4b84-94d2-2546d4d7299a",
                    "958db256-d991-4944-8e45-b0bdd6509713"
                ],
                [
                    "f2caad63-eeda-4fc7-b7ff-041efb73b01e",
                    "af8774f6-659d-4b84-94d2-2546d4d7299a",
                    "958db256-d991-4944-8e45-b0bdd6509713"
                ],
                [
                    "35036290-30ac-4623-97c8-2d3d18e0685f",
                    "af8774f6-659d-4b84-94d2-2546d4d7299a",
                    "958db256-d991-4944-8e45-b0bdd6509713"
                ],
                [
                    "8fcdbb1a-d2c5-47d3-ae02-574cb9ecee93",
                    "af8774f6-659d-4b84-94d2-2546d4d7299a",
                    "958db256-d991-4944-8e45-b0bdd6509713"
                ],
                [
                    "85f9fc58-e09b-4c14-9873-42ce0a19d5c8",
                    "af8774f6-659d-4b84-94d2-2546d4d7299a",
                    "958db256-d991-4944-8e45-b0bdd6509713"
                ],
                [
                    "0e3511b3-30e7-4325-ac63-9f6630aeab31",
                    "af8774f6-659d-4b84-94d2-2546d4d7299a",
                    "958db256-d991-4944-8e45-b0bdd6509713"
                ],
                [
                    "7a3d4b82-4ee6-4086-ba44-5ac06c736e92",
                    "af8774f6-659d-4b84-94d2-2546d4d7299a",
                    "958db256-d991-4944-8e45-b0bdd6509713"
                ],
                [
                    "4c0aeba3-8305-42aa-9841-68f409a1844c",
                    "af8774f6-659d-4b84-94d2-2546d4d7299a",
                    "958db256-d991-4944-8e45-b0bdd6509713"
                ],
                [
                    "75084fe4-4a35-4d58-adc5-0cc3752374db",
                    "af8774f6-659d-4b84-94d2-2546d4d7299a",
                    "958db256-d991-4944-8e45-b0bdd6509713"
                ],
                [
                    "e9ee5c84-1991-49dd-b5c7-4152eea6a13e",
                    "af8774f6-659d-4b84-94d2-2546d4d7299a",
                    "958db256-d991-4944-8e45-b0bdd6509713"
                ],
                [
                    "37845ea2-3a9d-4fd7-a312-ee77128045dc",
                    "af8774f6-659d-4b84-94d2-2546d4d7299a",
                    "958db256-d991-4944-8e45-b0bdd6509713"
                ],
                [
                    "df31298b-cc19-4a6d-a8f5-19fa1232e73b",
                    "af8774f6-659d-4b84-94d2-2546d4d7299a",
                    "958db256-d991-4944-8e45-b0bdd6509713"
                ],
                [
                    "ff6743be-71d0-4c6d-8753-c12e858ca7f6",
                    "af8774f6-659d-4b84-94d2-2546d4d7299a",
                    "958db256-d991-4944-8e45-b0bdd6509713"
                ],
                [
                    "a6d3e1d3-821d-46ee-9567-63fe5680dafe",
                    "af8774f6-659d-4b84-94d2-2546d4d7299a",
                    "958db256-d991-4944-8e45-b0bdd6509713"
                ],
                [
                    "e49cbe53-80ec-4fd9-94b5-2f809eaa702b",
                    "af8774f6-659d-4b84-94d2-2546d4d7299a",
                    "958db256-d991-4944-8e45-b0bdd6509713"
                ],
                [
                    "4a7731ec-c227-4a2f-bc80-5864e756d6de",
                    "af8774f6-659d-4b84-94d2-2546d4d7299a",
                    "958db256-d991-4944-8e45-b0bdd6509713"
                ],
                [
                    "1e66adf0-5658-49cc-a9c8-bd64dd5f747e",
                    "af8774f6-659d-4b84-94d2-2546d4d7299a",
                    "958db256-d991-4944-8e45-b0bdd6509713"
                ],
                [
                    "7ae2cad3-7a36-4edb-b747-217620022f09",
                    "af8774f6-659d-4b84-94d2-2546d4d7299a",
                    "958db256-d991-4944-8e45-b0bdd6509713"
                ],
                [
                    "6602c975-e0f4-4f06-9396-5fae508ff2b6",
                    "af8774f6-659d-4b84-94d2-2546d4d7299a",
                    "958db256-d991-4944-8e45-b0bdd6509713"
                ],
                [
                    "a7d97a12-458d-41b3-a8c7-a8b8ee3b937f",
                    "af8774f6-659d-4b84-94d2-2546d4d7299a",
                    "958db256-d991-4944-8e45-b0bdd6509713"
                ],
                [
                    "492d3039-6f19-4648-9d86-9ee43aea4368",
                    "af8774f6-659d-4b84-94d2-2546d4d7299a",
                    "958db256-d991-4944-8e45-b0bdd6509713"
                ],
                [
                    "1d91a5fc-6751-4942-8538-07832d2d8476",
                    "af8774f6-659d-4b84-94d2-2546d4d7299a",
                    "958db256-d991-4944-8e45-b0bdd6509713"
                ],
                [
                    "1edbacd5-ed10-4cdc-a1ce-369087128b4e",
                    "af8774f6-659d-4b84-94d2-2546d4d7299a",
                    "958db256-d991-4944-8e45-b0bdd6509713"
                ],
                [
                    "85a1a4dd-796f-44c2-8bfb-91169d172d75",
                    "af8774f6-659d-4b84-94d2-2546d4d7299a",
                    "958db256-d991-4944-8e45-b0bdd6509713"
                ],
                [
                    "ab1ffae8-20b1-4ece-a721-212aa913c88c",
                    "af8774f6-659d-4b84-94d2-2546d4d7299a",
                    "958db256-d991-4944-8e45-b0bdd6509713"
                ],
                [
                    "0f749a16-4b7b-4349-bee0-7f6554b3c36a",
                    "af8774f6-659d-4b84-94d2-2546d4d7299a",
                    "958db256-d991-4944-8e45-b0bdd6509713"
                ],
                [
                    "2a792304-d7c8-446d-ae98-94379db8683e",
                    "af8774f6-659d-4b84-94d2-2546d4d7299a",
                    "958db256-d991-4944-8e45-b0bdd6509713"
                ],
                [
                    "85db3744-de46-4502-b37e-4cc81779468b",
                    "af8774f6-659d-4b84-94d2-2546d4d7299a",
                    "958db256-d991-4944-8e45-b0bdd6509713"
                ],
                [
                    "f772d949-aaf9-4168-a275-4fd94851a973",
                    "af8774f6-659d-4b84-94d2-2546d4d7299a",
                    "958db256-d991-4944-8e45-b0bdd6509713"
                ],
                [
                    "901ef695-4da8-4c46-9f4d-3eecfe24ced7",
                    "af8774f6-659d-4b84-94d2-2546d4d7299a",
                    "958db256-d991-4944-8e45-b0bdd6509713"
                ],
                [
                    "e40ec496-607e-4411-a358-7472d426a5e7",
                    "af8774f6-659d-4b84-94d2-2546d4d7299a",
                    "958db256-d991-4944-8e45-b0bdd6509713"
                ],
                [
                    "f0d7ee44-bef8-4f19-880f-41b4291fe385",
                    "af8774f6-659d-4b84-94d2-2546d4d7299a",
                    "958db256-d991-4944-8e45-b0bdd6509713"
                ],
                [
                    "f3b8f10f-fe17-497e-b878-c00fd51a7944",
                    "af8774f6-659d-4b84-94d2-2546d4d7299a",
                    "958db256-d991-4944-8e45-b0bdd6509713"
                ],
                [
                    "e829fc93-2fab-40f6-81a0-885f4ff04c95",
                    "af8774f6-659d-4b84-94d2-2546d4d7299a",
                    "958db256-d991-4944-8e45-b0bdd6509713"
                ],
                [
                    "c9233084-d567-488c-88a1-2d321092edb6",
                    "af8774f6-659d-4b84-94d2-2546d4d7299a",
                    "958db256-d991-4944-8e45-b0bdd6509713"
                ],
                [
                    "0735d585-6c04-4adc-ad8f-91637c94176f",
                    "af8774f6-659d-4b84-94d2-2546d4d7299a",
                    "958db256-d991-4944-8e45-b0bdd6509713"
                ],
                [
                    "5a4959c0-8130-4ce4-a83b-23ae18fc1b19",
                    "af8774f6-659d-4b84-94d2-2546d4d7299a",
                    "958db256-d991-4944-8e45-b0bdd6509713"
                ],
                [
                    "095fbe9d-6200-479e-a262-d1a4bba160c9",
                    "af8774f6-659d-4b84-94d2-2546d4d7299a",
                    "958db256-d991-4944-8e45-b0bdd6509713"
                ],
                [
                    "0244d3ec-876f-4e64-af2f-80d4873bc74c",
                    "af8774f6-659d-4b84-94d2-2546d4d7299a",
                    "958db256-d991-4944-8e45-b0bdd6509713"
                ],
                [
                    "4afb15fa-6b40-45aa-9e9e-8a6003a5e34e",
                    "af8774f6-659d-4b84-94d2-2546d4d7299a",
                    "958db256-d991-4944-8e45-b0bdd6509713"
                ],
                [
                    "014033cd-8f41-4b84-853b-e73bb58a6621",
                    "af8774f6-659d-4b84-94d2-2546d4d7299a",
                    "958db256-d991-4944-8e45-b0bdd6509713"
                ],
                [
                    "4e5ca3b8-e070-4a70-895c-b763eb5fe7d3",
                    "af8774f6-659d-4b84-94d2-2546d4d7299a",
                    "958db256-d991-4944-8e45-b0bdd6509713"
                ],
                [
                    "78cf6792-2e3a-40f0-8b1c-fe1f27ed0bd5",
                    "af8774f6-659d-4b84-94d2-2546d4d7299a",
                    "958db256-d991-4944-8e45-b0bdd6509713"
                ],
                [
                    "cc8d9dd3-d510-4a10-b790-42916a602028",
                    "af8774f6-659d-4b84-94d2-2546d4d7299a",
                    "958db256-d991-4944-8e45-b0bdd6509713"
                ],
                [
                    "6feba9ef-2931-4df6-96f4-207de9702ecf",
                    "af8774f6-659d-4b84-94d2-2546d4d7299a",
                    "958db256-d991-4944-8e45-b0bdd6509713"
                ],
                [
                    "fb2fd130-e4b6-4d7d-ad8e-7c6d97aea714",
                    "af8774f6-659d-4b84-94d2-2546d4d7299a",
                    "958db256-d991-4944-8e45-b0bdd6509713"
                ],
                [
                    "bf17a937-a113-4148-916c-72388000b760",
                    "af8774f6-659d-4b84-94d2-2546d4d7299a",
                    "958db256-d991-4944-8e45-b0bdd6509713"
                ],
                [
                    "1a53ab4b-1adc-4109-9d0e-bdc5c03ea185",
                    "af8774f6-659d-4b84-94d2-2546d4d7299a",
                    "958db256-d991-4944-8e45-b0bdd6509713"
                ],
                [
                    "a33f4e75-3be7-4eb2-afa6-c9c8e116d56b",
                    "af8774f6-659d-4b84-94d2-2546d4d7299a",
                    "958db256-d991-4944-8e45-b0bdd6509713"
                ],
                [
                    "ba071a70-d87c-4bf2-b163-0afaf3315e7b",
                    "af8774f6-659d-4b84-94d2-2546d4d7299a",
                    "958db256-d991-4944-8e45-b0bdd6509713"
                ],
                [
                    "2098879a-2723-47a3-9385-6fceab8afa32",
                    "af8774f6-659d-4b84-94d2-2546d4d7299a",
                    "958db256-d991-4944-8e45-b0bdd6509713"
                ],
                [
                    "a1173a8d-7a3c-4ba5-a0c6-56c51afb1cdb",
                    "af8774f6-659d-4b84-94d2-2546d4d7299a",
                    "958db256-d991-4944-8e45-b0bdd6509713"
                ],
                [
                    "88c363af-7654-4dea-b862-d0be02f026a8",
                    "af8774f6-659d-4b84-94d2-2546d4d7299a",
                    "958db256-d991-4944-8e45-b0bdd6509713"
                ],
                [
                    "57b0f00c-349f-4a8c-a872-7f9c1fa77853",
                    "af8774f6-659d-4b84-94d2-2546d4d7299a",
                    "958db256-d991-4944-8e45-b0bdd6509713"
                ],
                [
                    "8953e254-c98a-4bc1-9c5d-d6d1d7d09338",
                    "af8774f6-659d-4b84-94d2-2546d4d7299a",
                    "958db256-d991-4944-8e45-b0bdd6509713"
                ],
                [
                    "06f2d8b4-50c8-4aab-8262-99e8325ee6c7",
                    "af8774f6-659d-4b84-94d2-2546d4d7299a",
                    "958db256-d991-4944-8e45-b0bdd6509713"
                ],
                [
                    "51126f18-e139-4923-907b-e6d3ea764430",
                    "af8774f6-659d-4b84-94d2-2546d4d7299a",
                    "958db256-d991-4944-8e45-b0bdd6509713"
                ],
                [
                    "3a415558-54c4-4701-9d5e-cca2a11dfef3",
                    "af8774f6-659d-4b84-94d2-2546d4d7299a",
                    "958db256-d991-4944-8e45-b0bdd6509713"
                ],
                [
                    "3e3d04a3-01c0-455f-a42a-ccb93d35618d",
                    "af8774f6-659d-4b84-94d2-2546d4d7299a",
                    "958db256-d991-4944-8e45-b0bdd6509713"
                ],
                [
                    "a1929112-acd6-43fa-8068-d4c97b334f37",
                    "af8774f6-659d-4b84-94d2-2546d4d7299a",
                    "958db256-d991-4944-8e45-b0bdd6509713"
                ],
                [
                    "38d9c774-9d1a-4ac4-9057-b5d4471ff00a",
                    "af8774f6-659d-4b84-94d2-2546d4d7299a",
                    "958db256-d991-4944-8e45-b0bdd6509713"
                ],
                [
                    "8d721f4e-58de-4572-97a8-fd4d86021ee1",
                    "af8774f6-659d-4b84-94d2-2546d4d7299a",
                    "958db256-d991-4944-8e45-b0bdd6509713"
                ],
                [
                    "a0b7a5d0-a580-4fe0-8bdb-99dd779671ec",
                    "af8774f6-659d-4b84-94d2-2546d4d7299a",
                    "958db256-d991-4944-8e45-b0bdd6509713"
                ],
                [
                    "4d5a6d2f-23fa-4956-a2d6-a6ab0c966905",
                    "af8774f6-659d-4b84-94d2-2546d4d7299a",
                    "958db256-d991-4944-8e45-b0bdd6509713"
                ],
                [
                    "e8ec3023-e254-4e8e-a422-cad1744cba5d",
                    "af8774f6-659d-4b84-94d2-2546d4d7299a",
                    "958db256-d991-4944-8e45-b0bdd6509713"
                ],
                [
                    "bf549654-03a8-49bf-b242-f10a46f29b7d",
                    "af8774f6-659d-4b84-94d2-2546d4d7299a",
                    "958db256-d991-4944-8e45-b0bdd6509713"
                ],
                [
                    "d76ed3ef-e726-45db-889f-d2e8ee634733",
                    "af8774f6-659d-4b84-94d2-2546d4d7299a",
                    "958db256-d991-4944-8e45-b0bdd6509713"
                ],
                [
                    "d11b642d-7b37-4371-bbd6-a073d4cb6589",
                    "af8774f6-659d-4b84-94d2-2546d4d7299a",
                    "958db256-d991-4944-8e45-b0bdd6509713"
                ],
                [
                    "3ec1ef91-4abe-401c-a67a-c6a796ca83ee",
                    "af8774f6-659d-4b84-94d2-2546d4d7299a",
                    "958db256-d991-4944-8e45-b0bdd6509713"
                ],
                [
                    "37fda6cf-7b91-4b89-934a-7a36a9683dff",
                    "af8774f6-659d-4b84-94d2-2546d4d7299a",
                    "958db256-d991-4944-8e45-b0bdd6509713"
                ],
                [
                    "494c4db6-7f00-44ee-a3cb-79aa8877d71f",
                    "af8774f6-659d-4b84-94d2-2546d4d7299a",
                    "958db256-d991-4944-8e45-b0bdd6509713"
                ],
                [
                    "771e4267-76b3-4355-8441-770337dbb626",
                    "af8774f6-659d-4b84-94d2-2546d4d7299a",
                    "958db256-d991-4944-8e45-b0bdd6509713"
                ],
                [
                    "7a7a350b-6b97-44a8-b170-8b12cc787e12",
                    "af8774f6-659d-4b84-94d2-2546d4d7299a",
                    "958db256-d991-4944-8e45-b0bdd6509713"
                ],
                [
                    "875147e5-fcf8-407c-aa9e-20d14e5fd72d",
                    "af8774f6-659d-4b84-94d2-2546d4d7299a",
                    "958db256-d991-4944-8e45-b0bdd6509713"
                ],
                [
                    "4555ffab-27ec-450e-9a3b-a4926367b09d",
                    "af8774f6-659d-4b84-94d2-2546d4d7299a",
                    "958db256-d991-4944-8e45-b0bdd6509713"
                ],
                [
                    "ddc6e6ae-d79b-4430-aa9e-73365cbbbb64",
                    "af8774f6-659d-4b84-94d2-2546d4d7299a",
                    "958db256-d991-4944-8e45-b0bdd6509713"
                ],
                [
                    "4cbcc33f-ff15-4a3c-bcee-b7afad3eed25",
                    "af8774f6-659d-4b84-94d2-2546d4d7299a",
                    "958db256-d991-4944-8e45-b0bdd6509713"
                ],
                [
                    "54df2478-08ef-4779-ad88-4557ff690257",
                    "af8774f6-659d-4b84-94d2-2546d4d7299a",
                    "958db256-d991-4944-8e45-b0bdd6509713"
                ],
                [
                    "d41fcc63-b186-4258-b7f6-09040dceea98",
                    "af8774f6-659d-4b84-94d2-2546d4d7299a",
                    "958db256-d991-4944-8e45-b0bdd6509713"
                ],
                [
                    "8451d2bd-b75d-4b25-aea4-d8ff753ea4cc",
                    "af8774f6-659d-4b84-94d2-2546d4d7299a",
                    "958db256-d991-4944-8e45-b0bdd6509713"
                ],
                [
                    "51e3ba0f-87a5-4f9d-b0ee-3a4fe08f22af",
                    "af8774f6-659d-4b84-94d2-2546d4d7299a",
                    "958db256-d991-4944-8e45-b0bdd6509713"
                ],
                [
                    "d29ad210-b885-465e-8240-f113604ebb3e",
                    "af8774f6-659d-4b84-94d2-2546d4d7299a",
                    "958db256-d991-4944-8e45-b0bdd6509713"
                ],
                [
                    "35bbc57f-fce2-46f8-8222-65e5a5c95575",
                    "af8774f6-659d-4b84-94d2-2546d4d7299a",
                    "958db256-d991-4944-8e45-b0bdd6509713"
                ],
                [
                    "11db70b7-a938-489f-b0f1-74bf26e835ff",
                    "af8774f6-659d-4b84-94d2-2546d4d7299a",
                    "958db256-d991-4944-8e45-b0bdd6509713"
                ],
                [
                    "d8d1dbf3-e80a-4e3f-8fa7-02f6ab95855c",
                    "af8774f6-659d-4b84-94d2-2546d4d7299a",
                    "958db256-d991-4944-8e45-b0bdd6509713"
                ],
                [
                    "7fe881c9-13df-43a0-a2cd-d77d3a418a09",
                    "af8774f6-659d-4b84-94d2-2546d4d7299a",
                    "958db256-d991-4944-8e45-b0bdd6509713"
                ],
                [
                    "84d862fb-4e5b-44d3-bb03-ea6b430b3a13",
                    "af8774f6-659d-4b84-94d2-2546d4d7299a",
                    "958db256-d991-4944-8e45-b0bdd6509713"
                ],
                [
                    "4eef0477-8d6d-4c68-9c7c-be4b0744a1d7",
                    "af8774f6-659d-4b84-94d2-2546d4d7299a",
                    "958db256-d991-4944-8e45-b0bdd6509713"
                ],
                [
                    "735e27f6-a0da-487f-8810-b3349f91e646",
                    "af8774f6-659d-4b84-94d2-2546d4d7299a",
                    "958db256-d991-4944-8e45-b0bdd6509713"
                ],
                [
                    "7202ccc0-7573-425f-97fa-445dcbfc38c2",
                    "af8774f6-659d-4b84-94d2-2546d4d7299a",
                    "958db256-d991-4944-8e45-b0bdd6509713"
                ],
                [
                    "a2148755-2043-479a-9c93-c6f18e0b3acb",
                    "af8774f6-659d-4b84-94d2-2546d4d7299a",
                    "958db256-d991-4944-8e45-b0bdd6509713"
                ],
                [
                    "013ea886-c489-4327-973b-6ac36eec85a0",
                    "af8774f6-659d-4b84-94d2-2546d4d7299a",
                    "958db256-d991-4944-8e45-b0bdd6509713"
                ],
                [
                    "8cc7be96-d651-49db-b254-66d63d80972f",
                    "af8774f6-659d-4b84-94d2-2546d4d7299a",
                    "958db256-d991-4944-8e45-b0bdd6509713"
                ],
                [
                    "dbf77993-1351-4cab-afdb-90b0e58d461a",
                    "af8774f6-659d-4b84-94d2-2546d4d7299a",
                    "958db256-d991-4944-8e45-b0bdd6509713"
                ],
                [
                    "451997f8-3469-4cb8-8833-dcb41f7cf901",
                    "af8774f6-659d-4b84-94d2-2546d4d7299a",
                    "958db256-d991-4944-8e45-b0bdd6509713"
                ],
                [
                    "19de5a5b-0877-4933-9018-0b5ab26f3be6",
                    "af8774f6-659d-4b84-94d2-2546d4d7299a",
                    "958db256-d991-4944-8e45-b0bdd6509713"
                ],
                [
                    "a2b1301f-fec4-45de-b3b2-91d01c7c42de",
                    "af8774f6-659d-4b84-94d2-2546d4d7299a",
                    "958db256-d991-4944-8e45-b0bdd6509713"
                ],
                [
                    "5ad3afd6-8c2e-4174-8ae3-cee1ef565098",
                    "af8774f6-659d-4b84-94d2-2546d4d7299a",
                    "958db256-d991-4944-8e45-b0bdd6509713"
                ],
                [
                    "5ce8aeb4-3b20-4c44-ab98-8abf7d740b39",
                    "af8774f6-659d-4b84-94d2-2546d4d7299a",
                    "958db256-d991-4944-8e45-b0bdd6509713"
                ],
                [
                    "e628c600-91b9-48ff-b622-fad06a32af9b",
                    "af8774f6-659d-4b84-94d2-2546d4d7299a",
                    "958db256-d991-4944-8e45-b0bdd6509713"
                ],
                [
                    "cd6a464e-52a6-4904-acb4-cc2d6b0143c0",
                    "af8774f6-659d-4b84-94d2-2546d4d7299a",
                    "958db256-d991-4944-8e45-b0bdd6509713"
                ],
                [
                    "10f209ce-0ae6-4daf-a3c2-26e1c8956ce4",
                    "af8774f6-659d-4b84-94d2-2546d4d7299a",
                    "958db256-d991-4944-8e45-b0bdd6509713"
                ],
                [
                    "1911c4be-52cc-46be-b7cb-25e8fe090a83",
                    "af8774f6-659d-4b84-94d2-2546d4d7299a",
                    "958db256-d991-4944-8e45-b0bdd6509713"
                ],
                [
                    "9231aa8f-43b5-43bb-a5ba-0bca638e42c2",
                    "af8774f6-659d-4b84-94d2-2546d4d7299a",
                    "958db256-d991-4944-8e45-b0bdd6509713"
                ],
                [
                    "7c5cf307-54f8-46fb-94bb-0b059a2fd7d4",
                    "af8774f6-659d-4b84-94d2-2546d4d7299a",
                    "958db256-d991-4944-8e45-b0bdd6509713"
                ],
                [
                    "962be9ee-d2dd-46fc-932e-59e8991843ed",
                    "af8774f6-659d-4b84-94d2-2546d4d7299a",
                    "958db256-d991-4944-8e45-b0bdd6509713"
                ],
                [
                    "f50e6365-5a8d-4451-b5f3-f7e3a1a5b35d",
                    "af8774f6-659d-4b84-94d2-2546d4d7299a",
                    "958db256-d991-4944-8e45-b0bdd6509713"
                ],
                [
                    "dac47fff-fbcf-4d06-8b92-3903737332f1",
                    "af8774f6-659d-4b84-94d2-2546d4d7299a",
                    "958db256-d991-4944-8e45-b0bdd6509713"
                ],
                [
                    "4f4c4886-a1d0-4c85-a1e8-2ee312aade72",
                    "af8774f6-659d-4b84-94d2-2546d4d7299a",
                    "958db256-d991-4944-8e45-b0bdd6509713"
                ],
                [
                    "ab81441a-c01e-42e2-b03e-6bf72ce2520b",
                    "af8774f6-659d-4b84-94d2-2546d4d7299a",
                    "958db256-d991-4944-8e45-b0bdd6509713"
                ],
                [
                    "34885d46-8f89-4a77-8167-5644bad53435",
                    "af8774f6-659d-4b84-94d2-2546d4d7299a",
                    "958db256-d991-4944-8e45-b0bdd6509713"
                ],
                [
                    "2ab4f895-c2de-4364-b1b3-0038e749a4e9",
                    "af8774f6-659d-4b84-94d2-2546d4d7299a",
                    "958db256-d991-4944-8e45-b0bdd6509713"
                ],
                [
                    "8be58de3-6190-4d5f-a60d-ea1bbdd8102e",
                    "af8774f6-659d-4b84-94d2-2546d4d7299a",
                    "958db256-d991-4944-8e45-b0bdd6509713"
                ],
                [
                    "43a4d52d-97d5-4f19-a719-216346241d92",
                    "af8774f6-659d-4b84-94d2-2546d4d7299a",
                    "958db256-d991-4944-8e45-b0bdd6509713"
                ],
                [
                    "bc6cbbdd-8375-4e72-8364-0e8077727f3d",
                    "af8774f6-659d-4b84-94d2-2546d4d7299a",
                    "958db256-d991-4944-8e45-b0bdd6509713"
                ],
                [
                    "d5506450-c05c-40c9-8c16-0adbd7a3180f",
                    "af8774f6-659d-4b84-94d2-2546d4d7299a",
                    "958db256-d991-4944-8e45-b0bdd6509713"
                ],
                [
                    "a8bb7590-b491-497b-b757-395f0c4819d6",
                    "af8774f6-659d-4b84-94d2-2546d4d7299a",
                    "958db256-d991-4944-8e45-b0bdd6509713"
                ],
                [
                    "39666a94-4a27-4351-9f33-cdf648895d13",
                    "af8774f6-659d-4b84-94d2-2546d4d7299a",
                    "958db256-d991-4944-8e45-b0bdd6509713"
                ],
                [
                    "5e9fb88c-ae75-4340-a8aa-587acd548e81",
                    "af8774f6-659d-4b84-94d2-2546d4d7299a",
                    "958db256-d991-4944-8e45-b0bdd6509713"
                ],
                [
                    "2e405573-81eb-47e8-9a67-ceb1d7ae35df",
                    "af8774f6-659d-4b84-94d2-2546d4d7299a",
                    "958db256-d991-4944-8e45-b0bdd6509713"
                ],
                [
                    "30252edc-8a64-4017-9f06-464484a10c14",
                    "af8774f6-659d-4b84-94d2-2546d4d7299a",
                    "958db256-d991-4944-8e45-b0bdd6509713"
                ],
                [
                    "93d9ada5-bdfb-41db-9b97-e72b6cef3fcf",
                    "af8774f6-659d-4b84-94d2-2546d4d7299a",
                    "958db256-d991-4944-8e45-b0bdd6509713"
                ],
                [
                    "873748b8-ad20-4470-bb8c-ab72e507ad73",
                    "af8774f6-659d-4b84-94d2-2546d4d7299a",
                    "958db256-d991-4944-8e45-b0bdd6509713"
                ],
                [
                    "9ddec1b3-5ad6-4530-b126-a0cdf1087cda",
                    "af8774f6-659d-4b84-94d2-2546d4d7299a",
                    "958db256-d991-4944-8e45-b0bdd6509713"
                ],
                [
                    "7f61995b-c737-4433-b5c3-917a9b6f5b8e",
                    "af8774f6-659d-4b84-94d2-2546d4d7299a",
                    "958db256-d991-4944-8e45-b0bdd6509713"
                ],
                [
                    "06ece1d2-0a6c-49cc-8127-8b4026ddb678",
                    "af8774f6-659d-4b84-94d2-2546d4d7299a",
                    "958db256-d991-4944-8e45-b0bdd6509713"
                ],
                [
                    "763577ed-9986-48d8-8651-26ac83442089",
                    "af8774f6-659d-4b84-94d2-2546d4d7299a",
                    "958db256-d991-4944-8e45-b0bdd6509713"
                ],
                [
                    "a08b1e9a-c7b2-4550-80e6-662aaf100ccc",
                    "af8774f6-659d-4b84-94d2-2546d4d7299a",
                    "958db256-d991-4944-8e45-b0bdd6509713"
                ],
                [
                    "31c6d739-9efd-4ffa-a3fb-e636ab7e61ca",
                    "af8774f6-659d-4b84-94d2-2546d4d7299a",
                    "958db256-d991-4944-8e45-b0bdd6509713"
                ],
                [
                    "a540b273-c922-44f8-a381-6963a24b4a6e",
                    "af8774f6-659d-4b84-94d2-2546d4d7299a",
                    "958db256-d991-4944-8e45-b0bdd6509713"
                ],
                [
                    "8fb8b61f-7088-4855-80dc-9dc93829ee55",
                    "af8774f6-659d-4b84-94d2-2546d4d7299a",
                    "958db256-d991-4944-8e45-b0bdd6509713"
                ],
                [
                    "c34d3b76-2171-408c-b64a-0e98a09cde0f",
                    "af8774f6-659d-4b84-94d2-2546d4d7299a",
                    "958db256-d991-4944-8e45-b0bdd6509713"
                ],
                [
                    "04b1cf5f-f7a7-41ce-9203-e86560898400",
                    "af8774f6-659d-4b84-94d2-2546d4d7299a",
                    "958db256-d991-4944-8e45-b0bdd6509713"
                ],
                [
                    "3837fd6d-4b8a-4050-95e7-6d4267301ce9",
                    "af8774f6-659d-4b84-94d2-2546d4d7299a",
                    "958db256-d991-4944-8e45-b0bdd6509713"
                ],
                [
                    "e62ad73e-0b40-40c2-a118-8917174ee55a",
                    "af8774f6-659d-4b84-94d2-2546d4d7299a",
                    "958db256-d991-4944-8e45-b0bdd6509713"
                ],
                [
                    "10e1974b-97bc-49c9-8dd3-152c50fe00c1",
                    "af8774f6-659d-4b84-94d2-2546d4d7299a",
                    "958db256-d991-4944-8e45-b0bdd6509713"
                ],
                [
                    "496865b7-c91c-4eae-8fb6-e0fa91576b15",
                    "af8774f6-659d-4b84-94d2-2546d4d7299a",
                    "958db256-d991-4944-8e45-b0bdd6509713"
                ],
                [
                    "8e2e9b7d-e42f-4d61-9cd4-cf120c6ef692",
                    "af8774f6-659d-4b84-94d2-2546d4d7299a",
                    "958db256-d991-4944-8e45-b0bdd6509713"
                ],
                [
                    "89d10a4d-6059-4015-b449-cc360b496150",
                    "af8774f6-659d-4b84-94d2-2546d4d7299a",
                    "958db256-d991-4944-8e45-b0bdd6509713"
                ],
                [
                    "c8b6cdc2-b05a-431c-ba62-a699ebb0acb5",
                    "af8774f6-659d-4b84-94d2-2546d4d7299a",
                    "958db256-d991-4944-8e45-b0bdd6509713"
                ],
                [
                    "930f1ddd-06dc-4b43-aa69-c3fc6c182818",
                    "af8774f6-659d-4b84-94d2-2546d4d7299a",
                    "958db256-d991-4944-8e45-b0bdd6509713"
                ],
                [
                    "bea6f550-f64e-4851-b7a6-0267a82344fe",
                    "af8774f6-659d-4b84-94d2-2546d4d7299a",
                    "958db256-d991-4944-8e45-b0bdd6509713"
                ],
                [
                    "70238fc3-f1ef-4649-9d63-d51f511df4f8",
                    "af8774f6-659d-4b84-94d2-2546d4d7299a",
                    "958db256-d991-4944-8e45-b0bdd6509713"
                ],
                [
                    "ff43e632-d4ad-4f24-9800-6437b1c13e90",
                    "af8774f6-659d-4b84-94d2-2546d4d7299a",
                    "958db256-d991-4944-8e45-b0bdd6509713"
                ],
                [
                    "13b1d7bf-8702-4f12-85d6-3b2d862c9fdb",
                    "af8774f6-659d-4b84-94d2-2546d4d7299a",
                    "958db256-d991-4944-8e45-b0bdd6509713"
                ],
                [
                    "f37a5746-c688-482b-9e7d-cd206a9d9c78",
                    "af8774f6-659d-4b84-94d2-2546d4d7299a",
                    "958db256-d991-4944-8e45-b0bdd6509713"
                ],
                [
                    "313d0713-4c8e-413c-969a-d4aacc314065",
                    "af8774f6-659d-4b84-94d2-2546d4d7299a",
                    "958db256-d991-4944-8e45-b0bdd6509713"
                ],
                [
                    "10148a1a-7d94-4260-a463-d5312a5ab781",
                    "af8774f6-659d-4b84-94d2-2546d4d7299a",
                    "958db256-d991-4944-8e45-b0bdd6509713"
                ],
                [
                    "6b711e96-a2ae-4b44-ae14-735dd65b7c9d",
                    "af8774f6-659d-4b84-94d2-2546d4d7299a",
                    "958db256-d991-4944-8e45-b0bdd6509713"
                ],
                [
                    "5542e45f-17a6-44e2-9056-afb5913c0f56",
                    "af8774f6-659d-4b84-94d2-2546d4d7299a",
                    "958db256-d991-4944-8e45-b0bdd6509713"
                ],
                [
                    "64efd4b8-c628-4b96-98f9-07cd1a76e081",
                    "af8774f6-659d-4b84-94d2-2546d4d7299a",
                    "958db256-d991-4944-8e45-b0bdd6509713"
                ],
                [
                    "cdb18086-e70b-420d-96ec-be0fee7decfa",
                    "af8774f6-659d-4b84-94d2-2546d4d7299a",
                    "958db256-d991-4944-8e45-b0bdd6509713"
                ],
                [
                    "a5c625a0-6a96-4056-a2b0-b2342c0c293b",
                    "af8774f6-659d-4b84-94d2-2546d4d7299a",
                    "958db256-d991-4944-8e45-b0bdd6509713"
                ],
                [
                    "14ee94c3-55fb-4498-87de-f6f11a1616db",
                    "af8774f6-659d-4b84-94d2-2546d4d7299a",
                    "958db256-d991-4944-8e45-b0bdd6509713"
                ],
                [
                    "b017556d-9f41-44f5-aba5-24eab3b41cfd",
                    "af8774f6-659d-4b84-94d2-2546d4d7299a",
                    "958db256-d991-4944-8e45-b0bdd6509713"
                ],
                [
                    "3fb68e70-767d-4478-8106-ff472ceb48d7",
                    "af8774f6-659d-4b84-94d2-2546d4d7299a",
                    "958db256-d991-4944-8e45-b0bdd6509713"
                ],
                [
                    "c8189f68-b19f-421d-a215-814ac2af1270",
                    "af8774f6-659d-4b84-94d2-2546d4d7299a",
                    "958db256-d991-4944-8e45-b0bdd6509713"
                ],
                [
                    "a310b764-60f1-43d0-861e-ba40f09a76a4",
                    "af8774f6-659d-4b84-94d2-2546d4d7299a",
                    "958db256-d991-4944-8e45-b0bdd6509713"
                ],
                [
                    "161d0cee-f3ef-47c4-9f61-a7db8fd8c640",
                    "af8774f6-659d-4b84-94d2-2546d4d7299a",
                    "958db256-d991-4944-8e45-b0bdd6509713"
                ],
                [
                    "d1ce0172-7512-45e0-a6af-21de97894506",
                    "af8774f6-659d-4b84-94d2-2546d4d7299a",
                    "958db256-d991-4944-8e45-b0bdd6509713"
                ],
                [
                    "4fe608a0-9fe0-4a7d-bc0f-1f6367634598",
                    "af8774f6-659d-4b84-94d2-2546d4d7299a",
                    "958db256-d991-4944-8e45-b0bdd6509713"
                ],
                [
                    "31fe5cdb-ec47-418b-bd9f-dcef1112ab2b",
                    "af8774f6-659d-4b84-94d2-2546d4d7299a",
                    "958db256-d991-4944-8e45-b0bdd6509713"
                ],
                [
                    "9640d521-7c1f-41cc-bf8c-3fa4fd5988b8",
                    "af8774f6-659d-4b84-94d2-2546d4d7299a",
                    "958db256-d991-4944-8e45-b0bdd6509713"
                ],
                [
                    "793fe615-95bb-43e0-b150-6c20557c7114",
                    "af8774f6-659d-4b84-94d2-2546d4d7299a",
                    "958db256-d991-4944-8e45-b0bdd6509713"
                ],
                [
                    "5b4339f2-d143-4178-bdc0-d2ac9a12d3a9",
                    "af8774f6-659d-4b84-94d2-2546d4d7299a",
                    "958db256-d991-4944-8e45-b0bdd6509713"
                ],
                [
                    "813d9b94-5d01-444b-95fa-0727b8852809",
                    "af8774f6-659d-4b84-94d2-2546d4d7299a",
                    "958db256-d991-4944-8e45-b0bdd6509713"
                ],
                [
                    "1c2568c0-49cd-448f-889d-1574d4408a1b",
                    "af8774f6-659d-4b84-94d2-2546d4d7299a",
                    "958db256-d991-4944-8e45-b0bdd6509713"
                ]
            ]
        }
    ]
}