{
    "query_name": "11e_domain_name",
    "query_sql": "SELECT\n    domain.name\nFROM\n    conference, domain_conference, domain, domain_keyword, keyword\nWHERE\n    conference.cid = domain_conference.cid\n    AND domain_conference.did = domain.did\n    AND domain.did = domain_keyword.did\n    AND domain_keyword.kid = keyword.kid\n    AND keyword.keyword = 'Database Query'\nGROUP BY domain.name",
    "results": [
        {
            "output_tuple": [
                "Databases"
            ],
            "tuple_id": "d1af93c7-aadb-5660-8d4a-bae6ba727d34",
            "dnf": [
                [
                    "23cd7512-57c9-4e4c-b703-8e4c23481061",
                    "a71e9329-4c0b-4fa6-ab66-95114a1c2c78",
                    "5d3a2853-f5c0-4372-a2f5-3a2ea1c877eb"
                ],
                [
                    "b41e40d8-78e5-4b1e-bf86-fc3704f74ad9",
                    "a71e9329-4c0b-4fa6-ab66-95114a1c2c78",
                    "5d3a2853-f5c0-4372-a2f5-3a2ea1c877eb"
                ],
                [
                    "3497fb7d-66e1-4c64-8edf-af749bd52728",
                    "a71e9329-4c0b-4fa6-ab66-95114a1c2c78",
                    "5d3a2853-f5c0-4372-a2f5-3a2ea1c877eb"
                ],
                [
                    "bfc2221c-501b-4300-8a8e-99a2bc9b3581",
                    "a71e9329-4c0b-4fa6-ab66-95114a1c2c78",
                    "5d3a2853-f5c0-4372-a2f5-3a2ea1c877eb"
                ],
                [
                    "873748b8-ad20-4470-bb8c-ab72e507ad73",
                    "a71e9329-4c0b-4fa6-ab66-95114a1c2c78",
                    "5d3a2853-f5c0-4372-a2f5-3a2ea1c877eb"
                ],
                [
                    "744bef40-ab44-467a-8309-d8101aa1bed3",
                    "a71e9329-4c0b-4fa6-ab66-95114a1c2c78",
                    "5d3a2853-f5c0-4372-a2f5-3a2ea1c877eb"
                ],
                [
                    "9d3bc49d-ab59-4b27-a334-e10fafbd3d9a",
                    "a71e9329-4c0b-4fa6-ab66-95114a1c2c78",
                    "5d3a2853-f5c0-4372-a2f5-3a2ea1c877eb"
                ],
                [
                    "0a54aeaa-5391-4e97-af05-f6df07a54a83",
                    "a71e9329-4c0b-4fa6-ab66-95114a1c2c78",
                    "5d3a2853-f5c0-4372-a2f5-3a2ea1c877eb"
                ],
                [
                    "845ea89a-417e-4dd7-9769-e7b8f162b077",
                    "a71e9329-4c0b-4fa6-ab66-95114a1c2c78",
                    "5d3a2853-f5c0-4372-a2f5-3a2ea1c877eb"
                ],
                [
                    "a94051c5-f2f0-4aba-a5e9-2e741d84f91f",
                    "a71e9329-4c0b-4fa6-ab66-95114a1c2c78",
                    "5d3a2853-f5c0-4372-a2f5-3a2ea1c877eb"
                ],
                [
                    "457d8766-2484-4b46-a656-bdaeaca6cc17",
                    "a71e9329-4c0b-4fa6-ab66-95114a1c2c78",
                    "5d3a2853-f5c0-4372-a2f5-3a2ea1c877eb"
                ],
                [
                    "9390e68c-ae95-4d09-b584-7c1643f96b9e",
                    "a71e9329-4c0b-4fa6-ab66-95114a1c2c78",
                    "5d3a2853-f5c0-4372-a2f5-3a2ea1c877eb"
                ],
                [
                    "1d979b05-436f-4dca-8a81-a4a28b30f443",
                    "a71e9329-4c0b-4fa6-ab66-95114a1c2c78",
                    "5d3a2853-f5c0-4372-a2f5-3a2ea1c877eb"
                ],
                [
                    "8c696dab-6dec-444e-b8de-4ed75f1c6556",
                    "a71e9329-4c0b-4fa6-ab66-95114a1c2c78",
                    "5d3a2853-f5c0-4372-a2f5-3a2ea1c877eb"
                ],
                [
                    "6b9288fb-5c9a-43a1-8933-ab7c30084425",
                    "a71e9329-4c0b-4fa6-ab66-95114a1c2c78",
                    "5d3a2853-f5c0-4372-a2f5-3a2ea1c877eb"
                ],
                [
                    "958641f2-2542-40e3-bd7c-be511b9de2a2",
                    "a71e9329-4c0b-4fa6-ab66-95114a1c2c78",
                    "5d3a2853-f5c0-4372-a2f5-3a2ea1c877eb"
                ],
                [
                    "9da58679-f877-48af-849b-c3571319728e",
                    "a71e9329-4c0b-4fa6-ab66-95114a1c2c78",
                    "5d3a2853-f5c0-4372-a2f5-3a2ea1c877eb"
                ],
                [
                    "c8d8b3b6-84b6-4bf5-b392-502807a753a2",
                    "a71e9329-4c0b-4fa6-ab66-95114a1c2c78",
                    "5d3a2853-f5c0-4372-a2f5-3a2ea1c877eb"
                ],
                [
                    "4d823bad-cd93-4ce9-bc2e-a1f680fb45d1",
                    "a71e9329-4c0b-4fa6-ab66-95114a1c2c78",
                    "5d3a2853-f5c0-4372-a2f5-3a2ea1c877eb"
                ],
                [
                    "d18a4e6b-1789-46a2-9d91-06ffea356723",
                    "a71e9329-4c0b-4fa6-ab66-95114a1c2c78",
                    "5d3a2853-f5c0-4372-a2f5-3a2ea1c877eb"
                ],
                [
                    "96163da6-5891-4584-9e5e-f02fc9626999",
                    "a71e9329-4c0b-4fa6-ab66-95114a1c2c78",
                    "5d3a2853-f5c0-4372-a2f5-3a2ea1c877eb"
                ],
                [
                    "9db37e5d-7a96-4dd4-83a8-3ebe22d48da6",
                    "a71e9329-4c0b-4fa6-ab66-95114a1c2c78",
                    "5d3a2853-f5c0-4372-a2f5-3a2ea1c877eb"
                ],
                [
                    "db63f4ac-0446-40a0-9484-2da9dad2928e",
                    "a71e9329-4c0b-4fa6-ab66-95114a1c2c78",
                    "5d3a2853-f5c0-4372-a2f5-3a2ea1c877eb"
                ],
                [
                    "31021a48-9f4b-4f24-8299-b7ed775eec38",
                    "a71e9329-4c0b-4fa6-ab66-95114a1c2c78",
                    "5d3a2853-f5c0-4372-a2f5-3a2ea1c877eb"
                ],
                [
                    "e404180e-0742-4594-9099-4789a6b86ef7",
                    "a71e9329-4c0b-4fa6-ab66-95114a1c2c78",
                    "5d3a2853-f5c0-4372-a2f5-3a2ea1c877eb"
                ],
                [
                    "cf56fcd0-810c-4585-9928-bf7b394eb125",
                    "a71e9329-4c0b-4fa6-ab66-95114a1c2c78",
                    "5d3a2853-f5c0-4372-a2f5-3a2ea1c877eb"
                ],
                [
                    "9ceca6b8-4450-4d5f-becf-e3b54b0672fa",
                    "a71e9329-4c0b-4fa6-ab66-95114a1c2c78",
                    "5d3a2853-f5c0-4372-a2f5-3a2ea1c877eb"
                ],
                [
                    "b73f7ff9-a2c7-4dd0-b537-ca8abfac4a86",
                    "a71e9329-4c0b-4fa6-ab66-95114a1c2c78",
                    "5d3a2853-f5c0-4372-a2f5-3a2ea1c877eb"
                ],
                [
                    "9ec7f97b-ee0c-4a06-a6e3-2369d94079db",
                    "a71e9329-4c0b-4fa6-ab66-95114a1c2c78",
                    "5d3a2853-f5c0-4372-a2f5-3a2ea1c877eb"
                ],
                [
                    "3ac7faca-be64-4cab-bbd5-733c3a5c0655",
                    "a71e9329-4c0b-4fa6-ab66-95114a1c2c78",
                    "5d3a2853-f5c0-4372-a2f5-3a2ea1c877eb"
                ],
                [
                    "af6e00ae-a8eb-41a4-a935-da0cf9d25a20",
                    "a71e9329-4c0b-4fa6-ab66-95114a1c2c78",
                    "5d3a2853-f5c0-4372-a2f5-3a2ea1c877eb"
                ],
                [
                    "832912b7-1aa4-45f4-9c28-a79192427d06",
                    "a71e9329-4c0b-4fa6-ab66-95114a1c2c78",
                    "5d3a2853-f5c0-4372-a2f5-3a2ea1c877eb"
                ],
                [
                    "2bbe39c7-9d25-4ec4-8838-c2ee61203058",
                    "a71e9329-4c0b-4fa6-ab66-95114a1c2c78",
                    "5d3a2853-f5c0-4372-a2f5-3a2ea1c877eb"
                ],
                [
                    "160ee3fc-72f3-4b7f-93f1-aaa37565f451",
                    "a71e9329-4c0b-4fa6-ab66-95114a1c2c78",
                    "5d3a2853-f5c0-4372-a2f5-3a2ea1c877eb"
                ],
                [
                    "6255db32-a28c-4029-ba3b-00bd4531bf5b",
                    "a71e9329-4c0b-4fa6-ab66-95114a1c2c78",
                    "5d3a2853-f5c0-4372-a2f5-3a2ea1c877eb"
                ],
                [
                    "06b229a9-62a6-48c9-b457-756ba4103538",
                    "a71e9329-4c0b-4fa6-ab66-95114a1c2c78",
                    "5d3a2853-f5c0-4372-a2f5-3a2ea1c877eb"
                ],
                [
                    "e458af62-635c-4deb-b5ca-798c34ce6f1c",
                    "a71e9329-4c0b-4fa6-ab66-95114a1c2c78",
                    "5d3a2853-f5c0-4372-a2f5-3a2ea1c877eb"
                ],
                [
                    "97b5671e-52b4-470c-9be0-a2e1db9d8d5f",
                    "a71e9329-4c0b-4fa6-ab66-95114a1c2c78",
                    "5d3a2853-f5c0-4372-a2f5-3a2ea1c877eb"
                ],
                [
                    "823a4c01-d78b-48e3-98af-ab33aebdf76b",
                    "a71e9329-4c0b-4fa6-ab66-95114a1c2c78",
                    "5d3a2853-f5c0-4372-a2f5-3a2ea1c877eb"
                ],
                [
                    "7cf76bc4-5934-40e8-8c00-0fb9aeaa2c6f",
                    "a71e9329-4c0b-4fa6-ab66-95114a1c2c78",
                    "5d3a2853-f5c0-4372-a2f5-3a2ea1c877eb"
                ],
                [
                    "b68064f1-e00b-4511-877c-9dcfd0031621",
                    "a71e9329-4c0b-4fa6-ab66-95114a1c2c78",
                    "5d3a2853-f5c0-4372-a2f5-3a2ea1c877eb"
                ],
                [
                    "3c74eab3-15b4-4651-80f3-3f8f31194d5a",
                    "a71e9329-4c0b-4fa6-ab66-95114a1c2c78",
                    "5d3a2853-f5c0-4372-a2f5-3a2ea1c877eb"
                ],
                [
                    "3df97a6d-7534-490b-aeaf-64361b9decae",
                    "a71e9329-4c0b-4fa6-ab66-95114a1c2c78",
                    "5d3a2853-f5c0-4372-a2f5-3a2ea1c877eb"
                ],
                [
                    "11a13830-a610-4196-8bfa-a0e7bced3832",
                    "a71e9329-4c0b-4fa6-ab66-95114a1c2c78",
                    "5d3a2853-f5c0-4372-a2f5-3a2ea1c877eb"
                ],
                [
                    "5bd95b79-1d6d-4a8d-9dba-632084bd30d3",
                    "a71e9329-4c0b-4fa6-ab66-95114a1c2c78",
                    "5d3a2853-f5c0-4372-a2f5-3a2ea1c877eb"
                ],
                [
                    "33a127c0-4e71-4ee5-a006-831e1c32326f",
                    "a71e9329-4c0b-4fa6-ab66-95114a1c2c78",
                    "5d3a2853-f5c0-4372-a2f5-3a2ea1c877eb"
                ],
                [
                    "a3d4c07a-bc91-41b2-97ac-c27751e66180",
                    "a71e9329-4c0b-4fa6-ab66-95114a1c2c78",
                    "5d3a2853-f5c0-4372-a2f5-3a2ea1c877eb"
                ],
                [
                    "7f100f16-0272-431c-bc91-d1561a76c513",
                    "a71e9329-4c0b-4fa6-ab66-95114a1c2c78",
                    "5d3a2853-f5c0-4372-a2f5-3a2ea1c877eb"
                ],
                [
                    "b37fdbbf-74d1-4cfa-8924-a94f5da8a13e",
                    "a71e9329-4c0b-4fa6-ab66-95114a1c2c78",
                    "5d3a2853-f5c0-4372-a2f5-3a2ea1c877eb"
                ],
                [
                    "0b770bef-f3aa-4683-89ff-0a16ab52d52a",
                    "a71e9329-4c0b-4fa6-ab66-95114a1c2c78",
                    "5d3a2853-f5c0-4372-a2f5-3a2ea1c877eb"
                ],
                [
                    "daa6882f-a222-4f98-96aa-da11c1230e04",
                    "a71e9329-4c0b-4fa6-ab66-95114a1c2c78",
                    "5d3a2853-f5c0-4372-a2f5-3a2ea1c877eb"
                ],
                [
                    "c5fe29fd-e8bf-4e09-993d-4d01b60ea488",
                    "a71e9329-4c0b-4fa6-ab66-95114a1c2c78",
                    "5d3a2853-f5c0-4372-a2f5-3a2ea1c877eb"
                ],
                [
                    "984213b6-e371-4ea0-9d84-badfbf7bf42d",
                    "a71e9329-4c0b-4fa6-ab66-95114a1c2c78",
                    "5d3a2853-f5c0-4372-a2f5-3a2ea1c877eb"
                ],
                [
                    "b62abd08-54a3-4573-8883-eabe8855e097",
                    "a71e9329-4c0b-4fa6-ab66-95114a1c2c78",
                    "5d3a2853-f5c0-4372-a2f5-3a2ea1c877eb"
                ],
                [
                    "af89a641-6e49-4132-bbed-3d26a7354646",
                    "a71e9329-4c0b-4fa6-ab66-95114a1c2c78",
                    "5d3a2853-f5c0-4372-a2f5-3a2ea1c877eb"
                ],
                [
                    "5ed54076-4e23-4b7e-b70d-f483efb890a9",
                    "a71e9329-4c0b-4fa6-ab66-95114a1c2c78",
                    "5d3a2853-f5c0-4372-a2f5-3a2ea1c877eb"
                ],
                [
                    "a4fae034-0932-43f6-93a6-1f755b510937",
                    "a71e9329-4c0b-4fa6-ab66-95114a1c2c78",
                    "5d3a2853-f5c0-4372-a2f5-3a2ea1c877eb"
                ],
                [
                    "53e6a358-e0b2-474a-b7c6-159121416eb0",
                    "a71e9329-4c0b-4fa6-ab66-95114a1c2c78",
                    "5d3a2853-f5c0-4372-a2f5-3a2ea1c877eb"
                ],
                [
                    "c3bc5973-86ae-464e-a422-a0d0cb43822b",
                    "a71e9329-4c0b-4fa6-ab66-95114a1c2c78",
                    "5d3a2853-f5c0-4372-a2f5-3a2ea1c877eb"
                ],
                [
                    "beaa81b6-3939-4a94-bb23-f393c44fbe50",
                    "a71e9329-4c0b-4fa6-ab66-95114a1c2c78",
                    "5d3a2853-f5c0-4372-a2f5-3a2ea1c877eb"
                ],
                [
                    "edb3cbfc-5206-4419-adee-5702abf36df8",
                    "a71e9329-4c0b-4fa6-ab66-95114a1c2c78",
                    "5d3a2853-f5c0-4372-a2f5-3a2ea1c877eb"
                ],
                [
                    "e2a4cee8-8728-4ada-ac99-f2be779a2fd2",
                    "a71e9329-4c0b-4fa6-ab66-95114a1c2c78",
                    "5d3a2853-f5c0-4372-a2f5-3a2ea1c877eb"
                ],
                [
                    "268b4c2a-1016-4d06-ab54-78a6ef6b6839",
                    "a71e9329-4c0b-4fa6-ab66-95114a1c2c78",
                    "5d3a2853-f5c0-4372-a2f5-3a2ea1c877eb"
                ],
                [
                    "b5940fb0-7002-4e11-9ae0-9d676e16f4e9",
                    "a71e9329-4c0b-4fa6-ab66-95114a1c2c78",
                    "5d3a2853-f5c0-4372-a2f5-3a2ea1c877eb"
                ],
                [
                    "f0148e2c-77f1-4bad-9c3d-8f79965b0c1f",
                    "a71e9329-4c0b-4fa6-ab66-95114a1c2c78",
                    "5d3a2853-f5c0-4372-a2f5-3a2ea1c877eb"
                ],
                [
                    "d421525c-0d8e-431e-9a14-7c7191c54916",
                    "a71e9329-4c0b-4fa6-ab66-95114a1c2c78",
                    "5d3a2853-f5c0-4372-a2f5-3a2ea1c877eb"
                ],
                [
                    "756ab7a0-7284-461b-b79c-3f5ec1f63651",
                    "a71e9329-4c0b-4fa6-ab66-95114a1c2c78",
                    "5d3a2853-f5c0-4372-a2f5-3a2ea1c877eb"
                ],
                [
                    "fae1863b-6140-486a-8016-4235e0bda403",
                    "a71e9329-4c0b-4fa6-ab66-95114a1c2c78",
                    "5d3a2853-f5c0-4372-a2f5-3a2ea1c877eb"
                ],
                [
                    "f7b28aaf-b193-45fd-906e-647283f86d1e",
                    "a71e9329-4c0b-4fa6-ab66-95114a1c2c78",
                    "5d3a2853-f5c0-4372-a2f5-3a2ea1c877eb"
                ],
                [
                    "553572d3-01e5-4919-85b6-d40f8f395b80",
                    "a71e9329-4c0b-4fa6-ab66-95114a1c2c78",
                    "5d3a2853-f5c0-4372-a2f5-3a2ea1c877eb"
                ],
                [
                    "41f9e223-72d0-40f9-8773-f52612d87862",
                    "a71e9329-4c0b-4fa6-ab66-95114a1c2c78",
                    "5d3a2853-f5c0-4372-a2f5-3a2ea1c877eb"
                ],
                [
                    "1c85e31c-d475-46bd-b2f0-2462f9a11de5",
                    "a71e9329-4c0b-4fa6-ab66-95114a1c2c78",
                    "5d3a2853-f5c0-4372-a2f5-3a2ea1c877eb"
                ],
                [
                    "80bc7f7b-087e-4ead-b3d9-5d85540ab15d",
                    "a71e9329-4c0b-4fa6-ab66-95114a1c2c78",
                    "5d3a2853-f5c0-4372-a2f5-3a2ea1c877eb"
                ],
                [
                    "922109c3-f475-49c7-8892-caf519cb30eb",
                    "a71e9329-4c0b-4fa6-ab66-95114a1c2c78",
                    "5d3a2853-f5c0-4372-a2f5-3a2ea1c877eb"
                ],
                [
                    "912bf821-85dc-4ef9-8a54-ae52d8282b2d",
                    "a71e9329-4c0b-4fa6-ab66-95114a1c2c78",
                    "5d3a2853-f5c0-4372-a2f5-3a2ea1c877eb"
                ],
                [
                    "1f5c5f90-b0f1-469c-986a-ce7763ba0066",
                    "a71e9329-4c0b-4fa6-ab66-95114a1c2c78",
                    "5d3a2853-f5c0-4372-a2f5-3a2ea1c877eb"
                ],
                [
                    "197e4118-99a1-4d97-950f-27140629e957",
                    "a71e9329-4c0b-4fa6-ab66-95114a1c2c78",
                    "5d3a2853-f5c0-4372-a2f5-3a2ea1c877eb"
                ],
                [
                    "4e1ece59-e3cd-42bc-83f2-01d47e2d1413",
                    "a71e9329-4c0b-4fa6-ab66-95114a1c2c78",
                    "5d3a2853-f5c0-4372-a2f5-3a2ea1c877eb"
                ],
                [
                    "daa218e2-c92f-4905-bfd4-dfdda72f4c54",
                    "a71e9329-4c0b-4fa6-ab66-95114a1c2c78",
                    "5d3a2853-f5c0-4372-a2f5-3a2ea1c877eb"
                ],
                [
                    "5b71b8e5-90aa-4c27-bf63-52db728fb498",
                    "a71e9329-4c0b-4fa6-ab66-95114a1c2c78",
                    "5d3a2853-f5c0-4372-a2f5-3a2ea1c877eb"
                ],
                [
                    "90ec7ec1-9545-402b-8946-b0e368cc8830",
                    "a71e9329-4c0b-4fa6-ab66-95114a1c2c78",
                    "5d3a2853-f5c0-4372-a2f5-3a2ea1c877eb"
                ],
                [
                    "9c48f72e-2135-4a25-ab02-0e8a6645cfc1",
                    "a71e9329-4c0b-4fa6-ab66-95114a1c2c78",
                    "5d3a2853-f5c0-4372-a2f5-3a2ea1c877eb"
                ],
                [
                    "a3da6832-148c-453f-be8b-9178c7e64234",
                    "a71e9329-4c0b-4fa6-ab66-95114a1c2c78",
                    "5d3a2853-f5c0-4372-a2f5-3a2ea1c877eb"
                ],
                [
                    "703b981f-2221-4650-944e-45c66f242109",
                    "a71e9329-4c0b-4fa6-ab66-95114a1c2c78",
                    "5d3a2853-f5c0-4372-a2f5-3a2ea1c877eb"
                ],
                [
                    "58f9fbcf-3afa-4afd-a596-f42c1e4af5bd",
                    "a71e9329-4c0b-4fa6-ab66-95114a1c2c78",
                    "5d3a2853-f5c0-4372-a2f5-3a2ea1c877eb"
                ],
                [
                    "e053530a-581d-4786-808a-515fe3c6ec3d",
                    "a71e9329-4c0b-4fa6-ab66-95114a1c2c78",
                    "5d3a2853-f5c0-4372-a2f5-3a2ea1c877eb"
                ],
                [
                    "9a795ea0-a820-4387-bd8c-ff80c1313b87",
                    "a71e9329-4c0b-4fa6-ab66-95114a1c2c78",
                    "5d3a2853-f5c0-4372-a2f5-3a2ea1c877eb"
                ],
                [
                    "02b5e343-9a14-4eef-99c5-2e812f3f54cb",
                    "a71e9329-4c0b-4fa6-ab66-95114a1c2c78",
                    "5d3a2853-f5c0-4372-a2f5-3a2ea1c877eb"
                ],
                [
                    "354a1102-dd5c-4130-bf32-3e9b7bf0e7b9",
                    "a71e9329-4c0b-4fa6-ab66-95114a1c2c78",
                    "5d3a2853-f5c0-4372-a2f5-3a2ea1c877eb"
                ],
                [
                    "0d89bfee-114f-42a3-be60-6343e3ad1b38",
                    "a71e9329-4c0b-4fa6-ab66-95114a1c2c78",
                    "5d3a2853-f5c0-4372-a2f5-3a2ea1c877eb"
                ],
                [
                    "17711b71-cfc1-4848-a8b7-e6c70bcc5007",
                    "a71e9329-4c0b-4fa6-ab66-95114a1c2c78",
                    "5d3a2853-f5c0-4372-a2f5-3a2ea1c877eb"
                ],
                [
                    "fdba88ed-8b24-4999-bef0-bcd6a5232e84",
                    "a71e9329-4c0b-4fa6-ab66-95114a1c2c78",
                    "5d3a2853-f5c0-4372-a2f5-3a2ea1c877eb"
                ],
                [
                    "7d5c0165-dbb5-4bac-8762-933cb122276d",
                    "a71e9329-4c0b-4fa6-ab66-95114a1c2c78",
                    "5d3a2853-f5c0-4372-a2f5-3a2ea1c877eb"
                ],
                [
                    "98cbe453-f7c2-4cd0-a172-3a9a91e9f00b",
                    "a71e9329-4c0b-4fa6-ab66-95114a1c2c78",
                    "5d3a2853-f5c0-4372-a2f5-3a2ea1c877eb"
                ],
                [
                    "5a3fd64b-107b-4f23-90aa-8c66eb708094",
                    "a71e9329-4c0b-4fa6-ab66-95114a1c2c78",
                    "5d3a2853-f5c0-4372-a2f5-3a2ea1c877eb"
                ],
                [
                    "837a5378-9b8e-4674-abc4-30a4cfa0a0cc",
                    "a71e9329-4c0b-4fa6-ab66-95114a1c2c78",
                    "5d3a2853-f5c0-4372-a2f5-3a2ea1c877eb"
                ],
                [
                    "a52b8164-1ee7-415c-b782-3c819b7493b3",
                    "a71e9329-4c0b-4fa6-ab66-95114a1c2c78",
                    "5d3a2853-f5c0-4372-a2f5-3a2ea1c877eb"
                ],
                [
                    "6e5effab-c284-4b6d-9d6d-85729a779e3a",
                    "a71e9329-4c0b-4fa6-ab66-95114a1c2c78",
                    "5d3a2853-f5c0-4372-a2f5-3a2ea1c877eb"
                ],
                [
                    "2802e48f-999f-444b-8b1c-999bfbb1a0cc",
                    "a71e9329-4c0b-4fa6-ab66-95114a1c2c78",
                    "5d3a2853-f5c0-4372-a2f5-3a2ea1c877eb"
                ],
                [
                    "a3e6067b-91a9-4df7-832d-32563ed8aae3",
                    "a71e9329-4c0b-4fa6-ab66-95114a1c2c78",
                    "5d3a2853-f5c0-4372-a2f5-3a2ea1c877eb"
                ],
                [
                    "9584d5c6-2b54-4d7c-85aa-0692ae89f935",
                    "a71e9329-4c0b-4fa6-ab66-95114a1c2c78",
                    "5d3a2853-f5c0-4372-a2f5-3a2ea1c877eb"
                ],
                [
                    "39923a17-f45e-4d0f-8cb7-f894f330ece4",
                    "a71e9329-4c0b-4fa6-ab66-95114a1c2c78",
                    "5d3a2853-f5c0-4372-a2f5-3a2ea1c877eb"
                ],
                [
                    "c1d838c2-ab2d-459e-90a1-ac1e2e889e4c",
                    "a71e9329-4c0b-4fa6-ab66-95114a1c2c78",
                    "5d3a2853-f5c0-4372-a2f5-3a2ea1c877eb"
                ],
                [
                    "a09f8c96-0720-4a33-8382-08ab051456dd",
                    "a71e9329-4c0b-4fa6-ab66-95114a1c2c78",
                    "5d3a2853-f5c0-4372-a2f5-3a2ea1c877eb"
                ],
                [
                    "8b38b479-c06b-48b2-b15e-7049d17fab99",
                    "a71e9329-4c0b-4fa6-ab66-95114a1c2c78",
                    "5d3a2853-f5c0-4372-a2f5-3a2ea1c877eb"
                ],
                [
                    "2d4215c7-641e-43d6-bab8-4deb890e6481",
                    "a71e9329-4c0b-4fa6-ab66-95114a1c2c78",
                    "5d3a2853-f5c0-4372-a2f5-3a2ea1c877eb"
                ],
                [
                    "f83a2c4b-1dfe-4e56-8e81-b666827e3064",
                    "a71e9329-4c0b-4fa6-ab66-95114a1c2c78",
                    "5d3a2853-f5c0-4372-a2f5-3a2ea1c877eb"
                ],
                [
                    "450bba28-589d-4ad0-a045-c247c5d6303f",
                    "a71e9329-4c0b-4fa6-ab66-95114a1c2c78",
                    "5d3a2853-f5c0-4372-a2f5-3a2ea1c877eb"
                ],
                [
                    "f210af2e-de6e-4422-b471-04bf6386b795",
                    "a71e9329-4c0b-4fa6-ab66-95114a1c2c78",
                    "5d3a2853-f5c0-4372-a2f5-3a2ea1c877eb"
                ],
                [
                    "a6bc91be-e6b3-4e77-8f22-8267a08c2824",
                    "a71e9329-4c0b-4fa6-ab66-95114a1c2c78",
                    "5d3a2853-f5c0-4372-a2f5-3a2ea1c877eb"
                ],
                [
                    "4ee5b919-68c2-4f43-b375-2f4af702f2c4",
                    "a71e9329-4c0b-4fa6-ab66-95114a1c2c78",
                    "5d3a2853-f5c0-4372-a2f5-3a2ea1c877eb"
                ],
                [
                    "70216c24-b353-49ed-8da2-179b0e0cc7e9",
                    "a71e9329-4c0b-4fa6-ab66-95114a1c2c78",
                    "5d3a2853-f5c0-4372-a2f5-3a2ea1c877eb"
                ],
                [
                    "c9bcbbd2-aada-48b5-a57e-b40f1605a853",
                    "a71e9329-4c0b-4fa6-ab66-95114a1c2c78",
                    "5d3a2853-f5c0-4372-a2f5-3a2ea1c877eb"
                ],
                [
                    "30566523-c7bf-4d9c-a9aa-76921a8d5933",
                    "a71e9329-4c0b-4fa6-ab66-95114a1c2c78",
                    "5d3a2853-f5c0-4372-a2f5-3a2ea1c877eb"
                ],
                [
                    "638e2ad4-9107-472e-b044-16d3c06fd574",
                    "a71e9329-4c0b-4fa6-ab66-95114a1c2c78",
                    "5d3a2853-f5c0-4372-a2f5-3a2ea1c877eb"
                ],
                [
                    "a153f4b4-3570-4a87-8d3d-72e2aa9b433f",
                    "a71e9329-4c0b-4fa6-ab66-95114a1c2c78",
                    "5d3a2853-f5c0-4372-a2f5-3a2ea1c877eb"
                ],
                [
                    "5b12a798-0ca2-40d3-9952-351956e46f55",
                    "a71e9329-4c0b-4fa6-ab66-95114a1c2c78",
                    "5d3a2853-f5c0-4372-a2f5-3a2ea1c877eb"
                ],
                [
                    "88e84528-d0e9-4d3f-a16c-514ab2724def",
                    "a71e9329-4c0b-4fa6-ab66-95114a1c2c78",
                    "5d3a2853-f5c0-4372-a2f5-3a2ea1c877eb"
                ],
                [
                    "8ee633d8-2d48-4d9d-b787-abb0a1f4de1c",
                    "a71e9329-4c0b-4fa6-ab66-95114a1c2c78",
                    "5d3a2853-f5c0-4372-a2f5-3a2ea1c877eb"
                ],
                [
                    "91523840-71a1-460c-8736-4ff21b622366",
                    "a71e9329-4c0b-4fa6-ab66-95114a1c2c78",
                    "5d3a2853-f5c0-4372-a2f5-3a2ea1c877eb"
                ],
                [
                    "400fd389-046d-4e3f-aa03-7402bee6937b",
                    "a71e9329-4c0b-4fa6-ab66-95114a1c2c78",
                    "5d3a2853-f5c0-4372-a2f5-3a2ea1c877eb"
                ],
                [
                    "c5b27840-8b49-4acf-90e5-5622bf988cf3",
                    "a71e9329-4c0b-4fa6-ab66-95114a1c2c78",
                    "5d3a2853-f5c0-4372-a2f5-3a2ea1c877eb"
                ],
                [
                    "bac7426b-0160-4f99-96cd-8532457551af",
                    "a71e9329-4c0b-4fa6-ab66-95114a1c2c78",
                    "5d3a2853-f5c0-4372-a2f5-3a2ea1c877eb"
                ],
                [
                    "1c195f73-3237-4f5a-84a2-b6fcf0ab9060",
                    "a71e9329-4c0b-4fa6-ab66-95114a1c2c78",
                    "5d3a2853-f5c0-4372-a2f5-3a2ea1c877eb"
                ],
                [
                    "5df0d412-c6dc-4267-947a-385478ade90e",
                    "a71e9329-4c0b-4fa6-ab66-95114a1c2c78",
                    "5d3a2853-f5c0-4372-a2f5-3a2ea1c877eb"
                ],
                [
                    "f847d26b-090c-469c-a2ad-07dd60243b2a",
                    "a71e9329-4c0b-4fa6-ab66-95114a1c2c78",
                    "5d3a2853-f5c0-4372-a2f5-3a2ea1c877eb"
                ],
                [
                    "9b66edaf-ab4c-4560-8151-f7a48d46d70c",
                    "a71e9329-4c0b-4fa6-ab66-95114a1c2c78",
                    "5d3a2853-f5c0-4372-a2f5-3a2ea1c877eb"
                ],
                [
                    "2eb9f555-9720-40c6-a7c2-6c80561b66aa",
                    "a71e9329-4c0b-4fa6-ab66-95114a1c2c78",
                    "5d3a2853-f5c0-4372-a2f5-3a2ea1c877eb"
                ],
                [
                    "39da15cd-b5f0-4ad0-b1de-63e565108dc4",
                    "a71e9329-4c0b-4fa6-ab66-95114a1c2c78",
                    "5d3a2853-f5c0-4372-a2f5-3a2ea1c877eb"
                ],
                [
                    "770cccc2-32bd-4f13-b666-a7a9037b71ca",
                    "a71e9329-4c0b-4fa6-ab66-95114a1c2c78",
                    "5d3a2853-f5c0-4372-a2f5-3a2ea1c877eb"
                ],
                [
                    "bcb071ff-1404-4fe0-937d-7470196e3893",
                    "a71e9329-4c0b-4fa6-ab66-95114a1c2c78",
                    "5d3a2853-f5c0-4372-a2f5-3a2ea1c877eb"
                ],
                [
                    "3ef494b6-f8f1-4136-8391-6d2b8bee9af2",
                    "a71e9329-4c0b-4fa6-ab66-95114a1c2c78",
                    "5d3a2853-f5c0-4372-a2f5-3a2ea1c877eb"
                ],
                [
                    "a5a86a40-2180-4a47-9c4d-ae3a68e0359c",
                    "a71e9329-4c0b-4fa6-ab66-95114a1c2c78",
                    "5d3a2853-f5c0-4372-a2f5-3a2ea1c877eb"
                ],
                [
                    "f65816cf-b4f3-4763-a853-f0170d6207cf",
                    "a71e9329-4c0b-4fa6-ab66-95114a1c2c78",
                    "5d3a2853-f5c0-4372-a2f5-3a2ea1c877eb"
                ],
                [
                    "995f1834-9e89-4a2f-b0fd-0efd649781ec",
                    "a71e9329-4c0b-4fa6-ab66-95114a1c2c78",
                    "5d3a2853-f5c0-4372-a2f5-3a2ea1c877eb"
                ],
                [
                    "29e6103d-d4ed-4c58-bbf2-2880695a12b0",
                    "a71e9329-4c0b-4fa6-ab66-95114a1c2c78",
                    "5d3a2853-f5c0-4372-a2f5-3a2ea1c877eb"
                ],
                [
                    "1b56fed5-6ef5-48c9-9da4-37b87f6c4f4d",
                    "a71e9329-4c0b-4fa6-ab66-95114a1c2c78",
                    "5d3a2853-f5c0-4372-a2f5-3a2ea1c877eb"
                ],
                [
                    "1a2f4e39-c00d-46dd-b6cf-2806517a4e5f",
                    "a71e9329-4c0b-4fa6-ab66-95114a1c2c78",
                    "5d3a2853-f5c0-4372-a2f5-3a2ea1c877eb"
                ],
                [
                    "11a79ba3-aaf6-4ae3-9474-36270d57e0d8",
                    "a71e9329-4c0b-4fa6-ab66-95114a1c2c78",
                    "5d3a2853-f5c0-4372-a2f5-3a2ea1c877eb"
                ],
                [
                    "e5e11de3-9cfc-4e7b-a9b3-4538aa7a80bb",
                    "a71e9329-4c0b-4fa6-ab66-95114a1c2c78",
                    "5d3a2853-f5c0-4372-a2f5-3a2ea1c877eb"
                ],
                [
                    "fa8ac47d-331a-4a70-9254-e420fe20be99",
                    "a71e9329-4c0b-4fa6-ab66-95114a1c2c78",
                    "5d3a2853-f5c0-4372-a2f5-3a2ea1c877eb"
                ],
                [
                    "7e1659b3-afe2-422b-bbf7-c3a826a1400f",
                    "a71e9329-4c0b-4fa6-ab66-95114a1c2c78",
                    "5d3a2853-f5c0-4372-a2f5-3a2ea1c877eb"
                ],
                [
                    "5d590abc-c4aa-4773-9788-018fe7ebba26",
                    "a71e9329-4c0b-4fa6-ab66-95114a1c2c78",
                    "5d3a2853-f5c0-4372-a2f5-3a2ea1c877eb"
                ],
                [
                    "d0b8c54f-91c1-4ded-a1ae-f13d110d486a",
                    "a71e9329-4c0b-4fa6-ab66-95114a1c2c78",
                    "5d3a2853-f5c0-4372-a2f5-3a2ea1c877eb"
                ],
                [
                    "a6b2749d-8060-4d07-b953-6d240a9266ff",
                    "a71e9329-4c0b-4fa6-ab66-95114a1c2c78",
                    "5d3a2853-f5c0-4372-a2f5-3a2ea1c877eb"
                ],
                [
                    "c1ce8aae-1526-4933-9aa4-a945ae2441be",
                    "a71e9329-4c0b-4fa6-ab66-95114a1c2c78",
                    "5d3a2853-f5c0-4372-a2f5-3a2ea1c877eb"
                ],
                [
                    "05cee5c1-5697-439a-a3c1-ccb0bbff6720",
                    "a71e9329-4c0b-4fa6-ab66-95114a1c2c78",
                    "5d3a2853-f5c0-4372-a2f5-3a2ea1c877eb"
                ],
                [
                    "70c583a9-6125-4b9c-9337-2fd0c2adc663",
                    "a71e9329-4c0b-4fa6-ab66-95114a1c2c78",
                    "5d3a2853-f5c0-4372-a2f5-3a2ea1c877eb"
                ],
                [
                    "cf0d091c-1e4c-4c9c-a5c2-44c64637d16b",
                    "a71e9329-4c0b-4fa6-ab66-95114a1c2c78",
                    "5d3a2853-f5c0-4372-a2f5-3a2ea1c877eb"
                ],
                [
                    "94454991-8da7-4eb7-a71f-d4a03f2d28d6",
                    "a71e9329-4c0b-4fa6-ab66-95114a1c2c78",
                    "5d3a2853-f5c0-4372-a2f5-3a2ea1c877eb"
                ],
                [
                    "588c3500-e5d6-415b-a747-53eb957da916",
                    "a71e9329-4c0b-4fa6-ab66-95114a1c2c78",
                    "5d3a2853-f5c0-4372-a2f5-3a2ea1c877eb"
                ],
                [
                    "e3c8dbf6-d7d7-4ba6-8000-a63a89074209",
                    "a71e9329-4c0b-4fa6-ab66-95114a1c2c78",
                    "5d3a2853-f5c0-4372-a2f5-3a2ea1c877eb"
                ],
                [
                    "9a7bfaa2-28c0-486c-aa17-530235c7fd29",
                    "a71e9329-4c0b-4fa6-ab66-95114a1c2c78",
                    "5d3a2853-f5c0-4372-a2f5-3a2ea1c877eb"
                ],
                [
                    "e619546b-b8e9-45a4-abb8-ae55e3a7edc5",
                    "a71e9329-4c0b-4fa6-ab66-95114a1c2c78",
                    "5d3a2853-f5c0-4372-a2f5-3a2ea1c877eb"
                ],
                [
                    "e3155c3b-86e3-4baf-b23b-e3547d469dce",
                    "a71e9329-4c0b-4fa6-ab66-95114a1c2c78",
                    "5d3a2853-f5c0-4372-a2f5-3a2ea1c877eb"
                ],
                [
                    "98b52e1e-2cf6-44bd-8572-b5766637f58d",
                    "a71e9329-4c0b-4fa6-ab66-95114a1c2c78",
                    "5d3a2853-f5c0-4372-a2f5-3a2ea1c877eb"
                ],
                [
                    "4382bccb-1ea5-4ba1-a63f-4dbf1ee1dab9",
                    "a71e9329-4c0b-4fa6-ab66-95114a1c2c78",
                    "5d3a2853-f5c0-4372-a2f5-3a2ea1c877eb"
                ],
                [
                    "7f09fba4-9f65-48e6-adf9-89ae43772481",
                    "a71e9329-4c0b-4fa6-ab66-95114a1c2c78",
                    "5d3a2853-f5c0-4372-a2f5-3a2ea1c877eb"
                ],
                [
                    "23844b51-75dc-40b4-9bc7-3b3b9e4c55cf",
                    "a71e9329-4c0b-4fa6-ab66-95114a1c2c78",
                    "5d3a2853-f5c0-4372-a2f5-3a2ea1c877eb"
                ],
                [
                    "db95191c-30f9-4b94-9d37-697078dd7520",
                    "a71e9329-4c0b-4fa6-ab66-95114a1c2c78",
                    "5d3a2853-f5c0-4372-a2f5-3a2ea1c877eb"
                ],
                [
                    "0f534bc5-b6d7-4b1c-89d7-bf1d83833e1a",
                    "a71e9329-4c0b-4fa6-ab66-95114a1c2c78",
                    "5d3a2853-f5c0-4372-a2f5-3a2ea1c877eb"
                ],
                [
                    "ba96b965-ddb3-4d53-abec-876da58e48d0",
                    "a71e9329-4c0b-4fa6-ab66-95114a1c2c78",
                    "5d3a2853-f5c0-4372-a2f5-3a2ea1c877eb"
                ],
                [
                    "bd7ce072-e144-43dc-8628-3e92afb408d2",
                    "a71e9329-4c0b-4fa6-ab66-95114a1c2c78",
                    "5d3a2853-f5c0-4372-a2f5-3a2ea1c877eb"
                ],
                [
                    "47c891a8-0e29-4fc4-bff4-5a78bc1bd16b",
                    "a71e9329-4c0b-4fa6-ab66-95114a1c2c78",
                    "5d3a2853-f5c0-4372-a2f5-3a2ea1c877eb"
                ],
                [
                    "5c934787-678d-49c2-bcd2-3c54ba3a0a2a",
                    "a71e9329-4c0b-4fa6-ab66-95114a1c2c78",
                    "5d3a2853-f5c0-4372-a2f5-3a2ea1c877eb"
                ],
                [
                    "aa6b45de-7e94-473a-86da-9ea15d2215d5",
                    "a71e9329-4c0b-4fa6-ab66-95114a1c2c78",
                    "5d3a2853-f5c0-4372-a2f5-3a2ea1c877eb"
                ],
                [
                    "3873d8c2-4695-4d1e-ab72-e3c92626cdc3",
                    "a71e9329-4c0b-4fa6-ab66-95114a1c2c78",
                    "5d3a2853-f5c0-4372-a2f5-3a2ea1c877eb"
                ],
                [
                    "e57f2fdb-6035-4e93-9260-6db644b732e1",
                    "a71e9329-4c0b-4fa6-ab66-95114a1c2c78",
                    "5d3a2853-f5c0-4372-a2f5-3a2ea1c877eb"
                ],
                [
                    "3bc3637d-5c2a-4558-bfd0-feb687487e4e",
                    "a71e9329-4c0b-4fa6-ab66-95114a1c2c78",
                    "5d3a2853-f5c0-4372-a2f5-3a2ea1c877eb"
                ],
                [
                    "f54c48b0-d34d-4eaa-bdb1-598e7f54cb58",
                    "a71e9329-4c0b-4fa6-ab66-95114a1c2c78",
                    "5d3a2853-f5c0-4372-a2f5-3a2ea1c877eb"
                ],
                [
                    "a0035800-5d6a-457c-ad4f-2fb6beb0b8ca",
                    "a71e9329-4c0b-4fa6-ab66-95114a1c2c78",
                    "5d3a2853-f5c0-4372-a2f5-3a2ea1c877eb"
                ],
                [
                    "0fa8b586-77b4-4021-a4ce-2541e4bf291e",
                    "a71e9329-4c0b-4fa6-ab66-95114a1c2c78",
                    "5d3a2853-f5c0-4372-a2f5-3a2ea1c877eb"
                ],
                [
                    "3c4818e8-77e2-4020-b3c4-b86bf8aa5cf1",
                    "a71e9329-4c0b-4fa6-ab66-95114a1c2c78",
                    "5d3a2853-f5c0-4372-a2f5-3a2ea1c877eb"
                ],
                [
                    "6551048e-56cc-4179-8f90-8fba744f4c0b",
                    "a71e9329-4c0b-4fa6-ab66-95114a1c2c78",
                    "5d3a2853-f5c0-4372-a2f5-3a2ea1c877eb"
                ],
                [
                    "d0f3ebb4-b031-4e40-9c73-ad9856280f8d",
                    "a71e9329-4c0b-4fa6-ab66-95114a1c2c78",
                    "5d3a2853-f5c0-4372-a2f5-3a2ea1c877eb"
                ],
                [
                    "e8c061a4-30b6-4e14-871d-d980243be628",
                    "a71e9329-4c0b-4fa6-ab66-95114a1c2c78",
                    "5d3a2853-f5c0-4372-a2f5-3a2ea1c877eb"
                ],
                [
                    "33d6d996-0594-454f-b3e4-ec5eb02a879b",
                    "a71e9329-4c0b-4fa6-ab66-95114a1c2c78",
                    "5d3a2853-f5c0-4372-a2f5-3a2ea1c877eb"
                ],
                [
                    "cbfc1f7a-6397-4fd7-af8b-6531845a1f72",
                    "a71e9329-4c0b-4fa6-ab66-95114a1c2c78",
                    "5d3a2853-f5c0-4372-a2f5-3a2ea1c877eb"
                ],
                [
                    "f7bb64e0-bac6-4bfd-8af5-90f2e909ab93",
                    "a71e9329-4c0b-4fa6-ab66-95114a1c2c78",
                    "5d3a2853-f5c0-4372-a2f5-3a2ea1c877eb"
                ],
                [
                    "6669ad33-1a65-4c97-ba1a-e4663af2e130",
                    "a71e9329-4c0b-4fa6-ab66-95114a1c2c78",
                    "5d3a2853-f5c0-4372-a2f5-3a2ea1c877eb"
                ],
                [
                    "097d4f65-395e-49ba-8712-4bd517eb3408",
                    "a71e9329-4c0b-4fa6-ab66-95114a1c2c78",
                    "5d3a2853-f5c0-4372-a2f5-3a2ea1c877eb"
                ],
                [
                    "067a4152-8810-4413-b8f3-904cfdac3440",
                    "a71e9329-4c0b-4fa6-ab66-95114a1c2c78",
                    "5d3a2853-f5c0-4372-a2f5-3a2ea1c877eb"
                ],
                [
                    "705e8c7a-68e1-4608-a9ab-2821cdd340d9",
                    "a71e9329-4c0b-4fa6-ab66-95114a1c2c78",
                    "5d3a2853-f5c0-4372-a2f5-3a2ea1c877eb"
                ],
                [
                    "7075688d-7c67-4745-a9bf-f65a3cd1540c",
                    "a71e9329-4c0b-4fa6-ab66-95114a1c2c78",
                    "5d3a2853-f5c0-4372-a2f5-3a2ea1c877eb"
                ],
                [
                    "1e044883-3181-4f4a-a26b-92145cd3a019",
                    "a71e9329-4c0b-4fa6-ab66-95114a1c2c78",
                    "5d3a2853-f5c0-4372-a2f5-3a2ea1c877eb"
                ],
                [
                    "d935a1a3-98e9-442a-9924-2a0687a8572b",
                    "a71e9329-4c0b-4fa6-ab66-95114a1c2c78",
                    "5d3a2853-f5c0-4372-a2f5-3a2ea1c877eb"
                ],
                [
                    "2385acdc-e836-40b0-a0ac-b2bffc20abab",
                    "a71e9329-4c0b-4fa6-ab66-95114a1c2c78",
                    "5d3a2853-f5c0-4372-a2f5-3a2ea1c877eb"
                ],
                [
                    "01c9c094-45a0-4786-91f0-229169ae8ff9",
                    "a71e9329-4c0b-4fa6-ab66-95114a1c2c78",
                    "5d3a2853-f5c0-4372-a2f5-3a2ea1c877eb"
                ],
                [
                    "ccc0eb25-75b2-4f10-b513-4a4f5f0e8e85",
                    "a71e9329-4c0b-4fa6-ab66-95114a1c2c78",
                    "5d3a2853-f5c0-4372-a2f5-3a2ea1c877eb"
                ],
                [
                    "aee8467b-f798-42d8-8c80-c8d37beedf81",
                    "a71e9329-4c0b-4fa6-ab66-95114a1c2c78",
                    "5d3a2853-f5c0-4372-a2f5-3a2ea1c877eb"
                ],
                [
                    "b9a5b0e1-bcf0-4841-af19-7b2d9f904b97",
                    "a71e9329-4c0b-4fa6-ab66-95114a1c2c78",
                    "5d3a2853-f5c0-4372-a2f5-3a2ea1c877eb"
                ],
                [
                    "7db7bf4c-ebb0-44d4-8d98-d4ab8680152d",
                    "a71e9329-4c0b-4fa6-ab66-95114a1c2c78",
                    "5d3a2853-f5c0-4372-a2f5-3a2ea1c877eb"
                ],
                [
                    "4a1f96e6-de2b-43a4-a69e-5a609cf956f2",
                    "a71e9329-4c0b-4fa6-ab66-95114a1c2c78",
                    "5d3a2853-f5c0-4372-a2f5-3a2ea1c877eb"
                ],
                [
                    "13f9d726-e381-4542-9c07-b57f97db81df",
                    "a71e9329-4c0b-4fa6-ab66-95114a1c2c78",
                    "5d3a2853-f5c0-4372-a2f5-3a2ea1c877eb"
                ],
                [
                    "7e1383f7-5911-40d2-945b-cea4ef886190",
                    "a71e9329-4c0b-4fa6-ab66-95114a1c2c78",
                    "5d3a2853-f5c0-4372-a2f5-3a2ea1c877eb"
                ],
                [
                    "5fc342c1-ddfc-4056-a805-7fbf455e01f5",
                    "a71e9329-4c0b-4fa6-ab66-95114a1c2c78",
                    "5d3a2853-f5c0-4372-a2f5-3a2ea1c877eb"
                ],
                [
                    "02b87fad-8943-45bf-85fe-d1c946e547f1",
                    "a71e9329-4c0b-4fa6-ab66-95114a1c2c78",
                    "5d3a2853-f5c0-4372-a2f5-3a2ea1c877eb"
                ],
                [
                    "f31f5a56-70f2-49d2-958a-e93c625d2097",
                    "a71e9329-4c0b-4fa6-ab66-95114a1c2c78",
                    "5d3a2853-f5c0-4372-a2f5-3a2ea1c877eb"
                ],
                [
                    "4962acea-61ed-463d-98d7-da26d0f71881",
                    "a71e9329-4c0b-4fa6-ab66-95114a1c2c78",
                    "5d3a2853-f5c0-4372-a2f5-3a2ea1c877eb"
                ],
                [
                    "15abbd1e-e0bb-4a00-8f07-819c9caf5692",
                    "a71e9329-4c0b-4fa6-ab66-95114a1c2c78",
                    "5d3a2853-f5c0-4372-a2f5-3a2ea1c877eb"
                ],
                [
                    "f4e83149-bf71-42d5-9c55-6096ac0cac7b",
                    "a71e9329-4c0b-4fa6-ab66-95114a1c2c78",
                    "5d3a2853-f5c0-4372-a2f5-3a2ea1c877eb"
                ],
                [
                    "db8f445e-b4aa-4ab5-bc6f-1f3bf822b288",
                    "a71e9329-4c0b-4fa6-ab66-95114a1c2c78",
                    "5d3a2853-f5c0-4372-a2f5-3a2ea1c877eb"
                ],
                [
                    "aa47b56e-80be-4137-9efb-31790dff7d71",
                    "a71e9329-4c0b-4fa6-ab66-95114a1c2c78",
                    "5d3a2853-f5c0-4372-a2f5-3a2ea1c877eb"
                ],
                [
                    "da0af473-d56e-4aee-a682-1488cab21c1f",
                    "a71e9329-4c0b-4fa6-ab66-95114a1c2c78",
                    "5d3a2853-f5c0-4372-a2f5-3a2ea1c877eb"
                ],
                [
                    "2124a290-ba77-48a3-8639-821294ab04ca",
                    "a71e9329-4c0b-4fa6-ab66-95114a1c2c78",
                    "5d3a2853-f5c0-4372-a2f5-3a2ea1c877eb"
                ],
                [
                    "9317d44d-f875-4007-8ee6-1cabee23ccab",
                    "a71e9329-4c0b-4fa6-ab66-95114a1c2c78",
                    "5d3a2853-f5c0-4372-a2f5-3a2ea1c877eb"
                ],
                [
                    "a862f4c5-5e4c-4d41-b2f2-127a00ea36fb",
                    "a71e9329-4c0b-4fa6-ab66-95114a1c2c78",
                    "5d3a2853-f5c0-4372-a2f5-3a2ea1c877eb"
                ],
                [
                    "96897663-0daa-4b24-b457-af54a2283a40",
                    "a71e9329-4c0b-4fa6-ab66-95114a1c2c78",
                    "5d3a2853-f5c0-4372-a2f5-3a2ea1c877eb"
                ],
                [
                    "9aab61cd-d1fc-4caa-afa6-a11ecbd094bc",
                    "a71e9329-4c0b-4fa6-ab66-95114a1c2c78",
                    "5d3a2853-f5c0-4372-a2f5-3a2ea1c877eb"
                ],
                [
                    "5d1d6ee7-2bdc-472d-b4ae-82c0b14c34f9",
                    "a71e9329-4c0b-4fa6-ab66-95114a1c2c78",
                    "5d3a2853-f5c0-4372-a2f5-3a2ea1c877eb"
                ],
                [
                    "186b5b1b-8ffc-4db6-b926-6750d61497fa",
                    "a71e9329-4c0b-4fa6-ab66-95114a1c2c78",
                    "5d3a2853-f5c0-4372-a2f5-3a2ea1c877eb"
                ],
                [
                    "c226b62e-581e-44dc-84c0-d17081f80d4a",
                    "a71e9329-4c0b-4fa6-ab66-95114a1c2c78",
                    "5d3a2853-f5c0-4372-a2f5-3a2ea1c877eb"
                ],
                [
                    "4f6a844c-bfd5-4e71-8d0c-102004927afe",
                    "a71e9329-4c0b-4fa6-ab66-95114a1c2c78",
                    "5d3a2853-f5c0-4372-a2f5-3a2ea1c877eb"
                ],
                [
                    "4f54dd8a-ff0a-452f-8d91-0f6f76868131",
                    "a71e9329-4c0b-4fa6-ab66-95114a1c2c78",
                    "5d3a2853-f5c0-4372-a2f5-3a2ea1c877eb"
                ],
                [
                    "9a441cd1-4e65-4e4a-b1dc-fd66aea859ed",
                    "a71e9329-4c0b-4fa6-ab66-95114a1c2c78",
                    "5d3a2853-f5c0-4372-a2f5-3a2ea1c877eb"
                ],
                [
                    "a32ab6e5-02c6-492b-b54a-045293644b20",
                    "a71e9329-4c0b-4fa6-ab66-95114a1c2c78",
                    "5d3a2853-f5c0-4372-a2f5-3a2ea1c877eb"
                ],
                [
                    "0c992030-3c0b-4462-9ea3-7e223997e670",
                    "a71e9329-4c0b-4fa6-ab66-95114a1c2c78",
                    "5d3a2853-f5c0-4372-a2f5-3a2ea1c877eb"
                ],
                [
                    "5afee8f7-8af7-4b51-8f25-6c3d26088370",
                    "a71e9329-4c0b-4fa6-ab66-95114a1c2c78",
                    "5d3a2853-f5c0-4372-a2f5-3a2ea1c877eb"
                ],
                [
                    "2ce62f77-13e9-4965-9704-39a5e950706b",
                    "a71e9329-4c0b-4fa6-ab66-95114a1c2c78",
                    "5d3a2853-f5c0-4372-a2f5-3a2ea1c877eb"
                ],
                [
                    "a43b8871-f6bc-49a0-b0f5-8cd439259639",
                    "a71e9329-4c0b-4fa6-ab66-95114a1c2c78",
                    "5d3a2853-f5c0-4372-a2f5-3a2ea1c877eb"
                ],
                [
                    "e270715e-6320-4de9-b32e-c945031956e0",
                    "a71e9329-4c0b-4fa6-ab66-95114a1c2c78",
                    "5d3a2853-f5c0-4372-a2f5-3a2ea1c877eb"
                ],
                [
                    "f877b205-c165-40e7-b5cf-7798fa44deba",
                    "a71e9329-4c0b-4fa6-ab66-95114a1c2c78",
                    "5d3a2853-f5c0-4372-a2f5-3a2ea1c877eb"
                ],
                [
                    "5c20a268-bca4-4157-9927-35c47d014138",
                    "a71e9329-4c0b-4fa6-ab66-95114a1c2c78",
                    "5d3a2853-f5c0-4372-a2f5-3a2ea1c877eb"
                ],
                [
                    "7a9d12e5-995f-432a-bb6e-9172dad27575",
                    "a71e9329-4c0b-4fa6-ab66-95114a1c2c78",
                    "5d3a2853-f5c0-4372-a2f5-3a2ea1c877eb"
                ],
                [
                    "f776d31e-660b-4843-8b97-634f1019c8ed",
                    "a71e9329-4c0b-4fa6-ab66-95114a1c2c78",
                    "5d3a2853-f5c0-4372-a2f5-3a2ea1c877eb"
                ],
                [
                    "8b38fb5c-c7ad-40dd-bbcb-9820fb781d8d",
                    "a71e9329-4c0b-4fa6-ab66-95114a1c2c78",
                    "5d3a2853-f5c0-4372-a2f5-3a2ea1c877eb"
                ],
                [
                    "e81b00fd-59e1-4b62-bbd4-945507feb331",
                    "a71e9329-4c0b-4fa6-ab66-95114a1c2c78",
                    "5d3a2853-f5c0-4372-a2f5-3a2ea1c877eb"
                ],
                [
                    "6103d09b-76f1-4a29-a86b-64f90cdd312e",
                    "a71e9329-4c0b-4fa6-ab66-95114a1c2c78",
                    "5d3a2853-f5c0-4372-a2f5-3a2ea1c877eb"
                ],
                [
                    "510b26f3-2c79-4bc9-ac1b-ab44fcc8e93f",
                    "a71e9329-4c0b-4fa6-ab66-95114a1c2c78",
                    "5d3a2853-f5c0-4372-a2f5-3a2ea1c877eb"
                ],
                [
                    "07b9857e-3a46-49ad-8df3-8e0c6bc3f2c9",
                    "a71e9329-4c0b-4fa6-ab66-95114a1c2c78",
                    "5d3a2853-f5c0-4372-a2f5-3a2ea1c877eb"
                ],
                [
                    "2e31d54b-ef82-4b8c-88fe-1baf78056598",
                    "a71e9329-4c0b-4fa6-ab66-95114a1c2c78",
                    "5d3a2853-f5c0-4372-a2f5-3a2ea1c877eb"
                ],
                [
                    "9817c2ae-07fa-41cf-85ae-658b87fc3510",
                    "a71e9329-4c0b-4fa6-ab66-95114a1c2c78",
                    "5d3a2853-f5c0-4372-a2f5-3a2ea1c877eb"
                ],
                [
                    "2f6c1843-4eae-4f57-9791-9ae706ee9547",
                    "a71e9329-4c0b-4fa6-ab66-95114a1c2c78",
                    "5d3a2853-f5c0-4372-a2f5-3a2ea1c877eb"
                ],
                [
                    "316c9313-0728-4fbc-abc7-8cc84460764d",
                    "a71e9329-4c0b-4fa6-ab66-95114a1c2c78",
                    "5d3a2853-f5c0-4372-a2f5-3a2ea1c877eb"
                ],
                [
                    "1af3d7e6-9d3d-4a24-a6f9-4bd5dfdd996c",
                    "a71e9329-4c0b-4fa6-ab66-95114a1c2c78",
                    "5d3a2853-f5c0-4372-a2f5-3a2ea1c877eb"
                ],
                [
                    "a5f3e686-85f4-4629-8151-578e9fe170f9",
                    "a71e9329-4c0b-4fa6-ab66-95114a1c2c78",
                    "5d3a2853-f5c0-4372-a2f5-3a2ea1c877eb"
                ],
                [
                    "1c5805ad-e88f-42a3-ad8c-2acecf05abbe",
                    "a71e9329-4c0b-4fa6-ab66-95114a1c2c78",
                    "5d3a2853-f5c0-4372-a2f5-3a2ea1c877eb"
                ],
                [
                    "74cde254-6481-432c-8a18-23cfa8a7ed11",
                    "a71e9329-4c0b-4fa6-ab66-95114a1c2c78",
                    "5d3a2853-f5c0-4372-a2f5-3a2ea1c877eb"
                ],
                [
                    "3c8628ae-0302-44ee-8fba-431b4f98576b",
                    "a71e9329-4c0b-4fa6-ab66-95114a1c2c78",
                    "5d3a2853-f5c0-4372-a2f5-3a2ea1c877eb"
                ],
                [
                    "d6366306-7345-4120-bfbf-5d4c0d3c4c6c",
                    "a71e9329-4c0b-4fa6-ab66-95114a1c2c78",
                    "5d3a2853-f5c0-4372-a2f5-3a2ea1c877eb"
                ],
                [
                    "e71dbbdc-672d-4b99-82fa-b0bc67fa0472",
                    "a71e9329-4c0b-4fa6-ab66-95114a1c2c78",
                    "5d3a2853-f5c0-4372-a2f5-3a2ea1c877eb"
                ],
                [
                    "e36b1161-322e-4ffa-b249-9de3390c2343",
                    "a71e9329-4c0b-4fa6-ab66-95114a1c2c78",
                    "5d3a2853-f5c0-4372-a2f5-3a2ea1c877eb"
                ],
                [
                    "8ab7dc0b-c62c-4890-b7c2-d22c4bb3240e",
                    "a71e9329-4c0b-4fa6-ab66-95114a1c2c78",
                    "5d3a2853-f5c0-4372-a2f5-3a2ea1c877eb"
                ],
                [
                    "a9a99301-f26d-4674-b842-356d1da71260",
                    "a71e9329-4c0b-4fa6-ab66-95114a1c2c78",
                    "5d3a2853-f5c0-4372-a2f5-3a2ea1c877eb"
                ],
                [
                    "7f33ed15-2df7-4893-9d57-3da2047d9a18",
                    "a71e9329-4c0b-4fa6-ab66-95114a1c2c78",
                    "5d3a2853-f5c0-4372-a2f5-3a2ea1c877eb"
                ],
                [
                    "7748d852-9a06-44db-aa1d-cd1fad9706d1",
                    "a71e9329-4c0b-4fa6-ab66-95114a1c2c78",
                    "5d3a2853-f5c0-4372-a2f5-3a2ea1c877eb"
                ],
                [
                    "cc626722-e0a4-4047-aaa0-97775d5f9767",
                    "a71e9329-4c0b-4fa6-ab66-95114a1c2c78",
                    "5d3a2853-f5c0-4372-a2f5-3a2ea1c877eb"
                ],
                [
                    "19cd608e-863e-4a13-9e43-055d46913d17",
                    "a71e9329-4c0b-4fa6-ab66-95114a1c2c78",
                    "5d3a2853-f5c0-4372-a2f5-3a2ea1c877eb"
                ],
                [
                    "aa56ee27-2341-47cd-86bc-71a310268b0c",
                    "a71e9329-4c0b-4fa6-ab66-95114a1c2c78",
                    "5d3a2853-f5c0-4372-a2f5-3a2ea1c877eb"
                ],
                [
                    "cb16ef58-f398-4b09-999e-89ba9453d4f0",
                    "a71e9329-4c0b-4fa6-ab66-95114a1c2c78",
                    "5d3a2853-f5c0-4372-a2f5-3a2ea1c877eb"
                ],
                [
                    "83c3dc2d-327f-422f-bf06-e5c496e1f36f",
                    "a71e9329-4c0b-4fa6-ab66-95114a1c2c78",
                    "5d3a2853-f5c0-4372-a2f5-3a2ea1c877eb"
                ],
                [
                    "03f0d6ab-b527-4c83-83cd-68df59ddfb98",
                    "a71e9329-4c0b-4fa6-ab66-95114a1c2c78",
                    "5d3a2853-f5c0-4372-a2f5-3a2ea1c877eb"
                ],
                [
                    "e5c15e34-21e1-4de2-a17c-75c0fc6c2a3c",
                    "a71e9329-4c0b-4fa6-ab66-95114a1c2c78",
                    "5d3a2853-f5c0-4372-a2f5-3a2ea1c877eb"
                ],
                [
                    "b1f1fb7a-9e2f-488b-8ee5-f609ab4567d1",
                    "a71e9329-4c0b-4fa6-ab66-95114a1c2c78",
                    "5d3a2853-f5c0-4372-a2f5-3a2ea1c877eb"
                ],
                [
                    "8ee8c39a-1e3b-471a-be73-120c1b7563ed",
                    "a71e9329-4c0b-4fa6-ab66-95114a1c2c78",
                    "5d3a2853-f5c0-4372-a2f5-3a2ea1c877eb"
                ],
                [
                    "05c5b23f-5d71-4673-a583-82f130e5d912",
                    "a71e9329-4c0b-4fa6-ab66-95114a1c2c78",
                    "5d3a2853-f5c0-4372-a2f5-3a2ea1c877eb"
                ],
                [
                    "f2f09228-06c6-4575-9906-0bcc850e63b5",
                    "a71e9329-4c0b-4fa6-ab66-95114a1c2c78",
                    "5d3a2853-f5c0-4372-a2f5-3a2ea1c877eb"
                ],
                [
                    "f21d0167-94bd-4763-a38e-e5333d232dc9",
                    "a71e9329-4c0b-4fa6-ab66-95114a1c2c78",
                    "5d3a2853-f5c0-4372-a2f5-3a2ea1c877eb"
                ],
                [
                    "9ba33dcc-9dc7-4d38-b932-a5d5152256cb",
                    "a71e9329-4c0b-4fa6-ab66-95114a1c2c78",
                    "5d3a2853-f5c0-4372-a2f5-3a2ea1c877eb"
                ],
                [
                    "297f09c6-0780-4b9a-bb5c-cffeea9e33fd",
                    "a71e9329-4c0b-4fa6-ab66-95114a1c2c78",
                    "5d3a2853-f5c0-4372-a2f5-3a2ea1c877eb"
                ]
            ]
        }
    ]
}