{
    "query_name": "12c_keyword_keyword ",
    "query_sql": "SELECT \n    keyword1.keyword  \nFROM \n    author, organization, writes, publication, conference, publication_keyword, domain_conference, domain_keyword, keyword as keyword1, keyword as keyword2\nWHERE\n    author.oid = organization.oid\n    AND author.aid = writes.aid\n    AND writes.pid = publication.pid\n    AND publication.cid = conference.cid\n    AND publication.pid = publication_keyword.pid\n    AND publication_keyword.kid = keyword1.kid\n    AND conference.cid = domain_conference.cid\n    AND domain_conference.did = domain_keyword.did\n    AND domain_keyword.kid = keyword2.kid\n    AND keyword1.keyword = keyword2.keyword\n    AND organization.name = 'University of Michigan'\n    AND publication.year > 2010\n    AND publication.citation_count > 3\nGROUP BY keyword1.keyword  ",
    "results": [
        {
            "output_tuple": [
                "Markov Process"
            ],
            "tuple_id": "05aa0a13-7643-5326-a9b1-83ccf224da5b",
            "dnf": [
                [
                    "b9ef7149-13e7-46c3-bbd6-c44a4462bc24",
                    "90924742-6eba-4bc4-b10d-2a6c10d5a0f3",
                    "eb920871-6bdc-4d93-a1a2-a210f41523af",
                    "c4bcfcca-d1de-48c0-b0e4-0495a66bb31b",
                    "7e54bba7-30e1-41be-852b-9a081d22bbaf"
                ],
                [
                    "80e5b246-7413-4977-8817-f744c9d7e442",
                    "90924742-6eba-4bc4-b10d-2a6c10d5a0f3",
                    "eb920871-6bdc-4d93-a1a2-a210f41523af",
                    "c4bcfcca-d1de-48c0-b0e4-0495a66bb31b",
                    "7e54bba7-30e1-41be-852b-9a081d22bbaf"
                ]
            ]
        },
        {
            "output_tuple": [
                "Indexation"
            ],
            "tuple_id": "14cf3f90-e69a-5fc9-9498-e75f0a35f141",
            "dnf": [
                [
                    "80e5b246-7413-4977-8817-f744c9d7e442",
                    "90924742-6eba-4bc4-b10d-2a6c10d5a0f3",
                    "eb920871-6bdc-4d93-a1a2-a210f41523af",
                    "c4bcfcca-d1de-48c0-b0e4-0495a66bb31b",
                    "695ba3e5-54f0-4aa8-a96c-8e447b690d14"
                ],
                [
                    "b9ef7149-13e7-46c3-bbd6-c44a4462bc24",
                    "90924742-6eba-4bc4-b10d-2a6c10d5a0f3",
                    "eb920871-6bdc-4d93-a1a2-a210f41523af",
                    "c4bcfcca-d1de-48c0-b0e4-0495a66bb31b",
                    "695ba3e5-54f0-4aa8-a96c-8e447b690d14"
                ]
            ]
        },
        {
            "output_tuple": [
                "State Transition"
            ],
            "tuple_id": "2296c559-58b1-5255-8144-f0fc4b3002e2",
            "dnf": [
                [
                    "80e5b246-7413-4977-8817-f744c9d7e442",
                    "90924742-6eba-4bc4-b10d-2a6c10d5a0f3",
                    "eb920871-6bdc-4d93-a1a2-a210f41523af",
                    "c4bcfcca-d1de-48c0-b0e4-0495a66bb31b",
                    "b41e3332-a68d-4da6-ab85-26b0dfc59a92"
                ],
                [
                    "b9ef7149-13e7-46c3-bbd6-c44a4462bc24",
                    "90924742-6eba-4bc4-b10d-2a6c10d5a0f3",
                    "eb920871-6bdc-4d93-a1a2-a210f41523af",
                    "c4bcfcca-d1de-48c0-b0e4-0495a66bb31b",
                    "b41e3332-a68d-4da6-ab85-26b0dfc59a92"
                ]
            ]
        },
        {
            "output_tuple": [
                "Operating System"
            ],
            "tuple_id": "37385cc5-d79b-5339-a2f2-46e5705e3b84",
            "dnf": [
                [
                    "7e96d26d-28a9-453b-98e8-c0fd1f0bbdc7",
                    "90924742-6eba-4bc4-b10d-2a6c10d5a0f3",
                    "60414820-f183-4b86-8ae9-0cd33635d1e8",
                    "fb646f20-fcea-4b5e-9285-d6295e9a48b6",
                    "8fb3dfb8-84dc-4686-8945-37ffc3591de4"
                ],
                [
                    "ee472d3c-2b0a-4efe-a27b-36142f50ce69",
                    "90924742-6eba-4bc4-b10d-2a6c10d5a0f3",
                    "60414820-f183-4b86-8ae9-0cd33635d1e8",
                    "fb646f20-fcea-4b5e-9285-d6295e9a48b6",
                    "8fb3dfb8-84dc-4686-8945-37ffc3591de4"
                ]
            ]
        },
        {
            "output_tuple": [
                "Energy Consumption"
            ],
            "tuple_id": "37c62bc6-4dd6-50d5-947b-071014dfa3f3",
            "dnf": [
                [
                    "ee472d3c-2b0a-4efe-a27b-36142f50ce69",
                    "90924742-6eba-4bc4-b10d-2a6c10d5a0f3",
                    "60414820-f183-4b86-8ae9-0cd33635d1e8",
                    "fb646f20-fcea-4b5e-9285-d6295e9a48b6",
                    "bcfc3729-7491-40bd-a004-b1ddc52d3475"
                ],
                [
                    "7e96d26d-28a9-453b-98e8-c0fd1f0bbdc7",
                    "90924742-6eba-4bc4-b10d-2a6c10d5a0f3",
                    "60414820-f183-4b86-8ae9-0cd33635d1e8",
                    "fb646f20-fcea-4b5e-9285-d6295e9a48b6",
                    "bcfc3729-7491-40bd-a004-b1ddc52d3475"
                ]
            ]
        },
        {
            "output_tuple": [
                "Opportunistic Spectrum Access"
            ],
            "tuple_id": "5014ab52-7479-5c38-b78a-f04416266d6b",
            "dnf": [
                [
                    "b9ef7149-13e7-46c3-bbd6-c44a4462bc24",
                    "90924742-6eba-4bc4-b10d-2a6c10d5a0f3",
                    "eb920871-6bdc-4d93-a1a2-a210f41523af",
                    "c4bcfcca-d1de-48c0-b0e4-0495a66bb31b",
                    "02bd423d-c92d-4a59-b303-1fe77964550e"
                ],
                [
                    "80e5b246-7413-4977-8817-f744c9d7e442",
                    "90924742-6eba-4bc4-b10d-2a6c10d5a0f3",
                    "eb920871-6bdc-4d93-a1a2-a210f41523af",
                    "c4bcfcca-d1de-48c0-b0e4-0495a66bb31b",
                    "02bd423d-c92d-4a59-b303-1fe77964550e"
                ]
            ]
        },
        {
            "output_tuple": [
                "Channel Model"
            ],
            "tuple_id": "520c98e0-6fbe-5754-b4aa-2f2c89bf4236",
            "dnf": [
                [
                    "80e5b246-7413-4977-8817-f744c9d7e442",
                    "90924742-6eba-4bc4-b10d-2a6c10d5a0f3",
                    "eb920871-6bdc-4d93-a1a2-a210f41523af",
                    "c4bcfcca-d1de-48c0-b0e4-0495a66bb31b",
                    "90b536ca-086d-4605-85c7-0588d955cc04"
                ],
                [
                    "b9ef7149-13e7-46c3-bbd6-c44a4462bc24",
                    "90924742-6eba-4bc4-b10d-2a6c10d5a0f3",
                    "eb920871-6bdc-4d93-a1a2-a210f41523af",
                    "c4bcfcca-d1de-48c0-b0e4-0495a66bb31b",
                    "90b536ca-086d-4605-85c7-0588d955cc04"
                ]
            ]
        },
        {
            "output_tuple": [
                "Low Power"
            ],
            "tuple_id": "5b54c9f1-42f8-522e-87d7-276918846eb8",
            "dnf": [
                [
                    "ee472d3c-2b0a-4efe-a27b-36142f50ce69",
                    "90924742-6eba-4bc4-b10d-2a6c10d5a0f3",
                    "60414820-f183-4b86-8ae9-0cd33635d1e8",
                    "fb646f20-fcea-4b5e-9285-d6295e9a48b6",
                    "d21c9981-4c3f-430a-aa4e-0709a3f2c20e"
                ],
                [
                    "7e96d26d-28a9-453b-98e8-c0fd1f0bbdc7",
                    "90924742-6eba-4bc4-b10d-2a6c10d5a0f3",
                    "60414820-f183-4b86-8ae9-0cd33635d1e8",
                    "fb646f20-fcea-4b5e-9285-d6295e9a48b6",
                    "d21c9981-4c3f-430a-aa4e-0709a3f2c20e"
                ]
            ]
        },
        {
            "output_tuple": [
                "Secondary User"
            ],
            "tuple_id": "5c78259f-ae8a-5b11-ae84-61658153bee1",
            "dnf": [
                [
                    "b9ef7149-13e7-46c3-bbd6-c44a4462bc24",
                    "90924742-6eba-4bc4-b10d-2a6c10d5a0f3",
                    "eb920871-6bdc-4d93-a1a2-a210f41523af",
                    "c4bcfcca-d1de-48c0-b0e4-0495a66bb31b",
                    "1d809907-0cb8-4a0a-bae5-c694d6d7b5b7"
                ],
                [
                    "80e5b246-7413-4977-8817-f744c9d7e442",
                    "90924742-6eba-4bc4-b10d-2a6c10d5a0f3",
                    "eb920871-6bdc-4d93-a1a2-a210f41523af",
                    "c4bcfcca-d1de-48c0-b0e4-0495a66bb31b",
                    "1d809907-0cb8-4a0a-bae5-c694d6d7b5b7"
                ]
            ]
        },
        {
            "output_tuple": [
                "Energy Management"
            ],
            "tuple_id": "7110dff4-dbc8-5af5-a104-a77ba7364eb1",
            "dnf": [
                [
                    "7e96d26d-28a9-453b-98e8-c0fd1f0bbdc7",
                    "90924742-6eba-4bc4-b10d-2a6c10d5a0f3",
                    "60414820-f183-4b86-8ae9-0cd33635d1e8",
                    "fb646f20-fcea-4b5e-9285-d6295e9a48b6",
                    "cd206758-d1c3-43e7-a89c-11eae62f3a27"
                ],
                [
                    "ee472d3c-2b0a-4efe-a27b-36142f50ce69",
                    "90924742-6eba-4bc4-b10d-2a6c10d5a0f3",
                    "60414820-f183-4b86-8ae9-0cd33635d1e8",
                    "fb646f20-fcea-4b5e-9285-d6295e9a48b6",
                    "cd206758-d1c3-43e7-a89c-11eae62f3a27"
                ]
            ]
        },
        {
            "output_tuple": [
                "eigenvalues and eigenfunctions"
            ],
            "tuple_id": "73841f54-6deb-5c4d-95fd-9caa4213d7e4",
            "dnf": [
                [
                    "80e5b246-7413-4977-8817-f744c9d7e442",
                    "90924742-6eba-4bc4-b10d-2a6c10d5a0f3",
                    "eb920871-6bdc-4d93-a1a2-a210f41523af",
                    "c4bcfcca-d1de-48c0-b0e4-0495a66bb31b",
                    "d874854a-ddd4-45e9-910b-e073c8701f0a"
                ],
                [
                    "b9ef7149-13e7-46c3-bbd6-c44a4462bc24",
                    "90924742-6eba-4bc4-b10d-2a6c10d5a0f3",
                    "eb920871-6bdc-4d93-a1a2-a210f41523af",
                    "c4bcfcca-d1de-48c0-b0e4-0495a66bb31b",
                    "d874854a-ddd4-45e9-910b-e073c8701f0a"
                ]
            ]
        },
        {
            "output_tuple": [
                "Dynamic Frequency Scaling"
            ],
            "tuple_id": "7e6e82d2-ee61-535e-abd0-a0b01265879e",
            "dnf": [
                [
                    "7e96d26d-28a9-453b-98e8-c0fd1f0bbdc7",
                    "90924742-6eba-4bc4-b10d-2a6c10d5a0f3",
                    "60414820-f183-4b86-8ae9-0cd33635d1e8",
                    "fb646f20-fcea-4b5e-9285-d6295e9a48b6",
                    "2ab8e097-cd95-4f7f-b1dd-5e2cc92dafe7"
                ],
                [
                    "ee472d3c-2b0a-4efe-a27b-36142f50ce69",
                    "90924742-6eba-4bc4-b10d-2a6c10d5a0f3",
                    "60414820-f183-4b86-8ae9-0cd33635d1e8",
                    "fb646f20-fcea-4b5e-9285-d6295e9a48b6",
                    "2ab8e097-cd95-4f7f-b1dd-5e2cc92dafe7"
                ]
            ]
        },
        {
            "output_tuple": [
                "Time Varying"
            ],
            "tuple_id": "a3636b44-13ea-54ca-b10a-9089ac482281",
            "dnf": [
                [
                    "b9ef7149-13e7-46c3-bbd6-c44a4462bc24",
                    "90924742-6eba-4bc4-b10d-2a6c10d5a0f3",
                    "eb920871-6bdc-4d93-a1a2-a210f41523af",
                    "c4bcfcca-d1de-48c0-b0e4-0495a66bb31b",
                    "1130b35c-bcee-44d0-809e-c24ada6095a5"
                ],
                [
                    "80e5b246-7413-4977-8817-f744c9d7e442",
                    "90924742-6eba-4bc4-b10d-2a6c10d5a0f3",
                    "eb920871-6bdc-4d93-a1a2-a210f41523af",
                    "c4bcfcca-d1de-48c0-b0e4-0495a66bb31b",
                    "1130b35c-bcee-44d0-809e-c24ada6095a5"
                ]
            ]
        },
        {
            "output_tuple": [
                "Finite State Markov Chain"
            ],
            "tuple_id": "ccc5b5a3-df3f-5ebd-b2e0-2cddd6a7b283",
            "dnf": [
                [
                    "80e5b246-7413-4977-8817-f744c9d7e442",
                    "90924742-6eba-4bc4-b10d-2a6c10d5a0f3",
                    "eb920871-6bdc-4d93-a1a2-a210f41523af",
                    "c4bcfcca-d1de-48c0-b0e4-0495a66bb31b",
                    "28482272-b44e-4385-b82b-42c112b311ff"
                ],
                [
                    "b9ef7149-13e7-46c3-bbd6-c44a4462bc24",
                    "90924742-6eba-4bc4-b10d-2a6c10d5a0f3",
                    "eb920871-6bdc-4d93-a1a2-a210f41523af",
                    "c4bcfcca-d1de-48c0-b0e4-0495a66bb31b",
                    "28482272-b44e-4385-b82b-42c112b311ff"
                ]
            ]
        },
        {
            "output_tuple": [
                "Performance Bounds"
            ],
            "tuple_id": "d24005cb-d88f-5a72-9f6f-df401c759f44",
            "dnf": [
                [
                    "80e5b246-7413-4977-8817-f744c9d7e442",
                    "90924742-6eba-4bc4-b10d-2a6c10d5a0f3",
                    "eb920871-6bdc-4d93-a1a2-a210f41523af",
                    "c4bcfcca-d1de-48c0-b0e4-0495a66bb31b",
                    "d9ad14e1-f3f1-4774-891e-32e8cc1dc0e4"
                ],
                [
                    "b9ef7149-13e7-46c3-bbd6-c44a4462bc24",
                    "90924742-6eba-4bc4-b10d-2a6c10d5a0f3",
                    "eb920871-6bdc-4d93-a1a2-a210f41523af",
                    "c4bcfcca-d1de-48c0-b0e4-0495a66bb31b",
                    "d9ad14e1-f3f1-4774-891e-32e8cc1dc0e4"
                ]
            ]
        },
        {
            "output_tuple": [
                "Dynamic Voltage and Frequency Scaling"
            ],
            "tuple_id": "e553daf3-8837-55f2-a703-6a4a8cd81d37",
            "dnf": [
                [
                    "7e96d26d-28a9-453b-98e8-c0fd1f0bbdc7",
                    "90924742-6eba-4bc4-b10d-2a6c10d5a0f3",
                    "60414820-f183-4b86-8ae9-0cd33635d1e8",
                    "fb646f20-fcea-4b5e-9285-d6295e9a48b6",
                    "61c60e4a-0eaf-41f1-b5b3-3c1a90286046"
                ],
                [
                    "ee472d3c-2b0a-4efe-a27b-36142f50ce69",
                    "90924742-6eba-4bc4-b10d-2a6c10d5a0f3",
                    "60414820-f183-4b86-8ae9-0cd33635d1e8",
                    "fb646f20-fcea-4b5e-9285-d6295e9a48b6",
                    "61c60e4a-0eaf-41f1-b5b3-3c1a90286046"
                ]
            ]
        },
        {
            "output_tuple": [
                "Potential Difference"
            ],
            "tuple_id": "ecc5cdde-6a7a-50a9-95fa-2fb14c8abd8d",
            "dnf": [
                [
                    "80e5b246-7413-4977-8817-f744c9d7e442",
                    "90924742-6eba-4bc4-b10d-2a6c10d5a0f3",
                    "eb920871-6bdc-4d93-a1a2-a210f41523af",
                    "c4bcfcca-d1de-48c0-b0e4-0495a66bb31b",
                    "4ea6323b-0d98-47e8-8878-0158d77bbb47"
                ],
                [
                    "b9ef7149-13e7-46c3-bbd6-c44a4462bc24",
                    "90924742-6eba-4bc4-b10d-2a6c10d5a0f3",
                    "eb920871-6bdc-4d93-a1a2-a210f41523af",
                    "c4bcfcca-d1de-48c0-b0e4-0495a66bb31b",
                    "4ea6323b-0d98-47e8-8878-0158d77bbb47"
                ]
            ]
        },
        {
            "output_tuple": [
                "Markov Chain"
            ],
            "tuple_id": "f620836e-4c5a-5302-a296-63176c226bf0",
            "dnf": [
                [
                    "80e5b246-7413-4977-8817-f744c9d7e442",
                    "90924742-6eba-4bc4-b10d-2a6c10d5a0f3",
                    "eb920871-6bdc-4d93-a1a2-a210f41523af",
                    "c4bcfcca-d1de-48c0-b0e4-0495a66bb31b",
                    "e38ed5a6-f5c9-4f0f-8466-6b73d2022889"
                ],
                [
                    "b9ef7149-13e7-46c3-bbd6-c44a4462bc24",
                    "90924742-6eba-4bc4-b10d-2a6c10d5a0f3",
                    "eb920871-6bdc-4d93-a1a2-a210f41523af",
                    "c4bcfcca-d1de-48c0-b0e4-0495a66bb31b",
                    "e38ed5a6-f5c9-4f0f-8466-6b73d2022889"
                ]
            ]
        },
        {
            "output_tuple": [
                "Memory Bandwidth"
            ],
            "tuple_id": "fbe1c041-0c62-5833-8200-dfd19f3511fd",
            "dnf": [
                [
                    "7e96d26d-28a9-453b-98e8-c0fd1f0bbdc7",
                    "90924742-6eba-4bc4-b10d-2a6c10d5a0f3",
                    "60414820-f183-4b86-8ae9-0cd33635d1e8",
                    "fb646f20-fcea-4b5e-9285-d6295e9a48b6",
                    "0034b0d3-94b0-443a-9f44-ec470053bf3e"
                ],
                [
                    "ee472d3c-2b0a-4efe-a27b-36142f50ce69",
                    "90924742-6eba-4bc4-b10d-2a6c10d5a0f3",
                    "60414820-f183-4b86-8ae9-0cd33635d1e8",
                    "fb646f20-fcea-4b5e-9285-d6295e9a48b6",
                    "0034b0d3-94b0-443a-9f44-ec470053bf3e"
                ]
            ]
        },
        {
            "output_tuple": [
                "a priori knowledge"
            ],
            "tuple_id": "fbf6f0af-7da0-5d65-8f55-df10fcf700d7",
            "dnf": [
                [
                    "80e5b246-7413-4977-8817-f744c9d7e442",
                    "90924742-6eba-4bc4-b10d-2a6c10d5a0f3",
                    "eb920871-6bdc-4d93-a1a2-a210f41523af",
                    "c4bcfcca-d1de-48c0-b0e4-0495a66bb31b",
                    "352f7630-2ed5-44c8-9555-2f2ba5b48a27"
                ],
                [
                    "b9ef7149-13e7-46c3-bbd6-c44a4462bc24",
                    "90924742-6eba-4bc4-b10d-2a6c10d5a0f3",
                    "eb920871-6bdc-4d93-a1a2-a210f41523af",
                    "c4bcfcca-d1de-48c0-b0e4-0495a66bb31b",
                    "352f7630-2ed5-44c8-9555-2f2ba5b48a27"
                ]
            ]
        }
    ]
}