{
    "query_name": "12c_conference_name",
    "query_sql": "SELECT \n    conference.name \nFROM \n    author, organization, writes, publication, conference, publication_keyword, domain_conference, domain_keyword, keyword as keyword1, keyword as keyword2\nWHERE\n    author.oid = organization.oid\n    AND author.aid = writes.aid\n    AND writes.pid = publication.pid\n    AND publication.cid = conference.cid\n    AND publication.pid = publication_keyword.pid\n    AND publication_keyword.kid = keyword1.kid\n    AND conference.cid = domain_conference.cid\n    AND domain_conference.did = domain_keyword.did\n    AND domain_keyword.kid = keyword2.kid\n    AND keyword1.keyword = keyword2.keyword\n    AND organization.name = 'University of Michigan'\n    AND publication.year > 2010\n    AND publication.citation_count > 3\nGROUP BY conference.name ",
    "results": [
        {
            "output_tuple": [
                "INFOCOM"
            ],
            "tuple_id": "6dd724e1-6b0f-592b-8f3a-bf91e9138245",
            "dnf": [
                [
                    "80e5b246-7413-4977-8817-f744c9d7e442",
                    "90924742-6eba-4bc4-b10d-2a6c10d5a0f3",
                    "eb920871-6bdc-4d93-a1a2-a210f41523af",
                    "c4bcfcca-d1de-48c0-b0e4-0495a66bb31b",
                    "e38ed5a6-f5c9-4f0f-8466-6b73d2022889"
                ],
                [
                    "b9ef7149-13e7-46c3-bbd6-c44a4462bc24",
                    "90924742-6eba-4bc4-b10d-2a6c10d5a0f3",
                    "eb920871-6bdc-4d93-a1a2-a210f41523af",
                    "c4bcfcca-d1de-48c0-b0e4-0495a66bb31b",
                    "1d809907-0cb8-4a0a-bae5-c694d6d7b5b7"
                ],
                [
                    "b9ef7149-13e7-46c3-bbd6-c44a4462bc24",
                    "90924742-6eba-4bc4-b10d-2a6c10d5a0f3",
                    "eb920871-6bdc-4d93-a1a2-a210f41523af",
                    "c4bcfcca-d1de-48c0-b0e4-0495a66bb31b",
                    "1130b35c-bcee-44d0-809e-c24ada6095a5"
                ],
                [
                    "80e5b246-7413-4977-8817-f744c9d7e442",
                    "90924742-6eba-4bc4-b10d-2a6c10d5a0f3",
                    "eb920871-6bdc-4d93-a1a2-a210f41523af",
                    "c4bcfcca-d1de-48c0-b0e4-0495a66bb31b",
                    "b41e3332-a68d-4da6-ab85-26b0dfc59a92"
                ],
                [
                    "b9ef7149-13e7-46c3-bbd6-c44a4462bc24",
                    "90924742-6eba-4bc4-b10d-2a6c10d5a0f3",
                    "eb920871-6bdc-4d93-a1a2-a210f41523af",
                    "c4bcfcca-d1de-48c0-b0e4-0495a66bb31b",
                    "7e54bba7-30e1-41be-852b-9a081d22bbaf"
                ],
                [
                    "80e5b246-7413-4977-8817-f744c9d7e442",
                    "90924742-6eba-4bc4-b10d-2a6c10d5a0f3",
                    "eb920871-6bdc-4d93-a1a2-a210f41523af",
                    "c4bcfcca-d1de-48c0-b0e4-0495a66bb31b",
                    "352f7630-2ed5-44c8-9555-2f2ba5b48a27"
                ],
                [
                    "80e5b246-7413-4977-8817-f744c9d7e442",
                    "90924742-6eba-4bc4-b10d-2a6c10d5a0f3",
                    "eb920871-6bdc-4d93-a1a2-a210f41523af",
                    "c4bcfcca-d1de-48c0-b0e4-0495a66bb31b",
                    "d9ad14e1-f3f1-4774-891e-32e8cc1dc0e4"
                ],
                [
                    "80e5b246-7413-4977-8817-f744c9d7e442",
                    "90924742-6eba-4bc4-b10d-2a6c10d5a0f3",
                    "eb920871-6bdc-4d93-a1a2-a210f41523af",
                    "c4bcfcca-d1de-48c0-b0e4-0495a66bb31b",
                    "695ba3e5-54f0-4aa8-a96c-8e447b690d14"
                ],
                [
                    "b9ef7149-13e7-46c3-bbd6-c44a4462bc24",
                    "90924742-6eba-4bc4-b10d-2a6c10d5a0f3",
                    "eb920871-6bdc-4d93-a1a2-a210f41523af",
                    "c4bcfcca-d1de-48c0-b0e4-0495a66bb31b",
                    "02bd423d-c92d-4a59-b303-1fe77964550e"
                ],
                [
                    "80e5b246-7413-4977-8817-f744c9d7e442",
                    "90924742-6eba-4bc4-b10d-2a6c10d5a0f3",
                    "eb920871-6bdc-4d93-a1a2-a210f41523af",
                    "c4bcfcca-d1de-48c0-b0e4-0495a66bb31b",
                    "d874854a-ddd4-45e9-910b-e073c8701f0a"
                ],
                [
                    "80e5b246-7413-4977-8817-f744c9d7e442",
                    "90924742-6eba-4bc4-b10d-2a6c10d5a0f3",
                    "eb920871-6bdc-4d93-a1a2-a210f41523af",
                    "c4bcfcca-d1de-48c0-b0e4-0495a66bb31b",
                    "28482272-b44e-4385-b82b-42c112b311ff"
                ],
                [
                    "b9ef7149-13e7-46c3-bbd6-c44a4462bc24",
                    "90924742-6eba-4bc4-b10d-2a6c10d5a0f3",
                    "eb920871-6bdc-4d93-a1a2-a210f41523af",
                    "c4bcfcca-d1de-48c0-b0e4-0495a66bb31b",
                    "695ba3e5-54f0-4aa8-a96c-8e447b690d14"
                ],
                [
                    "80e5b246-7413-4977-8817-f744c9d7e442",
                    "90924742-6eba-4bc4-b10d-2a6c10d5a0f3",
                    "eb920871-6bdc-4d93-a1a2-a210f41523af",
                    "c4bcfcca-d1de-48c0-b0e4-0495a66bb31b",
                    "90b536ca-086d-4605-85c7-0588d955cc04"
                ],
                [
                    "80e5b246-7413-4977-8817-f744c9d7e442",
                    "90924742-6eba-4bc4-b10d-2a6c10d5a0f3",
                    "eb920871-6bdc-4d93-a1a2-a210f41523af",
                    "c4bcfcca-d1de-48c0-b0e4-0495a66bb31b",
                    "1130b35c-bcee-44d0-809e-c24ada6095a5"
                ],
                [
                    "80e5b246-7413-4977-8817-f744c9d7e442",
                    "90924742-6eba-4bc4-b10d-2a6c10d5a0f3",
                    "eb920871-6bdc-4d93-a1a2-a210f41523af",
                    "c4bcfcca-d1de-48c0-b0e4-0495a66bb31b",
                    "4ea6323b-0d98-47e8-8878-0158d77bbb47"
                ],
                [
                    "80e5b246-7413-4977-8817-f744c9d7e442",
                    "90924742-6eba-4bc4-b10d-2a6c10d5a0f3",
                    "eb920871-6bdc-4d93-a1a2-a210f41523af",
                    "c4bcfcca-d1de-48c0-b0e4-0495a66bb31b",
                    "02bd423d-c92d-4a59-b303-1fe77964550e"
                ],
                [
                    "b9ef7149-13e7-46c3-bbd6-c44a4462bc24",
                    "90924742-6eba-4bc4-b10d-2a6c10d5a0f3",
                    "eb920871-6bdc-4d93-a1a2-a210f41523af",
                    "c4bcfcca-d1de-48c0-b0e4-0495a66bb31b",
                    "b41e3332-a68d-4da6-ab85-26b0dfc59a92"
                ],
                [
                    "b9ef7149-13e7-46c3-bbd6-c44a4462bc24",
                    "90924742-6eba-4bc4-b10d-2a6c10d5a0f3",
                    "eb920871-6bdc-4d93-a1a2-a210f41523af",
                    "c4bcfcca-d1de-48c0-b0e4-0495a66bb31b",
                    "28482272-b44e-4385-b82b-42c112b311ff"
                ],
                [
                    "b9ef7149-13e7-46c3-bbd6-c44a4462bc24",
                    "90924742-6eba-4bc4-b10d-2a6c10d5a0f3",
                    "eb920871-6bdc-4d93-a1a2-a210f41523af",
                    "c4bcfcca-d1de-48c0-b0e4-0495a66bb31b",
                    "4ea6323b-0d98-47e8-8878-0158d77bbb47"
                ],
                [
                    "b9ef7149-13e7-46c3-bbd6-c44a4462bc24",
                    "90924742-6eba-4bc4-b10d-2a6c10d5a0f3",
                    "eb920871-6bdc-4d93-a1a2-a210f41523af",
                    "c4bcfcca-d1de-48c0-b0e4-0495a66bb31b",
                    "d9ad14e1-f3f1-4774-891e-32e8cc1dc0e4"
                ],
                [
                    "b9ef7149-13e7-46c3-bbd6-c44a4462bc24",
                    "90924742-6eba-4bc4-b10d-2a6c10d5a0f3",
                    "eb920871-6bdc-4d93-a1a2-a210f41523af",
                    "c4bcfcca-d1de-48c0-b0e4-0495a66bb31b",
                    "352f7630-2ed5-44c8-9555-2f2ba5b48a27"
                ],
                [
                    "b9ef7149-13e7-46c3-bbd6-c44a4462bc24",
                    "90924742-6eba-4bc4-b10d-2a6c10d5a0f3",
                    "eb920871-6bdc-4d93-a1a2-a210f41523af",
                    "c4bcfcca-d1de-48c0-b0e4-0495a66bb31b",
                    "90b536ca-086d-4605-85c7-0588d955cc04"
                ],
                [
                    "80e5b246-7413-4977-8817-f744c9d7e442",
                    "90924742-6eba-4bc4-b10d-2a6c10d5a0f3",
                    "eb920871-6bdc-4d93-a1a2-a210f41523af",
                    "c4bcfcca-d1de-48c0-b0e4-0495a66bb31b",
                    "1d809907-0cb8-4a0a-bae5-c694d6d7b5b7"
                ],
                [
                    "80e5b246-7413-4977-8817-f744c9d7e442",
                    "90924742-6eba-4bc4-b10d-2a6c10d5a0f3",
                    "eb920871-6bdc-4d93-a1a2-a210f41523af",
                    "c4bcfcca-d1de-48c0-b0e4-0495a66bb31b",
                    "7e54bba7-30e1-41be-852b-9a081d22bbaf"
                ],
                [
                    "b9ef7149-13e7-46c3-bbd6-c44a4462bc24",
                    "90924742-6eba-4bc4-b10d-2a6c10d5a0f3",
                    "eb920871-6bdc-4d93-a1a2-a210f41523af",
                    "c4bcfcca-d1de-48c0-b0e4-0495a66bb31b",
                    "e38ed5a6-f5c9-4f0f-8466-6b73d2022889"
                ],
                [
                    "b9ef7149-13e7-46c3-bbd6-c44a4462bc24",
                    "90924742-6eba-4bc4-b10d-2a6c10d5a0f3",
                    "eb920871-6bdc-4d93-a1a2-a210f41523af",
                    "c4bcfcca-d1de-48c0-b0e4-0495a66bb31b",
                    "d874854a-ddd4-45e9-910b-e073c8701f0a"
                ]
            ]
        },
        {
            "output_tuple": [
                "ASPLOS"
            ],
            "tuple_id": "dee3fee2-69d0-535f-b1a2-1f1b8579e77f",
            "dnf": [
                [
                    "7e96d26d-28a9-453b-98e8-c0fd1f0bbdc7",
                    "90924742-6eba-4bc4-b10d-2a6c10d5a0f3",
                    "60414820-f183-4b86-8ae9-0cd33635d1e8",
                    "fb646f20-fcea-4b5e-9285-d6295e9a48b6",
                    "8fb3dfb8-84dc-4686-8945-37ffc3591de4"
                ],
                [
                    "7e96d26d-28a9-453b-98e8-c0fd1f0bbdc7",
                    "90924742-6eba-4bc4-b10d-2a6c10d5a0f3",
                    "60414820-f183-4b86-8ae9-0cd33635d1e8",
                    "fb646f20-fcea-4b5e-9285-d6295e9a48b6",
                    "2ab8e097-cd95-4f7f-b1dd-5e2cc92dafe7"
                ],
                [
                    "ee472d3c-2b0a-4efe-a27b-36142f50ce69",
                    "90924742-6eba-4bc4-b10d-2a6c10d5a0f3",
                    "60414820-f183-4b86-8ae9-0cd33635d1e8",
                    "fb646f20-fcea-4b5e-9285-d6295e9a48b6",
                    "bcfc3729-7491-40bd-a004-b1ddc52d3475"
                ],
                [
                    "7e96d26d-28a9-453b-98e8-c0fd1f0bbdc7",
                    "90924742-6eba-4bc4-b10d-2a6c10d5a0f3",
                    "60414820-f183-4b86-8ae9-0cd33635d1e8",
                    "fb646f20-fcea-4b5e-9285-d6295e9a48b6",
                    "61c60e4a-0eaf-41f1-b5b3-3c1a90286046"
                ],
                [
                    "7e96d26d-28a9-453b-98e8-c0fd1f0bbdc7",
                    "90924742-6eba-4bc4-b10d-2a6c10d5a0f3",
                    "60414820-f183-4b86-8ae9-0cd33635d1e8",
                    "fb646f20-fcea-4b5e-9285-d6295e9a48b6",
                    "bcfc3729-7491-40bd-a004-b1ddc52d3475"
                ],
                [
                    "ee472d3c-2b0a-4efe-a27b-36142f50ce69",
                    "90924742-6eba-4bc4-b10d-2a6c10d5a0f3",
                    "60414820-f183-4b86-8ae9-0cd33635d1e8",
                    "fb646f20-fcea-4b5e-9285-d6295e9a48b6",
                    "8fb3dfb8-84dc-4686-8945-37ffc3591de4"
                ],
                [
                    "ee472d3c-2b0a-4efe-a27b-36142f50ce69",
                    "90924742-6eba-4bc4-b10d-2a6c10d5a0f3",
                    "60414820-f183-4b86-8ae9-0cd33635d1e8",
                    "fb646f20-fcea-4b5e-9285-d6295e9a48b6",
                    "d21c9981-4c3f-430a-aa4e-0709a3f2c20e"
                ],
                [
                    "ee472d3c-2b0a-4efe-a27b-36142f50ce69",
                    "90924742-6eba-4bc4-b10d-2a6c10d5a0f3",
                    "60414820-f183-4b86-8ae9-0cd33635d1e8",
                    "fb646f20-fcea-4b5e-9285-d6295e9a48b6",
                    "61c60e4a-0eaf-41f1-b5b3-3c1a90286046"
                ],
                [
                    "7e96d26d-28a9-453b-98e8-c0fd1f0bbdc7",
                    "90924742-6eba-4bc4-b10d-2a6c10d5a0f3",
                    "60414820-f183-4b86-8ae9-0cd33635d1e8",
                    "fb646f20-fcea-4b5e-9285-d6295e9a48b6",
                    "cd206758-d1c3-43e7-a89c-11eae62f3a27"
                ],
                [
                    "ee472d3c-2b0a-4efe-a27b-36142f50ce69",
                    "90924742-6eba-4bc4-b10d-2a6c10d5a0f3",
                    "60414820-f183-4b86-8ae9-0cd33635d1e8",
                    "fb646f20-fcea-4b5e-9285-d6295e9a48b6",
                    "2ab8e097-cd95-4f7f-b1dd-5e2cc92dafe7"
                ],
                [
                    "7e96d26d-28a9-453b-98e8-c0fd1f0bbdc7",
                    "90924742-6eba-4bc4-b10d-2a6c10d5a0f3",
                    "60414820-f183-4b86-8ae9-0cd33635d1e8",
                    "fb646f20-fcea-4b5e-9285-d6295e9a48b6",
                    "0034b0d3-94b0-443a-9f44-ec470053bf3e"
                ],
                [
                    "ee472d3c-2b0a-4efe-a27b-36142f50ce69",
                    "90924742-6eba-4bc4-b10d-2a6c10d5a0f3",
                    "60414820-f183-4b86-8ae9-0cd33635d1e8",
                    "fb646f20-fcea-4b5e-9285-d6295e9a48b6",
                    "0034b0d3-94b0-443a-9f44-ec470053bf3e"
                ],
                [
                    "ee472d3c-2b0a-4efe-a27b-36142f50ce69",
                    "90924742-6eba-4bc4-b10d-2a6c10d5a0f3",
                    "60414820-f183-4b86-8ae9-0cd33635d1e8",
                    "fb646f20-fcea-4b5e-9285-d6295e9a48b6",
                    "cd206758-d1c3-43e7-a89c-11eae62f3a27"
                ],
                [
                    "7e96d26d-28a9-453b-98e8-c0fd1f0bbdc7",
                    "90924742-6eba-4bc4-b10d-2a6c10d5a0f3",
                    "60414820-f183-4b86-8ae9-0cd33635d1e8",
                    "fb646f20-fcea-4b5e-9285-d6295e9a48b6",
                    "d21c9981-4c3f-430a-aa4e-0709a3f2c20e"
                ]
            ]
        }
    ]
}