{
    "query_name": "1a_journal_full_name",
    "query_sql": "SELECT \n\tjournal.full_name \nFROM \n\tauthor, organization, writes, publication, journal, domain_journal, domain \nWHERE\n\tauthor.oid = organization.oid\n\tAND author.aid = writes.aid\n    AND writes.pid = publication.pid\n    AND publication.jid = journal.jid\n    AND journal.jid = domain_journal.jid\n    AND domain_journal.did = domain.did\n    AND author.paper_count > 10\n    AND organization.name = 'Tel Aviv University'\n    AND publication.year > 2010\n    AND publication.citation_count > 1\nGROUP BY journal.full_name ",
    "results": [
        {
            "output_tuple": [
                "Algorithmica"
            ],
            "tuple_id": "2a4aed32-30fb-58ce-afab-c1fe62279cc0",
            "dnf": [
                [
                    "85f027b4-b0eb-4871-8024-e201574cb6b7",
                    "092a526c-16d9-4835-addc-8886f5366c79",
                    "b505d7b7-9acb-4f21-bbe3-66274c527b9e",
                    "f439b006-ad89-491a-bc3f-c9636584454c",
                    "a6c161b9-7195-4fc1-8c96-e2f45a9f9a82"
                ]
            ]
        },
        {
            "output_tuple": [
                "Discrete & Computational Geometry"
            ],
            "tuple_id": "65fa64a3-98ef-5ba8-ba29-fb074db7bf2e",
            "dnf": [
                [
                    "9fef0520-51b9-458f-925c-b352a6948457",
                    "092a526c-16d9-4835-addc-8886f5366c79",
                    "22a2196c-1f88-4e20-89de-8f452e2b7c13",
                    "af09b946-7a8b-4d0e-9538-3a4a05e9e98c",
                    "0bc3305b-332a-402c-b729-aad605a64deb"
                ],
                [
                    "3518fb21-dfe6-493a-b791-65e0b9a65c27",
                    "092a526c-16d9-4835-addc-8886f5366c79",
                    "22a2196c-1f88-4e20-89de-8f452e2b7c13",
                    "af09b946-7a8b-4d0e-9538-3a4a05e9e98c",
                    "0bc3305b-332a-402c-b729-aad605a64deb"
                ],
                [
                    "9fef0520-51b9-458f-925c-b352a6948457",
                    "092a526c-16d9-4835-addc-8886f5366c79",
                    "a5a721e0-82aa-4e75-8ee2-3723db79d542",
                    "af09b946-7a8b-4d0e-9538-3a4a05e9e98c",
                    "0bc3305b-332a-402c-b729-aad605a64deb"
                ],
                [
                    "9fef0520-51b9-458f-925c-b352a6948457",
                    "092a526c-16d9-4835-addc-8886f5366c79",
                    "22a2196c-1f88-4e20-89de-8f452e2b7c13",
                    "af09b946-7a8b-4d0e-9538-3a4a05e9e98c",
                    "4dbb9aa3-6fe5-47eb-a672-9276ddd345be"
                ],
                [
                    "3518fb21-dfe6-493a-b791-65e0b9a65c27",
                    "092a526c-16d9-4835-addc-8886f5366c79",
                    "a5a721e0-82aa-4e75-8ee2-3723db79d542",
                    "af09b946-7a8b-4d0e-9538-3a4a05e9e98c",
                    "0bc3305b-332a-402c-b729-aad605a64deb"
                ],
                [
                    "3518fb21-dfe6-493a-b791-65e0b9a65c27",
                    "092a526c-16d9-4835-addc-8886f5366c79",
                    "22a2196c-1f88-4e20-89de-8f452e2b7c13",
                    "af09b946-7a8b-4d0e-9538-3a4a05e9e98c",
                    "4dbb9aa3-6fe5-47eb-a672-9276ddd345be"
                ],
                [
                    "3518fb21-dfe6-493a-b791-65e0b9a65c27",
                    "092a526c-16d9-4835-addc-8886f5366c79",
                    "a5a721e0-82aa-4e75-8ee2-3723db79d542",
                    "af09b946-7a8b-4d0e-9538-3a4a05e9e98c",
                    "4dbb9aa3-6fe5-47eb-a672-9276ddd345be"
                ],
                [
                    "9fef0520-51b9-458f-925c-b352a6948457",
                    "092a526c-16d9-4835-addc-8886f5366c79",
                    "a5a721e0-82aa-4e75-8ee2-3723db79d542",
                    "af09b946-7a8b-4d0e-9538-3a4a05e9e98c",
                    "4dbb9aa3-6fe5-47eb-a672-9276ddd345be"
                ]
            ]
        },
        {
            "output_tuple": [
                "Software and System Modeling"
            ],
            "tuple_id": "91b78860-4d3c-5c11-b7ef-033de7aa319a",
            "dnf": [
                [
                    "1aee1eb7-0a3f-416a-8c12-8f0fd913433f",
                    "092a526c-16d9-4835-addc-8886f5366c79",
                    "42c519cd-4e9a-4610-9f55-8011e4ba9e51",
                    "a5c6f4d0-8344-4b73-862b-ece9526b4a42",
                    "e66a6b41-fd8a-4967-a62e-04c56a6c8858"
                ]
            ]
        },
        {
            "output_tuple": [
                "Electronic Colloquium on Computational Complexity"
            ],
            "tuple_id": "9def795c-8a3e-5646-949b-279d550275fe",
            "dnf": [
                [
                    "d0414898-cb94-4ed0-8c49-2f6f47c123e7",
                    "092a526c-16d9-4835-addc-8886f5366c79",
                    "b6012d19-fe13-4e76-930a-4d9262882f34",
                    "314eda2a-9ac5-426c-a8eb-11a5aa765cfa",
                    "a6c161b9-7195-4fc1-8c96-e2f45a9f9a82"
                ],
                [
                    "7785d608-2143-467e-8483-a84be8b0ff4d",
                    "092a526c-16d9-4835-addc-8886f5366c79",
                    "b6012d19-fe13-4e76-930a-4d9262882f34",
                    "314eda2a-9ac5-426c-a8eb-11a5aa765cfa",
                    "4dbb9aa3-6fe5-47eb-a672-9276ddd345be"
                ],
                [
                    "d0414898-cb94-4ed0-8c49-2f6f47c123e7",
                    "092a526c-16d9-4835-addc-8886f5366c79",
                    "b6012d19-fe13-4e76-930a-4d9262882f34",
                    "314eda2a-9ac5-426c-a8eb-11a5aa765cfa",
                    "4dbb9aa3-6fe5-47eb-a672-9276ddd345be"
                ],
                [
                    "7785d608-2143-467e-8483-a84be8b0ff4d",
                    "092a526c-16d9-4835-addc-8886f5366c79",
                    "b6012d19-fe13-4e76-930a-4d9262882f34",
                    "314eda2a-9ac5-426c-a8eb-11a5aa765cfa",
                    "a6c161b9-7195-4fc1-8c96-e2f45a9f9a82"
                ]
            ]
        },
        {
            "output_tuple": [
                "The Computing Research Repository"
            ],
            "tuple_id": "af43c1ca-403a-5038-a17b-f8ee19350f6c",
            "dnf": [
                [
                    "6a601848-0bcb-414a-8fbc-d8b6f67285ff",
                    "092a526c-16d9-4835-addc-8886f5366c79",
                    "0719a6ef-f7db-4b15-b65f-2d679bfc528d",
                    "627c73c9-c4a4-4174-866d-6ad8dcb751e5",
                    "35b98f24-6243-4005-8215-cd3dc6af8a02"
                ],
                [
                    "6a601848-0bcb-414a-8fbc-d8b6f67285ff",
                    "092a526c-16d9-4835-addc-8886f5366c79",
                    "0719a6ef-f7db-4b15-b65f-2d679bfc528d",
                    "627c73c9-c4a4-4174-866d-6ad8dcb751e5",
                    "a6c161b9-7195-4fc1-8c96-e2f45a9f9a82"
                ],
                [
                    "80a16d7d-849a-46f6-93f4-2d6cede1190e",
                    "092a526c-16d9-4835-addc-8886f5366c79",
                    "0719a6ef-f7db-4b15-b65f-2d679bfc528d",
                    "627c73c9-c4a4-4174-866d-6ad8dcb751e5",
                    "a6c161b9-7195-4fc1-8c96-e2f45a9f9a82"
                ],
                [
                    "80a16d7d-849a-46f6-93f4-2d6cede1190e",
                    "092a526c-16d9-4835-addc-8886f5366c79",
                    "0719a6ef-f7db-4b15-b65f-2d679bfc528d",
                    "627c73c9-c4a4-4174-866d-6ad8dcb751e5",
                    "35b98f24-6243-4005-8215-cd3dc6af8a02"
                ],
                [
                    "0ea233ec-c636-4c20-984b-d3278d23c4bb",
                    "092a526c-16d9-4835-addc-8886f5366c79",
                    "e94c21f5-c955-4873-a384-fafd79155fc6",
                    "627c73c9-c4a4-4174-866d-6ad8dcb751e5",
                    "a6c161b9-7195-4fc1-8c96-e2f45a9f9a82"
                ],
                [
                    "0ea233ec-c636-4c20-984b-d3278d23c4bb",
                    "092a526c-16d9-4835-addc-8886f5366c79",
                    "e94c21f5-c955-4873-a384-fafd79155fc6",
                    "627c73c9-c4a4-4174-866d-6ad8dcb751e5",
                    "35b98f24-6243-4005-8215-cd3dc6af8a02"
                ],
                [
                    "6a601848-0bcb-414a-8fbc-d8b6f67285ff",
                    "092a526c-16d9-4835-addc-8886f5366c79",
                    "0719a6ef-f7db-4b15-b65f-2d679bfc528d",
                    "627c73c9-c4a4-4174-866d-6ad8dcb751e5",
                    "4dbb9aa3-6fe5-47eb-a672-9276ddd345be"
                ],
                [
                    "80a16d7d-849a-46f6-93f4-2d6cede1190e",
                    "092a526c-16d9-4835-addc-8886f5366c79",
                    "0719a6ef-f7db-4b15-b65f-2d679bfc528d",
                    "627c73c9-c4a4-4174-866d-6ad8dcb751e5",
                    "4dbb9aa3-6fe5-47eb-a672-9276ddd345be"
                ],
                [
                    "b9c0b567-7661-4e19-bd06-eb0590b35842",
                    "092a526c-16d9-4835-addc-8886f5366c79",
                    "e94c21f5-c955-4873-a384-fafd79155fc6",
                    "627c73c9-c4a4-4174-866d-6ad8dcb751e5",
                    "4dbb9aa3-6fe5-47eb-a672-9276ddd345be"
                ],
                [
                    "0ea233ec-c636-4c20-984b-d3278d23c4bb",
                    "092a526c-16d9-4835-addc-8886f5366c79",
                    "e94c21f5-c955-4873-a384-fafd79155fc6",
                    "627c73c9-c4a4-4174-866d-6ad8dcb751e5",
                    "4dbb9aa3-6fe5-47eb-a672-9276ddd345be"
                ],
                [
                    "b9c0b567-7661-4e19-bd06-eb0590b35842",
                    "092a526c-16d9-4835-addc-8886f5366c79",
                    "e94c21f5-c955-4873-a384-fafd79155fc6",
                    "627c73c9-c4a4-4174-866d-6ad8dcb751e5",
                    "35b98f24-6243-4005-8215-cd3dc6af8a02"
                ],
                [
                    "b9c0b567-7661-4e19-bd06-eb0590b35842",
                    "092a526c-16d9-4835-addc-8886f5366c79",
                    "e94c21f5-c955-4873-a384-fafd79155fc6",
                    "627c73c9-c4a4-4174-866d-6ad8dcb751e5",
                    "a6c161b9-7195-4fc1-8c96-e2f45a9f9a82"
                ]
            ]
        },
        {
            "output_tuple": [
                "IEEE/ACM Transactions on Computational Biology and Bioinformatics"
            ],
            "tuple_id": "dad4d237-876a-5f3c-a39d-8a25d56115d4",
            "dnf": [
                [
                    "1f8bb3df-1f75-4178-9ac6-2184896b25ff",
                    "092a526c-16d9-4835-addc-8886f5366c79",
                    "bc3f16ef-b5fc-4ce3-8771-301862263253",
                    "8ab08777-fcc2-45c1-b21c-9b62f04e2b97",
                    "3c4701f5-4095-4937-8b63-b0226a175604"
                ],
                [
                    "756107d5-a7fe-4bdb-ac9f-e97241fa15b1",
                    "092a526c-16d9-4835-addc-8886f5366c79",
                    "bc3f16ef-b5fc-4ce3-8771-301862263253",
                    "8ab08777-fcc2-45c1-b21c-9b62f04e2b97",
                    "3c4701f5-4095-4937-8b63-b0226a175604"
                ]
            ]
        },
        {
            "output_tuple": [
                "Computer Speech & Language"
            ],
            "tuple_id": "f37ae239-a47e-53c0-8fd6-cef9137e6655",
            "dnf": [
                [
                    "d55521b3-684c-4e54-8175-93dfc654b8c1",
                    "092a526c-16d9-4835-addc-8886f5366c79",
                    "3f77b9b0-2fe5-473d-8780-c35d23317bad",
                    "8a6b5f9d-1abb-40f2-869b-8f9c2b4b62bb",
                    "b2a16ca1-7517-46de-bc8d-d9eb6e2076ec"
                ],
                [
                    "c66981be-89a0-43ab-9ba8-6c2f8620e2df",
                    "092a526c-16d9-4835-addc-8886f5366c79",
                    "3f77b9b0-2fe5-473d-8780-c35d23317bad",
                    "8a6b5f9d-1abb-40f2-869b-8f9c2b4b62bb",
                    "b2a16ca1-7517-46de-bc8d-d9eb6e2076ec"
                ]
            ]
        }
    ]
}