{
    "query_name": "1b_conference_name",
    "query_sql": "SELECT \n\tconference.name \nFROM \n\tauthor, organization, writes, publication, conference, domain_conference, domain \nWHERE\n\tauthor.oid = organization.oid\n\tAND author.aid = writes.aid\n    AND writes.pid = publication.pid\n    AND publication.cid = conference.cid\n    AND conference.cid = domain_conference.cid\n    AND domain_conference.did = domain.did\n    AND author.paper_count < 100\n    AND author.citation_count > 1000\n    AND organization.name = 'University of California San Diego'\n    AND publication.year > 2010\nGROUP BY conference.name ",
    "results": [
        {
            "output_tuple": [
                "DBPL"
            ],
            "tuple_id": "02034b31-77c5-5419-ad3a-2665b8828f03",
            "dnf": [
                [
                    "4e252524-13ef-4c22-a20e-c99cccb36134",
                    "3b4aa457-be37-4d47-b161-a59cceb4b768",
                    "6bd98eff-6e43-495a-a216-2f343a56b3e3",
                    "85405864-fdf1-4a6d-bf39-f51a5586a60e",
                    "35b98f24-6243-4005-8215-cd3dc6af8a02"
                ]
            ]
        },
        {
            "output_tuple": [
                "FOCS"
            ],
            "tuple_id": "0cc47e55-ecfd-5b5d-b059-486e6a1d32eb",
            "dnf": [
                [
                    "d59008aa-c4a2-42db-9423-41846cb0f6e7",
                    "3b4aa457-be37-4d47-b161-a59cceb4b768",
                    "de230029-ba8d-4fef-8574-e9ecc8d1f8f8",
                    "99b37654-509d-4d25-91e7-37cc55cda171",
                    "a6c161b9-7195-4fc1-8c96-e2f45a9f9a82"
                ]
            ]
        },
        {
            "output_tuple": [
                "CIDR"
            ],
            "tuple_id": "0e321d36-714c-562b-9b01-a755984c62b5",
            "dnf": [
                [
                    "c2acb03b-64c5-4101-a66f-032586767db7",
                    "3b4aa457-be37-4d47-b161-a59cceb4b768",
                    "f59d3a53-2112-429b-b877-432b6b9e0562",
                    "b1525268-9319-407d-b4bd-5b48387803ff",
                    "35b98f24-6243-4005-8215-cd3dc6af8a02"
                ],
                [
                    "4e252524-13ef-4c22-a20e-c99cccb36134",
                    "3b4aa457-be37-4d47-b161-a59cceb4b768",
                    "4db70592-9450-4d38-b3da-efebbc934405",
                    "b1525268-9319-407d-b4bd-5b48387803ff",
                    "35b98f24-6243-4005-8215-cd3dc6af8a02"
                ],
                [
                    "4e252524-13ef-4c22-a20e-c99cccb36134",
                    "3b4aa457-be37-4d47-b161-a59cceb4b768",
                    "8309ca0c-d8c2-4d02-99a5-0329c4ba38f3",
                    "b1525268-9319-407d-b4bd-5b48387803ff",
                    "35b98f24-6243-4005-8215-cd3dc6af8a02"
                ],
                [
                    "b55d1292-84df-4ba9-878c-afd5a189d227",
                    "3b4aa457-be37-4d47-b161-a59cceb4b768",
                    "4db70592-9450-4d38-b3da-efebbc934405",
                    "b1525268-9319-407d-b4bd-5b48387803ff",
                    "35b98f24-6243-4005-8215-cd3dc6af8a02"
                ]
            ]
        },
        {
            "output_tuple": [
                "TABLETOP"
            ],
            "tuple_id": "0f15acce-5bc9-5def-be86-5fcbe2025c86",
            "dnf": [
                [
                    "2925f7f7-3f36-4d2c-ac08-745bec02b5a9",
                    "3b4aa457-be37-4d47-b161-a59cceb4b768",
                    "b7a37ab6-9dde-4110-93b7-ef0cbfa50b41",
                    "870da8da-3242-4727-bd9f-3b2d290082f0",
                    "6eb29b65-83a4-4cd6-9e39-422a11827398"
                ],
                [
                    "2925f7f7-3f36-4d2c-ac08-745bec02b5a9",
                    "3b4aa457-be37-4d47-b161-a59cceb4b768",
                    "a5c4cebc-a1ae-4faf-96af-ce0604cd7a07",
                    "870da8da-3242-4727-bd9f-3b2d290082f0",
                    "6eb29b65-83a4-4cd6-9e39-422a11827398"
                ]
            ]
        },
        {
            "output_tuple": [
                "ESOP"
            ],
            "tuple_id": "1124c9ad-161b-5ded-a0c1-1994051563be",
            "dnf": [
                [
                    "a44fb5f5-dbe6-4002-92ae-a9cef6a44d56",
                    "3b4aa457-be37-4d47-b161-a59cceb4b768",
                    "14bb63b0-563d-41cc-a203-19139a5e94c2",
                    "627f25fb-1004-430c-82c7-afe803bf14bd",
                    "f30c7de3-87b3-4cea-95c6-7b3ae1b47287"
                ]
            ]
        },
        {
            "output_tuple": [
                "IUI"
            ],
            "tuple_id": "16265292-bc92-5ebc-98e5-56904ed813a6",
            "dnf": [
                [
                    "2925f7f7-3f36-4d2c-ac08-745bec02b5a9",
                    "3b4aa457-be37-4d47-b161-a59cceb4b768",
                    "b278392b-a9c7-447e-980a-b8e6315cfc1a",
                    "d061c3c2-0ce6-4846-a8c8-ea246bac3118",
                    "6eb29b65-83a4-4cd6-9e39-422a11827398"
                ],
                [
                    "2925f7f7-3f36-4d2c-ac08-745bec02b5a9",
                    "3b4aa457-be37-4d47-b161-a59cceb4b768",
                    "b9077ca6-78dc-4de5-9fc0-e0c16d516fb5",
                    "d061c3c2-0ce6-4846-a8c8-ea246bac3118",
                    "6eb29b65-83a4-4cd6-9e39-422a11827398"
                ]
            ]
        },
        {
            "output_tuple": [
                "PLDI"
            ],
            "tuple_id": "18bdc878-f668-5bec-a709-4d4db755920d",
            "dnf": [
                [
                    "a44fb5f5-dbe6-4002-92ae-a9cef6a44d56",
                    "3b4aa457-be37-4d47-b161-a59cceb4b768",
                    "ec11595f-bcf1-4b50-b278-31107ceb899a",
                    "94a671b9-0967-4989-9613-76f96f1caaa5",
                    "f30c7de3-87b3-4cea-95c6-7b3ae1b47287"
                ],
                [
                    "a44fb5f5-dbe6-4002-92ae-a9cef6a44d56",
                    "3b4aa457-be37-4d47-b161-a59cceb4b768",
                    "7932844a-5d7e-42ce-8a67-f4146ba32e0a",
                    "94a671b9-0967-4989-9613-76f96f1caaa5",
                    "f30c7de3-87b3-4cea-95c6-7b3ae1b47287"
                ]
            ]
        },
        {
            "output_tuple": [
                "CISS"
            ],
            "tuple_id": "22690957-7706-5f7f-98b5-e37678d7a25c",
            "dnf": [
                [
                    "4a60a5fc-af1b-46b3-92b8-29e3e9c8217e",
                    "3b4aa457-be37-4d47-b161-a59cceb4b768",
                    "a9a7c30b-b43b-4df3-9955-b5bde44572f1",
                    "999b57ce-a542-4596-a712-1a4be5e94347",
                    "6eb29b65-83a4-4cd6-9e39-422a11827398"
                ],
                [
                    "4a60a5fc-af1b-46b3-92b8-29e3e9c8217e",
                    "3b4aa457-be37-4d47-b161-a59cceb4b768",
                    "8bd1462d-c1bc-4789-9d6f-93d8badc64b4",
                    "999b57ce-a542-4596-a712-1a4be5e94347",
                    "6eb29b65-83a4-4cd6-9e39-422a11827398"
                ]
            ]
        },
        {
            "output_tuple": [
                "VMCAI"
            ],
            "tuple_id": "274bab2c-dd22-5508-812d-3914d4855e4c",
            "dnf": [
                [
                    "a44fb5f5-dbe6-4002-92ae-a9cef6a44d56",
                    "3b4aa457-be37-4d47-b161-a59cceb4b768",
                    "2d918d26-25c2-4114-b187-54ada25522d9",
                    "4ed14483-56e0-4a0c-9485-26cae0cd6a10",
                    "e66a6b41-fd8a-4967-a62e-04c56a6c8858"
                ]
            ]
        },
        {
            "output_tuple": [
                "OSDI"
            ],
            "tuple_id": "2908cd56-2592-5262-b406-c7476f88cf99",
            "dnf": [
                [
                    "a44fb5f5-dbe6-4002-92ae-a9cef6a44d56",
                    "3b4aa457-be37-4d47-b161-a59cceb4b768",
                    "a760a76b-7cd8-4161-8a12-bae5396a655e",
                    "0a473291-eaa2-4251-89e2-7639a7ee563c",
                    "f0a8ff9c-a522-4ad0-9df0-7d3f1a9a9623"
                ]
            ]
        },
        {
            "output_tuple": [
                "KR"
            ],
            "tuple_id": "2a0dafa9-c15a-5007-ad92-a2ca2db1bb5f",
            "dnf": [
                [
                    "c2acb03b-64c5-4101-a66f-032586767db7",
                    "3b4aa457-be37-4d47-b161-a59cceb4b768",
                    "3fe51299-8968-4374-90ce-c5d93af3dffd",
                    "58d4f443-08bf-4495-9046-704cd2a82a5a",
                    "328d1f07-72ae-48ac-84cd-7198726a4ad4"
                ]
            ]
        },
        {
            "output_tuple": [
                "PODS"
            ],
            "tuple_id": "2a240319-2a68-5546-a0a1-1df3518d3c8d",
            "dnf": [
                [
                    "c2acb03b-64c5-4101-a66f-032586767db7",
                    "3b4aa457-be37-4d47-b161-a59cceb4b768",
                    "99b4703d-4c5c-4d38-a845-bf08402b89d5",
                    "8241e1d5-3f01-4443-a795-9876b225fcfe",
                    "35b98f24-6243-4005-8215-cd3dc6af8a02"
                ]
            ]
        },
        {
            "output_tuple": [
                "ICMI"
            ],
            "tuple_id": "2b46d3ec-acf8-52f2-8edb-063ff6f7868c",
            "dnf": [
                [
                    "7ad4f549-1bd8-4301-b8cf-4c90cb0ef70d",
                    "3b4aa457-be37-4d47-b161-a59cceb4b768",
                    "6215d2d9-0332-49b5-b4e2-331d6c329f25",
                    "c7a7f485-4a90-455e-93cb-3c4d3fecf6c2",
                    "6eb29b65-83a4-4cd6-9e39-422a11827398"
                ]
            ]
        },
        {
            "output_tuple": [
                "ICMLA"
            ],
            "tuple_id": "2e4d36f9-bdd6-5d98-9ddc-a9a44f9d0b82",
            "dnf": [
                [
                    "b55d1292-84df-4ba9-878c-afd5a189d227",
                    "3b4aa457-be37-4d47-b161-a59cceb4b768",
                    "d89c5603-0400-4380-95cf-810617863e14",
                    "2990a46a-9367-49d8-8fbf-638e4ff4ea9e",
                    "328d1f07-72ae-48ac-84cd-7198726a4ad4"
                ]
            ]
        },
        {
            "output_tuple": [
                "WWW"
            ],
            "tuple_id": "2e7143ad-4be1-5761-b286-1df20f3074a1",
            "dnf": [
                [
                    "c4ad365f-d891-4770-8a68-706d02bdd187",
                    "3b4aa457-be37-4d47-b161-a59cceb4b768",
                    "5a1a049f-1992-4335-845c-be9c0820574a",
                    "6432c7cb-5f0e-4bfa-9958-ee6c55e512dc",
                    "d4fc2056-1c33-4216-978c-36dc5ae0f594"
                ],
                [
                    "c4ad365f-d891-4770-8a68-706d02bdd187",
                    "3b4aa457-be37-4d47-b161-a59cceb4b768",
                    "69cbbdd4-9b02-4e47-adf1-790c8a3d9853",
                    "6432c7cb-5f0e-4bfa-9958-ee6c55e512dc",
                    "d4fc2056-1c33-4216-978c-36dc5ae0f594"
                ]
            ]
        },
        {
            "output_tuple": [
                "CONEXT"
            ],
            "tuple_id": "305cd8b3-4795-550c-ac8d-5242f6f0cb5d",
            "dnf": [
                [
                    "f2033421-3251-462c-9c3f-8f8b5f976f5c",
                    "3b4aa457-be37-4d47-b161-a59cceb4b768",
                    "f5957ed5-7d90-4160-b458-9aab97f3e4ea",
                    "920502f3-195c-4e4f-a5ec-1fbe02671a5c",
                    "8f8391f5-68d8-4309-9a16-9011811bd31d"
                ],
                [
                    "1733a967-295a-4668-83ce-688988306249",
                    "3b4aa457-be37-4d47-b161-a59cceb4b768",
                    "76dfaa85-2f20-465a-b9b1-f031cd389a44",
                    "920502f3-195c-4e4f-a5ec-1fbe02671a5c",
                    "8f8391f5-68d8-4309-9a16-9011811bd31d"
                ]
            ]
        },
        {
            "output_tuple": [
                "USS"
            ],
            "tuple_id": "31a83d90-8893-5f4b-b79a-17dce4a6a262",
            "dnf": [
                [
                    "b8d8b977-079a-42cd-a49d-27d919f4c4a0",
                    "3b4aa457-be37-4d47-b161-a59cceb4b768",
                    "6134cf23-1629-4d27-bc94-181e6d972621",
                    "4fe2c152-98fe-4129-8ad6-063c779818cf",
                    "08ed9238-08b0-4fe9-bf90-497ee742781f"
                ],
                [
                    "f2033421-3251-462c-9c3f-8f8b5f976f5c",
                    "3b4aa457-be37-4d47-b161-a59cceb4b768",
                    "100bdee1-32d4-40c1-91b5-291474793136",
                    "4fe2c152-98fe-4129-8ad6-063c779818cf",
                    "08ed9238-08b0-4fe9-bf90-497ee742781f"
                ],
                [
                    "b8d8b977-079a-42cd-a49d-27d919f4c4a0",
                    "3b4aa457-be37-4d47-b161-a59cceb4b768",
                    "ced268ab-7680-4617-9b72-7b8d424b6cd2",
                    "4fe2c152-98fe-4129-8ad6-063c779818cf",
                    "08ed9238-08b0-4fe9-bf90-497ee742781f"
                ],
                [
                    "b8d8b977-079a-42cd-a49d-27d919f4c4a0",
                    "3b4aa457-be37-4d47-b161-a59cceb4b768",
                    "858e3925-671e-4c35-9927-31a73a84afac",
                    "4fe2c152-98fe-4129-8ad6-063c779818cf",
                    "08ed9238-08b0-4fe9-bf90-497ee742781f"
                ],
                [
                    "b8d8b977-079a-42cd-a49d-27d919f4c4a0",
                    "3b4aa457-be37-4d47-b161-a59cceb4b768",
                    "e34db73e-d4a1-40fe-a2e3-f4fbc9f56869",
                    "4fe2c152-98fe-4129-8ad6-063c779818cf",
                    "08ed9238-08b0-4fe9-bf90-497ee742781f"
                ],
                [
                    "b8d8b977-079a-42cd-a49d-27d919f4c4a0",
                    "3b4aa457-be37-4d47-b161-a59cceb4b768",
                    "b250cd4a-eb7b-4330-a557-309576bdaa94",
                    "4fe2c152-98fe-4129-8ad6-063c779818cf",
                    "08ed9238-08b0-4fe9-bf90-497ee742781f"
                ]
            ]
        },
        {
            "output_tuple": [
                "JSAI"
            ],
            "tuple_id": "35f40710-41cd-5653-88b2-d71bed4aaf16",
            "dnf": [
                [
                    "04b67e99-0309-41a3-a529-68594e2b92f5",
                    "3b4aa457-be37-4d47-b161-a59cceb4b768",
                    "19fc7361-c47f-48e0-a2a1-4853be12db43",
                    "f74a1d07-7eb4-42f7-8651-e3777d25b4d7",
                    "328d1f07-72ae-48ac-84cd-7198726a4ad4"
                ]
            ]
        },
        {
            "output_tuple": [
                "BIRTHDAY"
            ],
            "tuple_id": "37e8ba47-30d9-544c-ab82-e443de55add3",
            "dnf": [
                [
                    "c2acb03b-64c5-4101-a66f-032586767db7",
                    "3b4aa457-be37-4d47-b161-a59cceb4b768",
                    "bf1e61ac-78a0-41ac-b0ff-288f48006d70",
                    "7eaba1ee-6601-4272-af82-afd17809fc4e",
                    "a6c161b9-7195-4fc1-8c96-e2f45a9f9a82"
                ]
            ]
        },
        {
            "output_tuple": [
                "SIGMETRICS"
            ],
            "tuple_id": "38ce7785-4143-5f2a-8696-d823807efe5c",
            "dnf": [
                [
                    "f2033421-3251-462c-9c3f-8f8b5f976f5c",
                    "3b4aa457-be37-4d47-b161-a59cceb4b768",
                    "135e45bb-937f-4d02-a9ff-96a2110c703b",
                    "22b5bc21-9219-4af5-b58a-b17cde0e6055",
                    "8f8391f5-68d8-4309-9a16-9011811bd31d"
                ],
                [
                    "f2033421-3251-462c-9c3f-8f8b5f976f5c",
                    "3b4aa457-be37-4d47-b161-a59cceb4b768",
                    "135e45bb-937f-4d02-a9ff-96a2110c703b",
                    "22b5bc21-9219-4af5-b58a-b17cde0e6055",
                    "f0a8ff9c-a522-4ad0-9df0-7d3f1a9a9623"
                ]
            ]
        },
        {
            "output_tuple": [
                "HUC"
            ],
            "tuple_id": "3caba08a-fa45-5b95-bf87-76a13ae6608f",
            "dnf": [
                [
                    "c4ad365f-d891-4770-8a68-706d02bdd187",
                    "3b4aa457-be37-4d47-b161-a59cceb4b768",
                    "1c4c5378-a083-45df-a926-9c5a52e70c67",
                    "2ea5e290-349b-4dba-af9b-799a21df975a",
                    "6eb29b65-83a4-4cd6-9e39-422a11827398"
                ],
                [
                    "c4ad365f-d891-4770-8a68-706d02bdd187",
                    "3b4aa457-be37-4d47-b161-a59cceb4b768",
                    "1c4c5378-a083-45df-a926-9c5a52e70c67",
                    "2ea5e290-349b-4dba-af9b-799a21df975a",
                    "8f8391f5-68d8-4309-9a16-9011811bd31d"
                ]
            ]
        },
        {
            "output_tuple": [
                "WABI"
            ],
            "tuple_id": "3e4763fe-d4d4-55aa-bae0-44df8d367cae",
            "dnf": [
                [
                    "3f522680-6604-4c33-8b7c-07cd1b3a06c8",
                    "3b4aa457-be37-4d47-b161-a59cceb4b768",
                    "70ebf654-b96e-4859-9e46-be294e419701",
                    "cb8b42de-698a-460d-860d-0161fe6b9aee",
                    "3c4701f5-4095-4937-8b63-b0226a175604"
                ]
            ]
        },
        {
            "output_tuple": [
                "ECCV"
            ],
            "tuple_id": "3ed38a56-2da5-5949-b2f8-89afbb93481f",
            "dnf": [
                [
                    "7ad4f549-1bd8-4301-b8cf-4c90cb0ef70d",
                    "3b4aa457-be37-4d47-b161-a59cceb4b768",
                    "3add2c73-0455-44ae-aafc-53c378592108",
                    "cc05e040-96fd-452e-92b9-d961f0017af1",
                    "0bc3305b-332a-402c-b729-aad605a64deb"
                ],
                [
                    "7ad4f549-1bd8-4301-b8cf-4c90cb0ef70d",
                    "3b4aa457-be37-4d47-b161-a59cceb4b768",
                    "cd2f13cf-6bda-4b35-87af-f57f8ba5ee75",
                    "cc05e040-96fd-452e-92b9-d961f0017af1",
                    "0bc3305b-332a-402c-b729-aad605a64deb"
                ],
                [
                    "7ad4f549-1bd8-4301-b8cf-4c90cb0ef70d",
                    "3b4aa457-be37-4d47-b161-a59cceb4b768",
                    "2e077a49-eb2f-42db-a93b-5c0738acf867",
                    "cc05e040-96fd-452e-92b9-d961f0017af1",
                    "0bc3305b-332a-402c-b729-aad605a64deb"
                ]
            ]
        },
        {
            "output_tuple": [
                "NCA"
            ],
            "tuple_id": "3ef490fe-ff75-582f-b922-157447c6f6e1",
            "dnf": [
                [
                    "7ac4cbf9-84dd-4c48-bfbb-20e21bfc3e85",
                    "3b4aa457-be37-4d47-b161-a59cceb4b768",
                    "c60ef932-e46c-460d-91e7-57031b89dae0",
                    "e6ada42e-469a-4470-b7d3-d3ff573a1c57",
                    "8f8391f5-68d8-4309-9a16-9011811bd31d"
                ],
                [
                    "7ac4cbf9-84dd-4c48-bfbb-20e21bfc3e85",
                    "3b4aa457-be37-4d47-b161-a59cceb4b768",
                    "9f058b5f-b5e7-48ac-879c-63f28909b01d",
                    "e6ada42e-469a-4470-b7d3-d3ff573a1c57",
                    "8f8391f5-68d8-4309-9a16-9011811bd31d"
                ]
            ]
        },
        {
            "output_tuple": [
                "INFOCOM"
            ],
            "tuple_id": "44370afc-8588-50a2-b5bb-9f70801279b4",
            "dnf": [
                [
                    "f2033421-3251-462c-9c3f-8f8b5f976f5c",
                    "3b4aa457-be37-4d47-b161-a59cceb4b768",
                    "ccff1162-0941-40de-aa57-edea5da7748a",
                    "c4bcfcca-d1de-48c0-b0e4-0495a66bb31b",
                    "8f8391f5-68d8-4309-9a16-9011811bd31d"
                ],
                [
                    "f2033421-3251-462c-9c3f-8f8b5f976f5c",
                    "3b4aa457-be37-4d47-b161-a59cceb4b768",
                    "a98b6a66-a465-4c4d-8ee9-ce0b8cf36e05",
                    "c4bcfcca-d1de-48c0-b0e4-0495a66bb31b",
                    "8f8391f5-68d8-4309-9a16-9011811bd31d"
                ]
            ]
        },
        {
            "output_tuple": [
                "FAST"
            ],
            "tuple_id": "44e7f441-7412-5363-9277-ceed19e52718",
            "dnf": [
                [
                    "f2033421-3251-462c-9c3f-8f8b5f976f5c",
                    "3b4aa457-be37-4d47-b161-a59cceb4b768",
                    "9b119948-e97f-4c07-9079-3088d4583d7b",
                    "d0c6fb21-4473-4f0b-9ca6-735423f639be",
                    "f0a8ff9c-a522-4ad0-9df0-7d3f1a9a9623"
                ]
            ]
        },
        {
            "output_tuple": [
                "FCCM"
            ],
            "tuple_id": "4681f661-a44d-58d7-86bb-968ab0e4d208",
            "dnf": [
                [
                    "b55d1292-84df-4ba9-878c-afd5a189d227",
                    "3b4aa457-be37-4d47-b161-a59cceb4b768",
                    "afaf6832-db4c-4672-82a0-3360b1cf7dad",
                    "00d1c0b0-d2d1-4f59-9d10-8cfe063b07c8",
                    "c39c4c26-c9bd-493a-8612-4ed41144373d"
                ]
            ]
        },
        {
            "output_tuple": [
                "PKDD"
            ],
            "tuple_id": "46b19224-28c2-5066-8b09-d0b0c9647e6e",
            "dnf": [
                [
                    "1e646a16-f85e-4e67-940a-a3fda0497300",
                    "3b4aa457-be37-4d47-b161-a59cceb4b768",
                    "64d9698d-c4e8-442b-9172-4ff6375b4c38",
                    "4e624359-a715-4eaa-af22-78d433d0b77c",
                    "73afd3eb-5fe0-4228-8e33-b7db50974548"
                ],
                [
                    "1e646a16-f85e-4e67-940a-a3fda0497300",
                    "3b4aa457-be37-4d47-b161-a59cceb4b768",
                    "fb8e9949-90e6-4dec-9424-517c1935350e",
                    "4e624359-a715-4eaa-af22-78d433d0b77c",
                    "73afd3eb-5fe0-4228-8e33-b7db50974548"
                ],
                [
                    "1e646a16-f85e-4e67-940a-a3fda0497300",
                    "3b4aa457-be37-4d47-b161-a59cceb4b768",
                    "f450eb66-12be-443c-9846-5a3bfddcb836",
                    "4e624359-a715-4eaa-af22-78d433d0b77c",
                    "73afd3eb-5fe0-4228-8e33-b7db50974548"
                ],
                [
                    "1e646a16-f85e-4e67-940a-a3fda0497300",
                    "3b4aa457-be37-4d47-b161-a59cceb4b768",
                    "25c08fd1-e86b-4e2b-968c-33891c78a5d1",
                    "4e624359-a715-4eaa-af22-78d433d0b77c",
                    "73afd3eb-5fe0-4228-8e33-b7db50974548"
                ],
                [
                    "1e646a16-f85e-4e67-940a-a3fda0497300",
                    "3b4aa457-be37-4d47-b161-a59cceb4b768",
                    "8a5cb92d-440e-48ee-9dd6-73afccf81f7a",
                    "4e624359-a715-4eaa-af22-78d433d0b77c",
                    "73afd3eb-5fe0-4228-8e33-b7db50974548"
                ]
            ]
        },
        {
            "output_tuple": [
                "IWPEC"
            ],
            "tuple_id": "47cd96f3-395b-54ef-9189-8794e35fba1c",
            "dnf": [
                [
                    "d59008aa-c4a2-42db-9423-41846cb0f6e7",
                    "3b4aa457-be37-4d47-b161-a59cceb4b768",
                    "e5bf41ac-ab0d-4876-b6d2-e1f89b214340",
                    "bf62f717-9aec-4adc-9efe-e5549b0fcd34",
                    "a6c161b9-7195-4fc1-8c96-e2f45a9f9a82"
                ]
            ]
        },
        {
            "output_tuple": [
                "CSCW"
            ],
            "tuple_id": "5ecfdd1d-6e9a-5ada-895e-bb9ba922ddea",
            "dnf": [
                [
                    "2925f7f7-3f36-4d2c-ac08-745bec02b5a9",
                    "3b4aa457-be37-4d47-b161-a59cceb4b768",
                    "fbdcf38f-f96e-4e64-80a5-02bb3b749819",
                    "9976f930-034d-4ccc-af27-e1eca53a0288",
                    "6eb29b65-83a4-4cd6-9e39-422a11827398"
                ],
                [
                    "2925f7f7-3f36-4d2c-ac08-745bec02b5a9",
                    "3b4aa457-be37-4d47-b161-a59cceb4b768",
                    "4d548130-7d13-40ff-8c0f-7a217fa22b8d",
                    "9976f930-034d-4ccc-af27-e1eca53a0288",
                    "6eb29b65-83a4-4cd6-9e39-422a11827398"
                ],
                [
                    "2925f7f7-3f36-4d2c-ac08-745bec02b5a9",
                    "3b4aa457-be37-4d47-b161-a59cceb4b768",
                    "885fe6d3-db69-4279-96cd-771e8f45f709",
                    "9976f930-034d-4ccc-af27-e1eca53a0288",
                    "6eb29b65-83a4-4cd6-9e39-422a11827398"
                ],
                [
                    "2925f7f7-3f36-4d2c-ac08-745bec02b5a9",
                    "3b4aa457-be37-4d47-b161-a59cceb4b768",
                    "8c4221ae-c980-430d-be98-ad6be7e9159c",
                    "9976f930-034d-4ccc-af27-e1eca53a0288",
                    "6eb29b65-83a4-4cd6-9e39-422a11827398"
                ]
            ]
        },
        {
            "output_tuple": [
                "COMPSAC"
            ],
            "tuple_id": "604f461c-a981-50be-9ecf-855702c266ab",
            "dnf": [
                [
                    "463e6711-6728-4a9c-9c21-0afe33a21866",
                    "3b4aa457-be37-4d47-b161-a59cceb4b768",
                    "7d00005f-1538-46ce-b582-cb1667742d31",
                    "94ecca6c-552a-4ab6-a321-7cc5b8e4f134",
                    "e66a6b41-fd8a-4967-a62e-04c56a6c8858"
                ]
            ]
        },
        {
            "output_tuple": [
                "FPL"
            ],
            "tuple_id": "653435d0-6efc-515a-b0a5-c2aada73b735",
            "dnf": [
                [
                    "b55d1292-84df-4ba9-878c-afd5a189d227",
                    "3b4aa457-be37-4d47-b161-a59cceb4b768",
                    "9159f8ae-1f52-43e7-9ea4-bf7d170d9511",
                    "ce5ed42f-b855-470a-9ea9-88ee260723d4",
                    "c39c4c26-c9bd-493a-8612-4ed41144373d"
                ]
            ]
        },
        {
            "output_tuple": [
                "CTRSA"
            ],
            "tuple_id": "682b98cf-b477-553e-b9eb-046ed8568414",
            "dnf": [
                [
                    "b8d8b977-079a-42cd-a49d-27d919f4c4a0",
                    "3b4aa457-be37-4d47-b161-a59cceb4b768",
                    "8206d974-334f-4f10-8e40-b2ed05a243a3",
                    "bc468190-ad24-48be-a101-1e2a04eabdea",
                    "08ed9238-08b0-4fe9-bf90-497ee742781f"
                ],
                [
                    "b8d8b977-079a-42cd-a49d-27d919f4c4a0",
                    "3b4aa457-be37-4d47-b161-a59cceb4b768",
                    "a9f7d05f-251e-467b-882b-356a90ea16a4",
                    "bc468190-ad24-48be-a101-1e2a04eabdea",
                    "08ed9238-08b0-4fe9-bf90-497ee742781f"
                ]
            ]
        },
        {
            "output_tuple": [
                "APLAS"
            ],
            "tuple_id": "6bddad4b-a690-5333-b66e-c7fd87fb3e62",
            "dnf": [
                [
                    "a44fb5f5-dbe6-4002-92ae-a9cef6a44d56",
                    "3b4aa457-be37-4d47-b161-a59cceb4b768",
                    "0870c217-04e7-44cd-ae23-180a9b18f026",
                    "778464d9-9993-4f2a-acde-794f50407f6c",
                    "f30c7de3-87b3-4cea-95c6-7b3ae1b47287"
                ]
            ]
        },
        {
            "output_tuple": [
                "COLT"
            ],
            "tuple_id": "6d933387-a8f3-5d50-9823-905a8700fa19",
            "dnf": [
                [
                    "f41276b4-0578-406a-a15a-8fa36111b4da",
                    "3b4aa457-be37-4d47-b161-a59cceb4b768",
                    "73945d77-e1d2-48e9-8d94-406452df56d1",
                    "17da8e39-be01-4f76-ac67-31396b61f54c",
                    "a6c161b9-7195-4fc1-8c96-e2f45a9f9a82"
                ],
                [
                    "efbc6334-0888-4c06-92c6-fe2bb1e19709",
                    "3b4aa457-be37-4d47-b161-a59cceb4b768",
                    "dcd211cf-ccd9-4720-bc65-3d666f7c5f0f",
                    "17da8e39-be01-4f76-ac67-31396b61f54c",
                    "1878accf-edf0-4e3a-a5a3-296e1664d673"
                ],
                [
                    "efbc6334-0888-4c06-92c6-fe2bb1e19709",
                    "3b4aa457-be37-4d47-b161-a59cceb4b768",
                    "dcd211cf-ccd9-4720-bc65-3d666f7c5f0f",
                    "17da8e39-be01-4f76-ac67-31396b61f54c",
                    "a6c161b9-7195-4fc1-8c96-e2f45a9f9a82"
                ],
                [
                    "f41276b4-0578-406a-a15a-8fa36111b4da",
                    "3b4aa457-be37-4d47-b161-a59cceb4b768",
                    "73945d77-e1d2-48e9-8d94-406452df56d1",
                    "17da8e39-be01-4f76-ac67-31396b61f54c",
                    "1878accf-edf0-4e3a-a5a3-296e1664d673"
                ]
            ]
        },
        {
            "output_tuple": [
                "WDAG"
            ],
            "tuple_id": "6e912b62-f60c-54ac-8330-73c34eb8550e",
            "dnf": [
                [
                    "1733a967-295a-4668-83ce-688988306249",
                    "3b4aa457-be37-4d47-b161-a59cceb4b768",
                    "385713a5-eb9a-466d-86d7-84f0ad06e757",
                    "ff563e02-6302-4131-80e5-deb82f3bde69",
                    "f432a336-8a73-473b-bc13-3faf36471e81"
                ],
                [
                    "1733a967-295a-4668-83ce-688988306249",
                    "3b4aa457-be37-4d47-b161-a59cceb4b768",
                    "7ff09533-c693-40a0-bf7c-1822c9437cd7",
                    "ff563e02-6302-4131-80e5-deb82f3bde69",
                    "f432a336-8a73-473b-bc13-3faf36471e81"
                ]
            ]
        },
        {
            "output_tuple": [
                "NSDI"
            ],
            "tuple_id": "6eb08584-0a51-56fe-8c1d-45e643cd8f89",
            "dnf": [
                [
                    "56e843c1-158e-4e3c-9b26-2ba27340eedb",
                    "3b4aa457-be37-4d47-b161-a59cceb4b768",
                    "ea6b7cb2-37ce-4bb0-93a3-7e2874e52288",
                    "51bfb51b-171f-4cf9-9ae5-f57ac164f6ff",
                    "8f8391f5-68d8-4309-9a16-9011811bd31d"
                ],
                [
                    "f2033421-3251-462c-9c3f-8f8b5f976f5c",
                    "3b4aa457-be37-4d47-b161-a59cceb4b768",
                    "8990e825-649e-4532-a71b-5fe2194cc213",
                    "51bfb51b-171f-4cf9-9ae5-f57ac164f6ff",
                    "8f8391f5-68d8-4309-9a16-9011811bd31d"
                ],
                [
                    "f2033421-3251-462c-9c3f-8f8b5f976f5c",
                    "3b4aa457-be37-4d47-b161-a59cceb4b768",
                    "86c2e724-9592-42d6-96ab-5e05418e255d",
                    "51bfb51b-171f-4cf9-9ae5-f57ac164f6ff",
                    "8f8391f5-68d8-4309-9a16-9011811bd31d"
                ],
                [
                    "f2033421-3251-462c-9c3f-8f8b5f976f5c",
                    "3b4aa457-be37-4d47-b161-a59cceb4b768",
                    "5c6ccb3d-98f6-4681-8feb-75c6f7627a32",
                    "51bfb51b-171f-4cf9-9ae5-f57ac164f6ff",
                    "f432a336-8a73-473b-bc13-3faf36471e81"
                ],
                [
                    "f2033421-3251-462c-9c3f-8f8b5f976f5c",
                    "3b4aa457-be37-4d47-b161-a59cceb4b768",
                    "86c2e724-9592-42d6-96ab-5e05418e255d",
                    "51bfb51b-171f-4cf9-9ae5-f57ac164f6ff",
                    "f432a336-8a73-473b-bc13-3faf36471e81"
                ],
                [
                    "56e843c1-158e-4e3c-9b26-2ba27340eedb",
                    "3b4aa457-be37-4d47-b161-a59cceb4b768",
                    "ea6b7cb2-37ce-4bb0-93a3-7e2874e52288",
                    "51bfb51b-171f-4cf9-9ae5-f57ac164f6ff",
                    "f432a336-8a73-473b-bc13-3faf36471e81"
                ],
                [
                    "f2033421-3251-462c-9c3f-8f8b5f976f5c",
                    "3b4aa457-be37-4d47-b161-a59cceb4b768",
                    "8990e825-649e-4532-a71b-5fe2194cc213",
                    "51bfb51b-171f-4cf9-9ae5-f57ac164f6ff",
                    "f432a336-8a73-473b-bc13-3faf36471e81"
                ],
                [
                    "f2033421-3251-462c-9c3f-8f8b5f976f5c",
                    "3b4aa457-be37-4d47-b161-a59cceb4b768",
                    "5c6ccb3d-98f6-4681-8feb-75c6f7627a32",
                    "51bfb51b-171f-4cf9-9ae5-f57ac164f6ff",
                    "8f8391f5-68d8-4309-9a16-9011811bd31d"
                ]
            ]
        },
        {
            "output_tuple": [
                "ISMIR"
            ],
            "tuple_id": "6f52927a-4066-53d8-ae63-9ce614040d7d",
            "dnf": [
                [
                    "c4ad365f-d891-4770-8a68-706d02bdd187",
                    "3b4aa457-be37-4d47-b161-a59cceb4b768",
                    "daf5f245-c6cd-4ba1-937c-74bd8a3098cb",
                    "70a63610-88a1-4129-8973-15b79a9661e1",
                    "328d1f07-72ae-48ac-84cd-7198726a4ad4"
                ],
                [
                    "c4ad365f-d891-4770-8a68-706d02bdd187",
                    "3b4aa457-be37-4d47-b161-a59cceb4b768",
                    "c056ab5d-e9d4-4e99-be39-0d43c4570901",
                    "70a63610-88a1-4129-8973-15b79a9661e1",
                    "328d1f07-72ae-48ac-84cd-7198726a4ad4"
                ],
                [
                    "c4ad365f-d891-4770-8a68-706d02bdd187",
                    "3b4aa457-be37-4d47-b161-a59cceb4b768",
                    "692d48b7-b45d-4637-a914-33b52543c288",
                    "70a63610-88a1-4129-8973-15b79a9661e1",
                    "328d1f07-72ae-48ac-84cd-7198726a4ad4"
                ],
                [
                    "c4ad365f-d891-4770-8a68-706d02bdd187",
                    "3b4aa457-be37-4d47-b161-a59cceb4b768",
                    "950ef4a2-5e59-4787-826e-450547418fcc",
                    "70a63610-88a1-4129-8973-15b79a9661e1",
                    "328d1f07-72ae-48ac-84cd-7198726a4ad4"
                ],
                [
                    "c4ad365f-d891-4770-8a68-706d02bdd187",
                    "3b4aa457-be37-4d47-b161-a59cceb4b768",
                    "bbeab6b8-9e25-4a60-815d-6d237d8a2d07",
                    "70a63610-88a1-4129-8973-15b79a9661e1",
                    "328d1f07-72ae-48ac-84cd-7198726a4ad4"
                ],
                [
                    "c4ad365f-d891-4770-8a68-706d02bdd187",
                    "3b4aa457-be37-4d47-b161-a59cceb4b768",
                    "3bc32836-acae-46eb-95d4-ead3f984a992",
                    "70a63610-88a1-4129-8973-15b79a9661e1",
                    "328d1f07-72ae-48ac-84cd-7198726a4ad4"
                ],
                [
                    "c4ad365f-d891-4770-8a68-706d02bdd187",
                    "3b4aa457-be37-4d47-b161-a59cceb4b768",
                    "7dc1c2cc-7342-4b7b-8328-0a92c2393fea",
                    "70a63610-88a1-4129-8973-15b79a9661e1",
                    "328d1f07-72ae-48ac-84cd-7198726a4ad4"
                ]
            ]
        },
        {
            "output_tuple": [
                "SODA"
            ],
            "tuple_id": "7008fd17-b5fd-5671-829b-c35f6b32f67b",
            "dnf": [
                [
                    "f41276b4-0578-406a-a15a-8fa36111b4da",
                    "3b4aa457-be37-4d47-b161-a59cceb4b768",
                    "52b0151f-6aef-48de-9bf4-3955e54d0b6a",
                    "728cc906-6581-410e-b980-657156384a37",
                    "a6c161b9-7195-4fc1-8c96-e2f45a9f9a82"
                ],
                [
                    "d59008aa-c4a2-42db-9423-41846cb0f6e7",
                    "3b4aa457-be37-4d47-b161-a59cceb4b768",
                    "9335701f-a15e-455d-8c35-6e83414536d9",
                    "728cc906-6581-410e-b980-657156384a37",
                    "a6c161b9-7195-4fc1-8c96-e2f45a9f9a82"
                ]
            ]
        },
        {
            "output_tuple": [
                "OOPSLA"
            ],
            "tuple_id": "70f36978-f77c-543d-8ffe-5c18c1f6c917",
            "dnf": [
                [
                    "a44fb5f5-dbe6-4002-92ae-a9cef6a44d56",
                    "3b4aa457-be37-4d47-b161-a59cceb4b768",
                    "acef81c8-c5e9-47c4-95db-fb33bec6213c",
                    "9dc340f2-ccfb-495a-940c-b01b6ca8a747",
                    "e66a6b41-fd8a-4967-a62e-04c56a6c8858"
                ],
                [
                    "a44fb5f5-dbe6-4002-92ae-a9cef6a44d56",
                    "3b4aa457-be37-4d47-b161-a59cceb4b768",
                    "acef81c8-c5e9-47c4-95db-fb33bec6213c",
                    "9dc340f2-ccfb-495a-940c-b01b6ca8a747",
                    "f30c7de3-87b3-4cea-95c6-7b3ae1b47287"
                ]
            ]
        },
        {
            "output_tuple": [
                "PAM"
            ],
            "tuple_id": "7aad33ef-b384-5029-9319-f2bee11c7a66",
            "dnf": [
                [
                    "f2033421-3251-462c-9c3f-8f8b5f976f5c",
                    "3b4aa457-be37-4d47-b161-a59cceb4b768",
                    "a09b23fc-df6b-4bfe-a980-249a773fbd48",
                    "e426f827-910c-4b54-8159-33c77e98204c",
                    "8f8391f5-68d8-4309-9a16-9011811bd31d"
                ]
            ]
        },
        {
            "output_tuple": [
                "ITA"
            ],
            "tuple_id": "7de394d1-e47c-5d5f-abe5-60197b1c2b9a",
            "dnf": [
                [
                    "df47217f-5783-4078-ba3a-9298590f92aa",
                    "3b4aa457-be37-4d47-b161-a59cceb4b768",
                    "df041892-6192-4702-8a2c-fd3c7bb37dd0",
                    "2898311d-e940-4903-8bf6-cc80cb4545ba",
                    "8f8391f5-68d8-4309-9a16-9011811bd31d"
                ]
            ]
        },
        {
            "output_tuple": [
                "HCI"
            ],
            "tuple_id": "807f4b79-6f6a-5e5e-9e16-62932fa41ee5",
            "dnf": [
                [
                    "2925f7f7-3f36-4d2c-ac08-745bec02b5a9",
                    "3b4aa457-be37-4d47-b161-a59cceb4b768",
                    "622a146b-997c-4752-b901-cc9f4584c894",
                    "8b7cf3c4-c638-4cb5-898f-17ea204601c0",
                    "6eb29b65-83a4-4cd6-9e39-422a11827398"
                ]
            ]
        },
        {
            "output_tuple": [
                "NIPS"
            ],
            "tuple_id": "89b2396f-2c9f-5776-84fd-a413a96933d9",
            "dnf": [
                [
                    "efbc6334-0888-4c06-92c6-fe2bb1e19709",
                    "3b4aa457-be37-4d47-b161-a59cceb4b768",
                    "7245cce3-607d-4bd3-ac2f-c8b2615c88f1",
                    "ff7414b5-81ec-4243-963d-6e85b6f73b37",
                    "b2a16ca1-7517-46de-bc8d-d9eb6e2076ec"
                ],
                [
                    "f41276b4-0578-406a-a15a-8fa36111b4da",
                    "3b4aa457-be37-4d47-b161-a59cceb4b768",
                    "ccf77946-7ee1-4a4a-8202-7bb0efa576ab",
                    "ff7414b5-81ec-4243-963d-6e85b6f73b37",
                    "b2a16ca1-7517-46de-bc8d-d9eb6e2076ec"
                ],
                [
                    "f41276b4-0578-406a-a15a-8fa36111b4da",
                    "3b4aa457-be37-4d47-b161-a59cceb4b768",
                    "ccf77946-7ee1-4a4a-8202-7bb0efa576ab",
                    "ff7414b5-81ec-4243-963d-6e85b6f73b37",
                    "1878accf-edf0-4e3a-a5a3-296e1664d673"
                ],
                [
                    "56e843c1-158e-4e3c-9b26-2ba27340eedb",
                    "3b4aa457-be37-4d47-b161-a59cceb4b768",
                    "c56fa690-ac74-4a31-8791-93327d442bfc",
                    "ff7414b5-81ec-4243-963d-6e85b6f73b37",
                    "1878accf-edf0-4e3a-a5a3-296e1664d673"
                ],
                [
                    "efbc6334-0888-4c06-92c6-fe2bb1e19709",
                    "3b4aa457-be37-4d47-b161-a59cceb4b768",
                    "c21bc744-ac9b-4373-a972-ee7c942971b9",
                    "ff7414b5-81ec-4243-963d-6e85b6f73b37",
                    "1878accf-edf0-4e3a-a5a3-296e1664d673"
                ],
                [
                    "efbc6334-0888-4c06-92c6-fe2bb1e19709",
                    "3b4aa457-be37-4d47-b161-a59cceb4b768",
                    "c77f8258-fe47-466c-9417-c394531d573c",
                    "ff7414b5-81ec-4243-963d-6e85b6f73b37",
                    "b2a16ca1-7517-46de-bc8d-d9eb6e2076ec"
                ],
                [
                    "efbc6334-0888-4c06-92c6-fe2bb1e19709",
                    "3b4aa457-be37-4d47-b161-a59cceb4b768",
                    "c21bc744-ac9b-4373-a972-ee7c942971b9",
                    "ff7414b5-81ec-4243-963d-6e85b6f73b37",
                    "b2a16ca1-7517-46de-bc8d-d9eb6e2076ec"
                ],
                [
                    "efbc6334-0888-4c06-92c6-fe2bb1e19709",
                    "3b4aa457-be37-4d47-b161-a59cceb4b768",
                    "51bd533e-94c8-49a5-bf5c-b3d263ee0d34",
                    "ff7414b5-81ec-4243-963d-6e85b6f73b37",
                    "b2a16ca1-7517-46de-bc8d-d9eb6e2076ec"
                ],
                [
                    "c4ad365f-d891-4770-8a68-706d02bdd187",
                    "3b4aa457-be37-4d47-b161-a59cceb4b768",
                    "4b0636b8-dbaa-4ab0-b4b6-1919b465b871",
                    "ff7414b5-81ec-4243-963d-6e85b6f73b37",
                    "b2a16ca1-7517-46de-bc8d-d9eb6e2076ec"
                ],
                [
                    "efbc6334-0888-4c06-92c6-fe2bb1e19709",
                    "3b4aa457-be37-4d47-b161-a59cceb4b768",
                    "51bd533e-94c8-49a5-bf5c-b3d263ee0d34",
                    "ff7414b5-81ec-4243-963d-6e85b6f73b37",
                    "1878accf-edf0-4e3a-a5a3-296e1664d673"
                ],
                [
                    "c4ad365f-d891-4770-8a68-706d02bdd187",
                    "3b4aa457-be37-4d47-b161-a59cceb4b768",
                    "79d14a15-a5b6-45f3-b1da-9e6bbff929c4",
                    "ff7414b5-81ec-4243-963d-6e85b6f73b37",
                    "1878accf-edf0-4e3a-a5a3-296e1664d673"
                ],
                [
                    "c4ad365f-d891-4770-8a68-706d02bdd187",
                    "3b4aa457-be37-4d47-b161-a59cceb4b768",
                    "79d14a15-a5b6-45f3-b1da-9e6bbff929c4",
                    "ff7414b5-81ec-4243-963d-6e85b6f73b37",
                    "b2a16ca1-7517-46de-bc8d-d9eb6e2076ec"
                ],
                [
                    "56e843c1-158e-4e3c-9b26-2ba27340eedb",
                    "3b4aa457-be37-4d47-b161-a59cceb4b768",
                    "c56fa690-ac74-4a31-8791-93327d442bfc",
                    "ff7414b5-81ec-4243-963d-6e85b6f73b37",
                    "b2a16ca1-7517-46de-bc8d-d9eb6e2076ec"
                ],
                [
                    "56e843c1-158e-4e3c-9b26-2ba27340eedb",
                    "3b4aa457-be37-4d47-b161-a59cceb4b768",
                    "ce0f98db-c73b-4ca1-84ce-f1b124421421",
                    "ff7414b5-81ec-4243-963d-6e85b6f73b37",
                    "b2a16ca1-7517-46de-bc8d-d9eb6e2076ec"
                ],
                [
                    "efbc6334-0888-4c06-92c6-fe2bb1e19709",
                    "3b4aa457-be37-4d47-b161-a59cceb4b768",
                    "7245cce3-607d-4bd3-ac2f-c8b2615c88f1",
                    "ff7414b5-81ec-4243-963d-6e85b6f73b37",
                    "1878accf-edf0-4e3a-a5a3-296e1664d673"
                ],
                [
                    "56e843c1-158e-4e3c-9b26-2ba27340eedb",
                    "3b4aa457-be37-4d47-b161-a59cceb4b768",
                    "ce0f98db-c73b-4ca1-84ce-f1b124421421",
                    "ff7414b5-81ec-4243-963d-6e85b6f73b37",
                    "1878accf-edf0-4e3a-a5a3-296e1664d673"
                ],
                [
                    "efbc6334-0888-4c06-92c6-fe2bb1e19709",
                    "3b4aa457-be37-4d47-b161-a59cceb4b768",
                    "20cdef0a-9dc0-4a30-a64b-931f15fa2359",
                    "ff7414b5-81ec-4243-963d-6e85b6f73b37",
                    "b2a16ca1-7517-46de-bc8d-d9eb6e2076ec"
                ],
                [
                    "b55d1292-84df-4ba9-878c-afd5a189d227",
                    "3b4aa457-be37-4d47-b161-a59cceb4b768",
                    "51bd533e-94c8-49a5-bf5c-b3d263ee0d34",
                    "ff7414b5-81ec-4243-963d-6e85b6f73b37",
                    "b2a16ca1-7517-46de-bc8d-d9eb6e2076ec"
                ],
                [
                    "f41276b4-0578-406a-a15a-8fa36111b4da",
                    "3b4aa457-be37-4d47-b161-a59cceb4b768",
                    "e1dc78ad-5c8c-45e5-811f-d493e4db83e1",
                    "ff7414b5-81ec-4243-963d-6e85b6f73b37",
                    "b2a16ca1-7517-46de-bc8d-d9eb6e2076ec"
                ],
                [
                    "c4ad365f-d891-4770-8a68-706d02bdd187",
                    "3b4aa457-be37-4d47-b161-a59cceb4b768",
                    "4b0636b8-dbaa-4ab0-b4b6-1919b465b871",
                    "ff7414b5-81ec-4243-963d-6e85b6f73b37",
                    "1878accf-edf0-4e3a-a5a3-296e1664d673"
                ],
                [
                    "c4ad365f-d891-4770-8a68-706d02bdd187",
                    "3b4aa457-be37-4d47-b161-a59cceb4b768",
                    "c21acfca-b1e5-4f0a-9e35-e2f9e38d49c4",
                    "ff7414b5-81ec-4243-963d-6e85b6f73b37",
                    "b2a16ca1-7517-46de-bc8d-d9eb6e2076ec"
                ],
                [
                    "b55d1292-84df-4ba9-878c-afd5a189d227",
                    "3b4aa457-be37-4d47-b161-a59cceb4b768",
                    "51bd533e-94c8-49a5-bf5c-b3d263ee0d34",
                    "ff7414b5-81ec-4243-963d-6e85b6f73b37",
                    "1878accf-edf0-4e3a-a5a3-296e1664d673"
                ],
                [
                    "f41276b4-0578-406a-a15a-8fa36111b4da",
                    "3b4aa457-be37-4d47-b161-a59cceb4b768",
                    "e1dc78ad-5c8c-45e5-811f-d493e4db83e1",
                    "ff7414b5-81ec-4243-963d-6e85b6f73b37",
                    "1878accf-edf0-4e3a-a5a3-296e1664d673"
                ],
                [
                    "c4ad365f-d891-4770-8a68-706d02bdd187",
                    "3b4aa457-be37-4d47-b161-a59cceb4b768",
                    "c21acfca-b1e5-4f0a-9e35-e2f9e38d49c4",
                    "ff7414b5-81ec-4243-963d-6e85b6f73b37",
                    "1878accf-edf0-4e3a-a5a3-296e1664d673"
                ],
                [
                    "efbc6334-0888-4c06-92c6-fe2bb1e19709",
                    "3b4aa457-be37-4d47-b161-a59cceb4b768",
                    "c77f8258-fe47-466c-9417-c394531d573c",
                    "ff7414b5-81ec-4243-963d-6e85b6f73b37",
                    "1878accf-edf0-4e3a-a5a3-296e1664d673"
                ],
                [
                    "efbc6334-0888-4c06-92c6-fe2bb1e19709",
                    "3b4aa457-be37-4d47-b161-a59cceb4b768",
                    "20cdef0a-9dc0-4a30-a64b-931f15fa2359",
                    "ff7414b5-81ec-4243-963d-6e85b6f73b37",
                    "1878accf-edf0-4e3a-a5a3-296e1664d673"
                ]
            ]
        },
        {
            "output_tuple": [
                "SAT"
            ],
            "tuple_id": "8b069046-5d55-57cc-a9a2-85847575b21d",
            "dnf": [
                [
                    "02a11a9c-d46a-4a1d-a646-1dd0ad60046c",
                    "3b4aa457-be37-4d47-b161-a59cceb4b768",
                    "efd8de5f-edd3-4a30-a43e-4973389fbe30",
                    "616d140a-ab40-430c-8b55-7b595685ee96",
                    "328d1f07-72ae-48ac-84cd-7198726a4ad4"
                ]
            ]
        },
        {
            "output_tuple": [
                "PLPV"
            ],
            "tuple_id": "8bdb82f1-2e40-564e-b53c-41b37fa48879",
            "dnf": [
                [
                    "a44fb5f5-dbe6-4002-92ae-a9cef6a44d56",
                    "3b4aa457-be37-4d47-b161-a59cceb4b768",
                    "b1d9af42-c079-42ac-b49f-80ff0dcb02f9",
                    "51816d35-a592-40b1-9f71-cf04de5b83f0",
                    "f30c7de3-87b3-4cea-95c6-7b3ae1b47287"
                ]
            ]
        },
        {
            "output_tuple": [
                "ICDCS"
            ],
            "tuple_id": "8d7b8e59-286c-5597-a401-c03326c9cbc3",
            "dnf": [
                [
                    "1733a967-295a-4668-83ce-688988306249",
                    "3b4aa457-be37-4d47-b161-a59cceb4b768",
                    "5c6d4e28-8996-4ded-995d-8fe82a9edc7a",
                    "4f330eab-5cbf-401a-84ed-6431629086f8",
                    "f432a336-8a73-473b-bc13-3faf36471e81"
                ]
            ]
        },
        {
            "output_tuple": [
                "WACV"
            ],
            "tuple_id": "932ee45a-e4a0-526c-86b4-85db74cfc5dd",
            "dnf": [
                [
                    "7ad4f549-1bd8-4301-b8cf-4c90cb0ef70d",
                    "3b4aa457-be37-4d47-b161-a59cceb4b768",
                    "7af7ead5-3943-4694-9cc3-b4e29bed4cc6",
                    "926a1b1f-fa2b-4c23-bf24-0f9370be8014",
                    "0bc3305b-332a-402c-b729-aad605a64deb"
                ],
                [
                    "7ad4f549-1bd8-4301-b8cf-4c90cb0ef70d",
                    "3b4aa457-be37-4d47-b161-a59cceb4b768",
                    "2e649b5a-e2e6-46f4-9fa2-210367e3bd9d",
                    "926a1b1f-fa2b-4c23-bf24-0f9370be8014",
                    "0bc3305b-332a-402c-b729-aad605a64deb"
                ],
                [
                    "961d8995-3f01-4ae2-887b-d19846689991",
                    "3b4aa457-be37-4d47-b161-a59cceb4b768",
                    "552c5e9f-ded5-4725-a93e-378d17d84c97",
                    "926a1b1f-fa2b-4c23-bf24-0f9370be8014",
                    "0bc3305b-332a-402c-b729-aad605a64deb"
                ]
            ]
        },
        {
            "output_tuple": [
                "MHCI"
            ],
            "tuple_id": "93e5d3d0-6cd0-525b-b547-a6e84097b591",
            "dnf": [
                [
                    "2925f7f7-3f36-4d2c-ac08-745bec02b5a9",
                    "3b4aa457-be37-4d47-b161-a59cceb4b768",
                    "1ee635ff-2571-4ae8-a885-e0db8f9d4d47",
                    "db4942f1-923a-4b66-84ff-9afb946390ce",
                    "6eb29b65-83a4-4cd6-9e39-422a11827398"
                ]
            ]
        },
        {
            "output_tuple": [
                "MFCS"
            ],
            "tuple_id": "95e29973-f520-56dd-98f6-225fa4ed815d",
            "dnf": [
                [
                    "02a11a9c-d46a-4a1d-a646-1dd0ad60046c",
                    "3b4aa457-be37-4d47-b161-a59cceb4b768",
                    "0b4b2504-15f6-4f76-9b87-1f34bcf67fdc",
                    "eb490c85-1550-48e7-96d9-f8bd480895ac",
                    "a6c161b9-7195-4fc1-8c96-e2f45a9f9a82"
                ]
            ]
        },
        {
            "output_tuple": [
                "MOBIQUITOUS"
            ],
            "tuple_id": "969c1493-ab3e-5789-b9d8-b424ad4cb859",
            "dnf": [
                [
                    "7ac4cbf9-84dd-4c48-bfbb-20e21bfc3e85",
                    "3b4aa457-be37-4d47-b161-a59cceb4b768",
                    "06b24e09-42a6-45e7-8ff9-954290fe2d84",
                    "be33fe17-a513-4006-97c0-9640edf5e701",
                    "8f8391f5-68d8-4309-9a16-9011811bd31d"
                ]
            ]
        },
        {
            "output_tuple": [
                "ANCS"
            ],
            "tuple_id": "9b844754-5a68-5219-8da4-5fbfe9aa34da",
            "dnf": [
                [
                    "f2033421-3251-462c-9c3f-8f8b5f976f5c",
                    "3b4aa457-be37-4d47-b161-a59cceb4b768",
                    "008edc76-46fa-4434-882c-29eb59f18f01",
                    "adc82d3e-e01f-497e-849a-934ac08963f1",
                    "8f8391f5-68d8-4309-9a16-9011811bd31d"
                ]
            ]
        },
        {
            "output_tuple": [
                "CCS"
            ],
            "tuple_id": "9bc8a33b-b2be-5572-9c7e-e54c154ffa06",
            "dnf": [
                [
                    "b8d8b977-079a-42cd-a49d-27d919f4c4a0",
                    "3b4aa457-be37-4d47-b161-a59cceb4b768",
                    "9bd321c8-3653-419f-ac68-99c0a96bb0a1",
                    "d82c68c5-5d8c-4c29-98e3-ef566ed01dba",
                    "08ed9238-08b0-4fe9-bf90-497ee742781f"
                ],
                [
                    "b8d8b977-079a-42cd-a49d-27d919f4c4a0",
                    "3b4aa457-be37-4d47-b161-a59cceb4b768",
                    "8c850ee1-f35d-428e-b374-bbb278622963",
                    "d82c68c5-5d8c-4c29-98e3-ef566ed01dba",
                    "08ed9238-08b0-4fe9-bf90-497ee742781f"
                ],
                [
                    "56e843c1-158e-4e3c-9b26-2ba27340eedb",
                    "3b4aa457-be37-4d47-b161-a59cceb4b768",
                    "1cd6a86b-b70d-4fca-8c1f-ebaf2b7b7e28",
                    "d82c68c5-5d8c-4c29-98e3-ef566ed01dba",
                    "08ed9238-08b0-4fe9-bf90-497ee742781f"
                ],
                [
                    "b8d8b977-079a-42cd-a49d-27d919f4c4a0",
                    "3b4aa457-be37-4d47-b161-a59cceb4b768",
                    "031aec21-13cc-4bce-8f5a-72cbf263bc90",
                    "d82c68c5-5d8c-4c29-98e3-ef566ed01dba",
                    "08ed9238-08b0-4fe9-bf90-497ee742781f"
                ],
                [
                    "f2033421-3251-462c-9c3f-8f8b5f976f5c",
                    "3b4aa457-be37-4d47-b161-a59cceb4b768",
                    "5cc9981d-c026-49c4-9fa6-6d1858f3cd76",
                    "d82c68c5-5d8c-4c29-98e3-ef566ed01dba",
                    "08ed9238-08b0-4fe9-bf90-497ee742781f"
                ],
                [
                    "f2033421-3251-462c-9c3f-8f8b5f976f5c",
                    "3b4aa457-be37-4d47-b161-a59cceb4b768",
                    "dc23bded-4526-4fde-b72c-5f60c5c4fd87",
                    "d82c68c5-5d8c-4c29-98e3-ef566ed01dba",
                    "08ed9238-08b0-4fe9-bf90-497ee742781f"
                ],
                [
                    "56e843c1-158e-4e3c-9b26-2ba27340eedb",
                    "3b4aa457-be37-4d47-b161-a59cceb4b768",
                    "07be1f93-f055-43cc-868d-06ec70ec6c83",
                    "d82c68c5-5d8c-4c29-98e3-ef566ed01dba",
                    "08ed9238-08b0-4fe9-bf90-497ee742781f"
                ]
            ]
        },
        {
            "output_tuple": [
                "COCO"
            ],
            "tuple_id": "9d0e3394-3086-56e3-b37b-51dbbcf5d4b0",
            "dnf": [
                [
                    "d59008aa-c4a2-42db-9423-41846cb0f6e7",
                    "3b4aa457-be37-4d47-b161-a59cceb4b768",
                    "7de3803d-9b6d-49a6-a1e1-d716a21e7fee",
                    "38ca9b18-3713-4bc5-bead-6762849afbca",
                    "a6c161b9-7195-4fc1-8c96-e2f45a9f9a82"
                ],
                [
                    "02a11a9c-d46a-4a1d-a646-1dd0ad60046c",
                    "3b4aa457-be37-4d47-b161-a59cceb4b768",
                    "12320b43-1d36-4fc6-85a2-7ccef4d3d0b8",
                    "38ca9b18-3713-4bc5-bead-6762849afbca",
                    "a6c161b9-7195-4fc1-8c96-e2f45a9f9a82"
                ]
            ]
        },
        {
            "output_tuple": [
                "HASKELL"
            ],
            "tuple_id": "a3b58fe9-dd23-5813-88ed-e1401cffde12",
            "dnf": [
                [
                    "a44fb5f5-dbe6-4002-92ae-a9cef6a44d56",
                    "3b4aa457-be37-4d47-b161-a59cceb4b768",
                    "359da19b-2813-42aa-bec4-daf16d936c22",
                    "0d43dc17-0316-4fe9-b910-3dbca502e55b",
                    "f30c7de3-87b3-4cea-95c6-7b3ae1b47287"
                ]
            ]
        },
        {
            "output_tuple": [
                "MOBICOM"
            ],
            "tuple_id": "a7576628-677b-5bd3-a028-08afef144e74",
            "dnf": [
                [
                    "f2033421-3251-462c-9c3f-8f8b5f976f5c",
                    "3b4aa457-be37-4d47-b161-a59cceb4b768",
                    "d48d00a6-917e-4587-b952-e68599dbf70a",
                    "a2c7db27-b34d-4568-b052-56ba626c3ef8",
                    "8f8391f5-68d8-4309-9a16-9011811bd31d"
                ]
            ]
        },
        {
            "output_tuple": [
                "EUROCRYPT"
            ],
            "tuple_id": "af074cbf-0f9e-5666-b8b3-886dff38f647",
            "dnf": [
                [
                    "b8d8b977-079a-42cd-a49d-27d919f4c4a0",
                    "3b4aa457-be37-4d47-b161-a59cceb4b768",
                    "a15c743a-270a-4b52-85c9-8d48567ca077",
                    "ee59c3d8-f007-46a2-ada5-942fa502ae4b",
                    "08ed9238-08b0-4fe9-bf90-497ee742781f"
                ]
            ]
        },
        {
            "output_tuple": [
                "CVPR"
            ],
            "tuple_id": "b5b0355c-3534-58e5-9c37-95f6c942b20a",
            "dnf": [
                [
                    "04b67e99-0309-41a3-a529-68594e2b92f5",
                    "3b4aa457-be37-4d47-b161-a59cceb4b768",
                    "e64ba274-9f8f-4bb2-b643-c4a804e43561",
                    "3503d363-eb64-4b11-ba33-8a03d89117d1",
                    "0bc3305b-332a-402c-b729-aad605a64deb"
                ],
                [
                    "7ad4f549-1bd8-4301-b8cf-4c90cb0ef70d",
                    "3b4aa457-be37-4d47-b161-a59cceb4b768",
                    "de2b773c-df1c-422e-8596-8efb9c96e165",
                    "3503d363-eb64-4b11-ba33-8a03d89117d1",
                    "0bc3305b-332a-402c-b729-aad605a64deb"
                ],
                [
                    "c4ad365f-d891-4770-8a68-706d02bdd187",
                    "3b4aa457-be37-4d47-b161-a59cceb4b768",
                    "23bc445a-4ac5-4802-84ca-016c637f8345",
                    "3503d363-eb64-4b11-ba33-8a03d89117d1",
                    "0bc3305b-332a-402c-b729-aad605a64deb"
                ],
                [
                    "c4ad365f-d891-4770-8a68-706d02bdd187",
                    "3b4aa457-be37-4d47-b161-a59cceb4b768",
                    "c50ecbc6-ad66-4cec-9ed0-a84a509df32d",
                    "3503d363-eb64-4b11-ba33-8a03d89117d1",
                    "0bc3305b-332a-402c-b729-aad605a64deb"
                ]
            ]
        },
        {
            "output_tuple": [
                "IJCAI"
            ],
            "tuple_id": "b68e9ac0-66ca-5535-acdd-033fb3018765",
            "dnf": [
                [
                    "02a11a9c-d46a-4a1d-a646-1dd0ad60046c",
                    "3b4aa457-be37-4d47-b161-a59cceb4b768",
                    "2c853983-dfb2-47d0-a46f-3be867ca0104",
                    "556184c3-48e3-4ba7-adfb-9dd10a36d112",
                    "328d1f07-72ae-48ac-84cd-7198726a4ad4"
                ]
            ]
        },
        {
            "output_tuple": [
                "SIGCOMM"
            ],
            "tuple_id": "b6d73175-60af-54f1-b4bb-b1a0eb39122c",
            "dnf": [
                [
                    "f2033421-3251-462c-9c3f-8f8b5f976f5c",
                    "3b4aa457-be37-4d47-b161-a59cceb4b768",
                    "127f6f31-4bf2-452b-b19f-b256fc76dbd7",
                    "8a2e4246-c38a-43d5-bc9b-ec844daee349",
                    "8f8391f5-68d8-4309-9a16-9011811bd31d"
                ]
            ]
        },
        {
            "output_tuple": [
                "ISSRE"
            ],
            "tuple_id": "ba8ccd35-27db-56d7-9ffc-7184bb2bd4f9",
            "dnf": [
                [
                    "463e6711-6728-4a9c-9c21-0afe33a21866",
                    "3b4aa457-be37-4d47-b161-a59cceb4b768",
                    "c5bafc1c-549d-45e0-b5a7-5625aec228a0",
                    "7a7e1263-ab77-42fe-9115-1c8ab72941b0",
                    "e66a6b41-fd8a-4967-a62e-04c56a6c8858"
                ]
            ]
        },
        {
            "output_tuple": [
                "WINE"
            ],
            "tuple_id": "bb6f1bbc-6cd6-5ef0-969c-ffa6f32401ec",
            "dnf": [
                [
                    "d59008aa-c4a2-42db-9423-41846cb0f6e7",
                    "3b4aa457-be37-4d47-b161-a59cceb4b768",
                    "51a264b5-c027-4544-acdb-b880b7b2cc4b",
                    "f4e5df28-8eae-48fe-824d-3ed444a63f91",
                    "a6c161b9-7195-4fc1-8c96-e2f45a9f9a82"
                ]
            ]
        },
        {
            "output_tuple": [
                "CHI"
            ],
            "tuple_id": "bc32085f-95e9-5d40-ad6a-90d72f7ab534",
            "dnf": [
                [
                    "2925f7f7-3f36-4d2c-ac08-745bec02b5a9",
                    "3b4aa457-be37-4d47-b161-a59cceb4b768",
                    "9a3b94c4-e40b-4502-8113-b8e27afd29d2",
                    "f29ca62e-3250-451d-be97-fc9cbee08a1e",
                    "6eb29b65-83a4-4cd6-9e39-422a11827398"
                ],
                [
                    "2925f7f7-3f36-4d2c-ac08-745bec02b5a9",
                    "3b4aa457-be37-4d47-b161-a59cceb4b768",
                    "ca51ec68-7d05-4607-987c-01fd617f2b23",
                    "f29ca62e-3250-451d-be97-fc9cbee08a1e",
                    "6eb29b65-83a4-4cd6-9e39-422a11827398"
                ],
                [
                    "2925f7f7-3f36-4d2c-ac08-745bec02b5a9",
                    "3b4aa457-be37-4d47-b161-a59cceb4b768",
                    "604db0cd-0c16-4481-937d-8aa6755dd850",
                    "f29ca62e-3250-451d-be97-fc9cbee08a1e",
                    "6eb29b65-83a4-4cd6-9e39-422a11827398"
                ],
                [
                    "2925f7f7-3f36-4d2c-ac08-745bec02b5a9",
                    "3b4aa457-be37-4d47-b161-a59cceb4b768",
                    "5f7c9293-ba75-462f-8b74-be53bb8a7e61",
                    "f29ca62e-3250-451d-be97-fc9cbee08a1e",
                    "6eb29b65-83a4-4cd6-9e39-422a11827398"
                ],
                [
                    "2925f7f7-3f36-4d2c-ac08-745bec02b5a9",
                    "3b4aa457-be37-4d47-b161-a59cceb4b768",
                    "138127f6-eb96-4e01-9552-37578590b94d",
                    "f29ca62e-3250-451d-be97-fc9cbee08a1e",
                    "6eb29b65-83a4-4cd6-9e39-422a11827398"
                ],
                [
                    "2925f7f7-3f36-4d2c-ac08-745bec02b5a9",
                    "3b4aa457-be37-4d47-b161-a59cceb4b768",
                    "078dc740-d23a-417b-b4c3-4876f481ae72",
                    "f29ca62e-3250-451d-be97-fc9cbee08a1e",
                    "6eb29b65-83a4-4cd6-9e39-422a11827398"
                ]
            ]
        },
        {
            "output_tuple": [
                "WMCSA"
            ],
            "tuple_id": "bd9c05e9-45fd-5c22-9b9f-a1d31523a816",
            "dnf": [
                [
                    "f2033421-3251-462c-9c3f-8f8b5f976f5c",
                    "3b4aa457-be37-4d47-b161-a59cceb4b768",
                    "5dec0d17-b395-4aef-8f56-381012175681",
                    "127ce7e4-886b-4a2a-aa2f-fbf7fc0ac36c",
                    "8f8391f5-68d8-4309-9a16-9011811bd31d"
                ]
            ]
        },
        {
            "output_tuple": [
                "IMC"
            ],
            "tuple_id": "c09b4ade-8b5c-5015-8cda-d633aea4b940",
            "dnf": [
                [
                    "56e843c1-158e-4e3c-9b26-2ba27340eedb",
                    "3b4aa457-be37-4d47-b161-a59cceb4b768",
                    "80cabc84-a8ab-4840-a8b4-0c78693dd0fc",
                    "5644af4e-af08-40a7-93b9-b7d9a8c3614e",
                    "8f8391f5-68d8-4309-9a16-9011811bd31d"
                ],
                [
                    "f2033421-3251-462c-9c3f-8f8b5f976f5c",
                    "3b4aa457-be37-4d47-b161-a59cceb4b768",
                    "40803216-754e-423b-accd-eb355b4b933b",
                    "5644af4e-af08-40a7-93b9-b7d9a8c3614e",
                    "d4fc2056-1c33-4216-978c-36dc5ae0f594"
                ],
                [
                    "56e843c1-158e-4e3c-9b26-2ba27340eedb",
                    "3b4aa457-be37-4d47-b161-a59cceb4b768",
                    "80cabc84-a8ab-4840-a8b4-0c78693dd0fc",
                    "5644af4e-af08-40a7-93b9-b7d9a8c3614e",
                    "d4fc2056-1c33-4216-978c-36dc5ae0f594"
                ],
                [
                    "f2033421-3251-462c-9c3f-8f8b5f976f5c",
                    "3b4aa457-be37-4d47-b161-a59cceb4b768",
                    "40803216-754e-423b-accd-eb355b4b933b",
                    "5644af4e-af08-40a7-93b9-b7d9a8c3614e",
                    "8f8391f5-68d8-4309-9a16-9011811bd31d"
                ]
            ]
        },
        {
            "output_tuple": [
                "SP"
            ],
            "tuple_id": "c4e84b4a-1ec3-51e8-ba4f-4a4e5f52b675",
            "dnf": [
                [
                    "b8d8b977-079a-42cd-a49d-27d919f4c4a0",
                    "3b4aa457-be37-4d47-b161-a59cceb4b768",
                    "553aa5e3-fbdf-4524-988c-29867a63cfda",
                    "4018acfd-23a8-41ec-a0fd-af2861fa5660",
                    "08ed9238-08b0-4fe9-bf90-497ee742781f"
                ]
            ]
        },
        {
            "output_tuple": [
                "HICSS"
            ],
            "tuple_id": "c5a0f242-a854-567c-81be-f46f3be67115",
            "dnf": [
                [
                    "bcc04b24-0dde-4244-9aab-b12fb4a0597d",
                    "3b4aa457-be37-4d47-b161-a59cceb4b768",
                    "1240e597-42f7-4ab3-a057-d85059fac789",
                    "758544a5-d973-4104-9400-34665aad5912",
                    "328d1f07-72ae-48ac-84cd-7198726a4ad4"
                ],
                [
                    "bcc04b24-0dde-4244-9aab-b12fb4a0597d",
                    "3b4aa457-be37-4d47-b161-a59cceb4b768",
                    "1240e597-42f7-4ab3-a057-d85059fac789",
                    "758544a5-d973-4104-9400-34665aad5912",
                    "35b98f24-6243-4005-8215-cd3dc6af8a02"
                ]
            ]
        },
        {
            "output_tuple": [
                "LCN"
            ],
            "tuple_id": "c659bb56-257f-5a6b-b1a3-239db41475a2",
            "dnf": [
                [
                    "f2033421-3251-462c-9c3f-8f8b5f976f5c",
                    "3b4aa457-be37-4d47-b161-a59cceb4b768",
                    "fa1a4f4d-f4c4-4479-907f-08c573f5c8f8",
                    "04f71c27-533f-489f-87f6-4ece5327231c",
                    "8f8391f5-68d8-4309-9a16-9011811bd31d"
                ]
            ]
        },
        {
            "output_tuple": [
                "CAV"
            ],
            "tuple_id": "c91545c2-27bf-50f8-b709-240fd897fdad",
            "dnf": [
                [
                    "a44fb5f5-dbe6-4002-92ae-a9cef6a44d56",
                    "3b4aa457-be37-4d47-b161-a59cceb4b768",
                    "64065a6e-839e-4d45-8e37-5e6ede40c2be",
                    "c293cc9d-b4e6-4ef3-ac52-c3d0257bdd09",
                    "e66a6b41-fd8a-4967-a62e-04c56a6c8858"
                ],
                [
                    "a44fb5f5-dbe6-4002-92ae-a9cef6a44d56",
                    "3b4aa457-be37-4d47-b161-a59cceb4b768",
                    "2922851c-dabb-4e3a-bac0-b0e0821ba274",
                    "c293cc9d-b4e6-4ef3-ac52-c3d0257bdd09",
                    "e66a6b41-fd8a-4967-a62e-04c56a6c8858"
                ],
                [
                    "a44fb5f5-dbe6-4002-92ae-a9cef6a44d56",
                    "3b4aa457-be37-4d47-b161-a59cceb4b768",
                    "1631c82e-bbd8-4f3c-958b-eeb4ada296ee",
                    "c293cc9d-b4e6-4ef3-ac52-c3d0257bdd09",
                    "e66a6b41-fd8a-4967-a62e-04c56a6c8858"
                ]
            ]
        },
        {
            "output_tuple": [
                "POPL"
            ],
            "tuple_id": "c9d582e3-4c2c-57c9-9bbc-a038579e7c01",
            "dnf": [
                [
                    "a44fb5f5-dbe6-4002-92ae-a9cef6a44d56",
                    "3b4aa457-be37-4d47-b161-a59cceb4b768",
                    "959f85bb-3a89-4904-84bf-8430660b3953",
                    "beae9084-5b5f-401c-aefd-1b3c220a0856",
                    "f30c7de3-87b3-4cea-95c6-7b3ae1b47287"
                ]
            ]
        },
        {
            "output_tuple": [
                "RECOMB"
            ],
            "tuple_id": "cdae2539-ee72-5da2-a9cc-62565dba6daa",
            "dnf": [
                [
                    "3f522680-6604-4c33-8b7c-07cd1b3a06c8",
                    "3b4aa457-be37-4d47-b161-a59cceb4b768",
                    "b6bad9ad-7099-4de7-9245-6dec2d150bf0",
                    "d376ac7f-4e44-4516-aebc-41abacc85462",
                    "3c4701f5-4095-4937-8b63-b0226a175604"
                ],
                [
                    "3f522680-6604-4c33-8b7c-07cd1b3a06c8",
                    "3b4aa457-be37-4d47-b161-a59cceb4b768",
                    "2b26dee5-6241-4f07-b9e4-b8f639cbc85e",
                    "d376ac7f-4e44-4516-aebc-41abacc85462",
                    "3c4701f5-4095-4937-8b63-b0226a175604"
                ],
                [
                    "3f522680-6604-4c33-8b7c-07cd1b3a06c8",
                    "3b4aa457-be37-4d47-b161-a59cceb4b768",
                    "ccd8cda8-83f8-4560-92a9-57d1c4749bf3",
                    "d376ac7f-4e44-4516-aebc-41abacc85462",
                    "3c4701f5-4095-4937-8b63-b0226a175604"
                ],
                [
                    "3f522680-6604-4c33-8b7c-07cd1b3a06c8",
                    "3b4aa457-be37-4d47-b161-a59cceb4b768",
                    "baf6292c-f004-467b-81a4-7b3b8522aba6",
                    "d376ac7f-4e44-4516-aebc-41abacc85462",
                    "3c4701f5-4095-4937-8b63-b0226a175604"
                ]
            ]
        },
        {
            "output_tuple": [
                "ICASSP"
            ],
            "tuple_id": "ce35262f-6b67-54d6-b4e6-3c150b0ec41a",
            "dnf": [
                [
                    "b55d1292-84df-4ba9-878c-afd5a189d227",
                    "3b4aa457-be37-4d47-b161-a59cceb4b768",
                    "fc1c3237-8496-481c-80a8-269744e4cfa8",
                    "81d3530b-3c34-4a46-a97b-7e719d8c922e",
                    "b2a16ca1-7517-46de-bc8d-d9eb6e2076ec"
                ],
                [
                    "b55d1292-84df-4ba9-878c-afd5a189d227",
                    "3b4aa457-be37-4d47-b161-a59cceb4b768",
                    "fc1c3237-8496-481c-80a8-269744e4cfa8",
                    "81d3530b-3c34-4a46-a97b-7e719d8c922e",
                    "9af102dd-d519-4742-8181-43c5c6c3b530"
                ]
            ]
        },
        {
            "output_tuple": [
                "KDD"
            ],
            "tuple_id": "cfc1ca96-b96c-52d2-9788-66e830665c89",
            "dnf": [
                [
                    "56e843c1-158e-4e3c-9b26-2ba27340eedb",
                    "3b4aa457-be37-4d47-b161-a59cceb4b768",
                    "ada4af72-1cf4-47b5-92b7-0a54e76d254e",
                    "7b8f056b-aadc-4ec6-84eb-5fc6d5660655",
                    "73afd3eb-5fe0-4228-8e33-b7db50974548"
                ]
            ]
        },
        {
            "output_tuple": [
                "ASPLOS"
            ],
            "tuple_id": "d06aa49e-385e-5c69-afde-469bc0396f73",
            "dnf": [
                [
                    "a44fb5f5-dbe6-4002-92ae-a9cef6a44d56",
                    "3b4aa457-be37-4d47-b161-a59cceb4b768",
                    "cda6a2ef-9628-498a-a3fe-ece13e95897e",
                    "fb646f20-fcea-4b5e-9285-d6295e9a48b6",
                    "f0a8ff9c-a522-4ad0-9df0-7d3f1a9a9623"
                ],
                [
                    "b8d8b977-079a-42cd-a49d-27d919f4c4a0",
                    "3b4aa457-be37-4d47-b161-a59cceb4b768",
                    "1056faa4-0164-40aa-9a56-4d024780e08b",
                    "fb646f20-fcea-4b5e-9285-d6295e9a48b6",
                    "f0a8ff9c-a522-4ad0-9df0-7d3f1a9a9623"
                ],
                [
                    "a44fb5f5-dbe6-4002-92ae-a9cef6a44d56",
                    "3b4aa457-be37-4d47-b161-a59cceb4b768",
                    "cda6a2ef-9628-498a-a3fe-ece13e95897e",
                    "fb646f20-fcea-4b5e-9285-d6295e9a48b6",
                    "c39c4c26-c9bd-493a-8612-4ed41144373d"
                ],
                [
                    "b8d8b977-079a-42cd-a49d-27d919f4c4a0",
                    "3b4aa457-be37-4d47-b161-a59cceb4b768",
                    "1056faa4-0164-40aa-9a56-4d024780e08b",
                    "fb646f20-fcea-4b5e-9285-d6295e9a48b6",
                    "c39c4c26-c9bd-493a-8612-4ed41144373d"
                ]
            ]
        },
        {
            "output_tuple": [
                "BPM"
            ],
            "tuple_id": "d1229009-220c-536c-afcc-f4c132faac80",
            "dnf": [
                [
                    "c2acb03b-64c5-4101-a66f-032586767db7",
                    "3b4aa457-be37-4d47-b161-a59cceb4b768",
                    "6e19f7ac-16d9-4e0c-bd35-cc168b22472d",
                    "db577c15-f24e-48c4-a370-4bb42ddd48bf",
                    "35b98f24-6243-4005-8215-cd3dc6af8a02"
                ]
            ]
        },
        {
            "output_tuple": [
                "APPROX"
            ],
            "tuple_id": "d478c25c-f0a3-52ce-9487-78bf04a6173d",
            "dnf": [
                [
                    "d59008aa-c4a2-42db-9423-41846cb0f6e7",
                    "3b4aa457-be37-4d47-b161-a59cceb4b768",
                    "a5ffe129-88d3-4922-a392-85ccf5879e58",
                    "1fc9d0db-b2fd-4152-b3ca-c92fb711162f",
                    "a6c161b9-7195-4fc1-8c96-e2f45a9f9a82"
                ]
            ]
        },
        {
            "output_tuple": [
                "SOSP"
            ],
            "tuple_id": "d57b092e-7119-5e46-9a7e-943684de74d9",
            "dnf": [
                [
                    "f2033421-3251-462c-9c3f-8f8b5f976f5c",
                    "3b4aa457-be37-4d47-b161-a59cceb4b768",
                    "ce1515c8-fd64-4c38-8b43-a1a5e3c4ec37",
                    "a96acb8a-5d4c-43d5-ad01-c2a2ed149e9e",
                    "f0a8ff9c-a522-4ad0-9df0-7d3f1a9a9623"
                ]
            ]
        },
        {
            "output_tuple": [
                "EUROSYS"
            ],
            "tuple_id": "d72f3708-3d2b-503e-9b9f-815810eb4887",
            "dnf": [
                [
                    "f2033421-3251-462c-9c3f-8f8b5f976f5c",
                    "3b4aa457-be37-4d47-b161-a59cceb4b768",
                    "d21e66f6-35cf-4d8b-a786-680af96f4212",
                    "b76c43e8-0414-49cc-9b3e-b816efc9ffd1",
                    "f432a336-8a73-473b-bc13-3faf36471e81"
                ],
                [
                    "f2033421-3251-462c-9c3f-8f8b5f976f5c",
                    "3b4aa457-be37-4d47-b161-a59cceb4b768",
                    "d21e66f6-35cf-4d8b-a786-680af96f4212",
                    "b76c43e8-0414-49cc-9b3e-b816efc9ffd1",
                    "f0a8ff9c-a522-4ad0-9df0-7d3f1a9a9623"
                ]
            ]
        },
        {
            "output_tuple": [
                "SIGECOM"
            ],
            "tuple_id": "dc396000-fe88-545a-a371-3f03c66c9943",
            "dnf": [
                [
                    "d59008aa-c4a2-42db-9423-41846cb0f6e7",
                    "3b4aa457-be37-4d47-b161-a59cceb4b768",
                    "57974a19-dd3e-4ad1-9771-e584839f6be0",
                    "0907b3a6-a3e9-4182-bc27-63d61c31e366",
                    "328d1f07-72ae-48ac-84cd-7198726a4ad4"
                ]
            ]
        },
        {
            "output_tuple": [
                "ETRA"
            ],
            "tuple_id": "de8c6050-b8d1-59a5-8b6c-0da564f235ca",
            "dnf": [
                [
                    "961d8995-3f01-4ae2-887b-d19846689991",
                    "3b4aa457-be37-4d47-b161-a59cceb4b768",
                    "0af79948-ba22-4733-8907-20b2d0e0490a",
                    "6df68d3b-88dc-4191-8a7f-ceb744a9f768",
                    "6eb29b65-83a4-4cd6-9e39-422a11827398"
                ]
            ]
        },
        {
            "output_tuple": [
                "SAGT"
            ],
            "tuple_id": "e0a59a8c-eb99-55c2-a320-02517d787b1c",
            "dnf": [
                [
                    "d59008aa-c4a2-42db-9423-41846cb0f6e7",
                    "3b4aa457-be37-4d47-b161-a59cceb4b768",
                    "6530db4d-2af4-4741-a9cb-494cca0a8233",
                    "fd48bfd3-2b04-4852-bce6-bb0b32b25266",
                    "a6c161b9-7195-4fc1-8c96-e2f45a9f9a82"
                ]
            ]
        },
        {
            "output_tuple": [
                "ICDT"
            ],
            "tuple_id": "e1abac6d-fbb9-5a3c-94d7-f5df3a01fe06",
            "dnf": [
                [
                    "c2acb03b-64c5-4101-a66f-032586767db7",
                    "3b4aa457-be37-4d47-b161-a59cceb4b768",
                    "8334a9d9-f283-4c2a-ae3b-e41b13d2e1c6",
                    "633446e9-4170-4022-9224-91107015bac6",
                    "35b98f24-6243-4005-8215-cd3dc6af8a02"
                ]
            ]
        },
        {
            "output_tuple": [
                "SRDS"
            ],
            "tuple_id": "e360822b-1d9f-52e2-be50-92d712e8d04e",
            "dnf": [
                [
                    "7ac4cbf9-84dd-4c48-bfbb-20e21bfc3e85",
                    "3b4aa457-be37-4d47-b161-a59cceb4b768",
                    "e051eea9-ae8a-48f2-b0bb-beecf4341af3",
                    "3d6cc2c0-3f18-4e5b-b189-40046db20f3e",
                    "f432a336-8a73-473b-bc13-3faf36471e81"
                ],
                [
                    "7ac4cbf9-84dd-4c48-bfbb-20e21bfc3e85",
                    "3b4aa457-be37-4d47-b161-a59cceb4b768",
                    "52a03a56-91e6-4525-87c8-4a5c3f8c0c24",
                    "3d6cc2c0-3f18-4e5b-b189-40046db20f3e",
                    "f432a336-8a73-473b-bc13-3faf36471e81"
                ]
            ]
        },
        {
            "output_tuple": [
                "IROS"
            ],
            "tuple_id": "ef2c02d7-1821-54c3-ac4c-3b053d7b1ccf",
            "dnf": [
                [
                    "04b67e99-0309-41a3-a529-68594e2b92f5",
                    "3b4aa457-be37-4d47-b161-a59cceb4b768",
                    "738a2c50-b139-4ad9-9dc7-a2b562429ac4",
                    "99d689db-c15f-4ad0-afb6-7fc4c55ecd75",
                    "1878accf-edf0-4e3a-a5a3-296e1664d673"
                ],
                [
                    "04b67e99-0309-41a3-a529-68594e2b92f5",
                    "3b4aa457-be37-4d47-b161-a59cceb4b768",
                    "675441c9-5c36-4d31-a80f-48e33974996b",
                    "99d689db-c15f-4ad0-afb6-7fc4c55ecd75",
                    "1878accf-edf0-4e3a-a5a3-296e1664d673"
                ],
                [
                    "04b67e99-0309-41a3-a529-68594e2b92f5",
                    "3b4aa457-be37-4d47-b161-a59cceb4b768",
                    "738a2c50-b139-4ad9-9dc7-a2b562429ac4",
                    "99d689db-c15f-4ad0-afb6-7fc4c55ecd75",
                    "328d1f07-72ae-48ac-84cd-7198726a4ad4"
                ],
                [
                    "04b67e99-0309-41a3-a529-68594e2b92f5",
                    "3b4aa457-be37-4d47-b161-a59cceb4b768",
                    "6a6fc2ef-45e3-44bd-a43c-61a715f90f4e",
                    "99d689db-c15f-4ad0-afb6-7fc4c55ecd75",
                    "328d1f07-72ae-48ac-84cd-7198726a4ad4"
                ],
                [
                    "04b67e99-0309-41a3-a529-68594e2b92f5",
                    "3b4aa457-be37-4d47-b161-a59cceb4b768",
                    "6a6fc2ef-45e3-44bd-a43c-61a715f90f4e",
                    "99d689db-c15f-4ad0-afb6-7fc4c55ecd75",
                    "1878accf-edf0-4e3a-a5a3-296e1664d673"
                ],
                [
                    "04b67e99-0309-41a3-a529-68594e2b92f5",
                    "3b4aa457-be37-4d47-b161-a59cceb4b768",
                    "675441c9-5c36-4d31-a80f-48e33974996b",
                    "99d689db-c15f-4ad0-afb6-7fc4c55ecd75",
                    "328d1f07-72ae-48ac-84cd-7198726a4ad4"
                ]
            ]
        },
        {
            "output_tuple": [
                "NDSS"
            ],
            "tuple_id": "ef5e88b4-2053-5985-a1fa-4bdad7207381",
            "dnf": [
                [
                    "f2033421-3251-462c-9c3f-8f8b5f976f5c",
                    "3b4aa457-be37-4d47-b161-a59cceb4b768",
                    "e50d2e3f-371a-48a2-8746-53be18ae9dfc",
                    "6f283687-84de-460b-8ef3-3b48f7078875",
                    "08ed9238-08b0-4fe9-bf90-497ee742781f"
                ]
            ]
        },
        {
            "output_tuple": [
                "SIGMOD"
            ],
            "tuple_id": "f3c7fefb-a69e-526a-9aa4-7fe33bce7b84",
            "dnf": [
                [
                    "c2acb03b-64c5-4101-a66f-032586767db7",
                    "3b4aa457-be37-4d47-b161-a59cceb4b768",
                    "e14e2dd4-4904-4eb5-8328-711f407577be",
                    "cec31a13-d14a-4ca7-ab63-b1262551dd12",
                    "35b98f24-6243-4005-8215-cd3dc6af8a02"
                ],
                [
                    "c2acb03b-64c5-4101-a66f-032586767db7",
                    "3b4aa457-be37-4d47-b161-a59cceb4b768",
                    "4466b4bd-a587-49a3-8a45-6a2a863eb703",
                    "cec31a13-d14a-4ca7-ab63-b1262551dd12",
                    "35b98f24-6243-4005-8215-cd3dc6af8a02"
                ],
                [
                    "4e252524-13ef-4c22-a20e-c99cccb36134",
                    "3b4aa457-be37-4d47-b161-a59cceb4b768",
                    "0eb09cef-3731-42d3-b2f5-4f62028b2e65",
                    "cec31a13-d14a-4ca7-ab63-b1262551dd12",
                    "35b98f24-6243-4005-8215-cd3dc6af8a02"
                ],
                [
                    "c2acb03b-64c5-4101-a66f-032586767db7",
                    "3b4aa457-be37-4d47-b161-a59cceb4b768",
                    "dfeba363-220d-4a44-86f4-5b420ec91e23",
                    "cec31a13-d14a-4ca7-ab63-b1262551dd12",
                    "35b98f24-6243-4005-8215-cd3dc6af8a02"
                ]
            ]
        },
        {
            "output_tuple": [
                "ICML"
            ],
            "tuple_id": "f81b2433-18ba-5982-b931-863631170aeb",
            "dnf": [
                [
                    "efbc6334-0888-4c06-92c6-fe2bb1e19709",
                    "3b4aa457-be37-4d47-b161-a59cceb4b768",
                    "1cb2aee0-e29c-46aa-bfb2-fc60e087198f",
                    "e3a82cbf-0313-403e-b548-66b285089b1e",
                    "328d1f07-72ae-48ac-84cd-7198726a4ad4"
                ],
                [
                    "efbc6334-0888-4c06-92c6-fe2bb1e19709",
                    "3b4aa457-be37-4d47-b161-a59cceb4b768",
                    "1163c4b5-3490-4186-9c40-c1b66a2398fa",
                    "e3a82cbf-0313-403e-b548-66b285089b1e",
                    "328d1f07-72ae-48ac-84cd-7198726a4ad4"
                ],
                [
                    "56e843c1-158e-4e3c-9b26-2ba27340eedb",
                    "3b4aa457-be37-4d47-b161-a59cceb4b768",
                    "f41302a6-b1d9-4078-a4a0-b11c6a0c3571",
                    "e3a82cbf-0313-403e-b548-66b285089b1e",
                    "1878accf-edf0-4e3a-a5a3-296e1664d673"
                ],
                [
                    "c4ad365f-d891-4770-8a68-706d02bdd187",
                    "3b4aa457-be37-4d47-b161-a59cceb4b768",
                    "b352f551-f27d-4dee-895f-00fb24d8eb7a",
                    "e3a82cbf-0313-403e-b548-66b285089b1e",
                    "328d1f07-72ae-48ac-84cd-7198726a4ad4"
                ],
                [
                    "efbc6334-0888-4c06-92c6-fe2bb1e19709",
                    "3b4aa457-be37-4d47-b161-a59cceb4b768",
                    "1cb2aee0-e29c-46aa-bfb2-fc60e087198f",
                    "e3a82cbf-0313-403e-b548-66b285089b1e",
                    "1878accf-edf0-4e3a-a5a3-296e1664d673"
                ],
                [
                    "c4ad365f-d891-4770-8a68-706d02bdd187",
                    "3b4aa457-be37-4d47-b161-a59cceb4b768",
                    "f821d403-5493-401b-b596-822a25a2545e",
                    "e3a82cbf-0313-403e-b548-66b285089b1e",
                    "328d1f07-72ae-48ac-84cd-7198726a4ad4"
                ],
                [
                    "c4ad365f-d891-4770-8a68-706d02bdd187",
                    "3b4aa457-be37-4d47-b161-a59cceb4b768",
                    "f821d403-5493-401b-b596-822a25a2545e",
                    "e3a82cbf-0313-403e-b548-66b285089b1e",
                    "1878accf-edf0-4e3a-a5a3-296e1664d673"
                ],
                [
                    "1e646a16-f85e-4e67-940a-a3fda0497300",
                    "3b4aa457-be37-4d47-b161-a59cceb4b768",
                    "2aee69b7-0755-4801-9221-b52672dde8bf",
                    "e3a82cbf-0313-403e-b548-66b285089b1e",
                    "1878accf-edf0-4e3a-a5a3-296e1664d673"
                ],
                [
                    "efbc6334-0888-4c06-92c6-fe2bb1e19709",
                    "3b4aa457-be37-4d47-b161-a59cceb4b768",
                    "1163c4b5-3490-4186-9c40-c1b66a2398fa",
                    "e3a82cbf-0313-403e-b548-66b285089b1e",
                    "1878accf-edf0-4e3a-a5a3-296e1664d673"
                ],
                [
                    "c4ad365f-d891-4770-8a68-706d02bdd187",
                    "3b4aa457-be37-4d47-b161-a59cceb4b768",
                    "a843d4fa-52f0-4859-87c9-54a06ad7196c",
                    "e3a82cbf-0313-403e-b548-66b285089b1e",
                    "328d1f07-72ae-48ac-84cd-7198726a4ad4"
                ],
                [
                    "1e646a16-f85e-4e67-940a-a3fda0497300",
                    "3b4aa457-be37-4d47-b161-a59cceb4b768",
                    "2aee69b7-0755-4801-9221-b52672dde8bf",
                    "e3a82cbf-0313-403e-b548-66b285089b1e",
                    "328d1f07-72ae-48ac-84cd-7198726a4ad4"
                ],
                [
                    "56e843c1-158e-4e3c-9b26-2ba27340eedb",
                    "3b4aa457-be37-4d47-b161-a59cceb4b768",
                    "f41302a6-b1d9-4078-a4a0-b11c6a0c3571",
                    "e3a82cbf-0313-403e-b548-66b285089b1e",
                    "328d1f07-72ae-48ac-84cd-7198726a4ad4"
                ],
                [
                    "c4ad365f-d891-4770-8a68-706d02bdd187",
                    "3b4aa457-be37-4d47-b161-a59cceb4b768",
                    "b352f551-f27d-4dee-895f-00fb24d8eb7a",
                    "e3a82cbf-0313-403e-b548-66b285089b1e",
                    "1878accf-edf0-4e3a-a5a3-296e1664d673"
                ],
                [
                    "c4ad365f-d891-4770-8a68-706d02bdd187",
                    "3b4aa457-be37-4d47-b161-a59cceb4b768",
                    "a843d4fa-52f0-4859-87c9-54a06ad7196c",
                    "e3a82cbf-0313-403e-b548-66b285089b1e",
                    "1878accf-edf0-4e3a-a5a3-296e1664d673"
                ]
            ]
        },
        {
            "output_tuple": [
                "FGR"
            ],
            "tuple_id": "fb55fe84-c523-58b9-a548-ff686a730570",
            "dnf": [
                [
                    "7ad4f549-1bd8-4301-b8cf-4c90cb0ef70d",
                    "3b4aa457-be37-4d47-b161-a59cceb4b768",
                    "c9ff7a72-ddb4-4b22-980a-955509da3698",
                    "310b3235-321a-4bdc-a280-5cdac22cd279",
                    "0bc3305b-332a-402c-b729-aad605a64deb"
                ],
                [
                    "7ad4f549-1bd8-4301-b8cf-4c90cb0ef70d",
                    "3b4aa457-be37-4d47-b161-a59cceb4b768",
                    "23b20d91-958f-4950-817e-375d3982db9b",
                    "310b3235-321a-4bdc-a280-5cdac22cd279",
                    "0bc3305b-332a-402c-b729-aad605a64deb"
                ],
                [
                    "7ad4f549-1bd8-4301-b8cf-4c90cb0ef70d",
                    "3b4aa457-be37-4d47-b161-a59cceb4b768",
                    "568b1bce-deac-4dae-bc27-1b6c1c3866cd",
                    "310b3235-321a-4bdc-a280-5cdac22cd279",
                    "0bc3305b-332a-402c-b729-aad605a64deb"
                ],
                [
                    "04b67e99-0309-41a3-a529-68594e2b92f5",
                    "3b4aa457-be37-4d47-b161-a59cceb4b768",
                    "09784a6c-40c2-4258-8b88-7dfd5efad99e",
                    "310b3235-321a-4bdc-a280-5cdac22cd279",
                    "0bc3305b-332a-402c-b729-aad605a64deb"
                ],
                [
                    "7ad4f549-1bd8-4301-b8cf-4c90cb0ef70d",
                    "3b4aa457-be37-4d47-b161-a59cceb4b768",
                    "015d8b87-c482-4e5e-961a-10a43c8882e3",
                    "310b3235-321a-4bdc-a280-5cdac22cd279",
                    "0bc3305b-332a-402c-b729-aad605a64deb"
                ],
                [
                    "04b67e99-0309-41a3-a529-68594e2b92f5",
                    "3b4aa457-be37-4d47-b161-a59cceb4b768",
                    "c9ff7a72-ddb4-4b22-980a-955509da3698",
                    "310b3235-321a-4bdc-a280-5cdac22cd279",
                    "0bc3305b-332a-402c-b729-aad605a64deb"
                ],
                [
                    "04b67e99-0309-41a3-a529-68594e2b92f5",
                    "3b4aa457-be37-4d47-b161-a59cceb4b768",
                    "18ebb221-f437-4172-9f98-2b66834e43b6",
                    "310b3235-321a-4bdc-a280-5cdac22cd279",
                    "0bc3305b-332a-402c-b729-aad605a64deb"
                ],
                [
                    "7ad4f549-1bd8-4301-b8cf-4c90cb0ef70d",
                    "3b4aa457-be37-4d47-b161-a59cceb4b768",
                    "18ebb221-f437-4172-9f98-2b66834e43b6",
                    "310b3235-321a-4bdc-a280-5cdac22cd279",
                    "0bc3305b-332a-402c-b729-aad605a64deb"
                ],
                [
                    "04b67e99-0309-41a3-a529-68594e2b92f5",
                    "3b4aa457-be37-4d47-b161-a59cceb4b768",
                    "23b20d91-958f-4950-817e-375d3982db9b",
                    "310b3235-321a-4bdc-a280-5cdac22cd279",
                    "0bc3305b-332a-402c-b729-aad605a64deb"
                ]
            ]
        },
        {
            "output_tuple": [
                "ICB"
            ],
            "tuple_id": "fb6ddb35-8e55-5e03-b232-b649733425ca",
            "dnf": [
                [
                    "04b67e99-0309-41a3-a529-68594e2b92f5",
                    "3b4aa457-be37-4d47-b161-a59cceb4b768",
                    "17ef3aa9-1cb3-4efd-a3a3-a6c9a02a32f0",
                    "df554cf2-bbb2-45da-b07a-87d4c0a4a0fa",
                    "1878accf-edf0-4e3a-a5a3-296e1664d673"
                ]
            ]
        },
        {
            "output_tuple": [
                "ICFP"
            ],
            "tuple_id": "fdc37523-dd31-56ce-9955-3f972a7612de",
            "dnf": [
                [
                    "a44fb5f5-dbe6-4002-92ae-a9cef6a44d56",
                    "3b4aa457-be37-4d47-b161-a59cceb4b768",
                    "8bf9b0c6-9155-4543-ac74-bd37959a0a03",
                    "0ec30baf-bd4c-43e7-9ba4-b2e3c3e05a58",
                    "f30c7de3-87b3-4cea-95c6-7b3ae1b47287"
                ]
            ]
        }
    ]
}