{
    "query_name": "1b_domain_name",
    "query_sql": "SELECT \n\tdomain.name \nFROM \n\tauthor, organization, writes, publication, conference, domain_conference, domain \nWHERE\n\tauthor.oid = organization.oid\n\tAND author.aid = writes.aid\n    AND writes.pid = publication.pid\n    AND publication.cid = conference.cid\n    AND conference.cid = domain_conference.cid\n    AND domain_conference.did = domain.did\n    AND author.paper_count < 100\n    AND author.citation_count > 1000\n    AND organization.name = 'University of California San Diego'\n    AND publication.year > 2010\nGROUP BY domain.name ",
    "results": [
        {
            "output_tuple": [
                "Distributed & Parallel Computing"
            ],
            "tuple_id": "0bd0a3d5-2a72-5618-8444-e94d6ab8d11c",
            "dnf": [
                [
                    "5df6eef0-2e99-4957-b0ec-cb157fb821b8",
                    "12958518-1aef-4ece-8480-26d1b464965d",
                    "60179114-3b97-4e65-ae4e-fd204b8f4835",
                    "6e0e3492-9ed3-4cb7-bc4c-515d9d0ea3b9",
                    "ea1bc0b6-9722-42f9-813f-9abdd28eaff4"
                ],
                [
                    "5df6eef0-2e99-4957-b0ec-cb157fb821b8",
                    "12958518-1aef-4ece-8480-26d1b464965d",
                    "301e179d-b8d0-4ad2-85da-c0bf7e1d971e",
                    "5038318f-09b8-4af1-8d3b-78c2ddcb7f5c",
                    "ea1bc0b6-9722-42f9-813f-9abdd28eaff4"
                ],
                [
                    "8e871bfd-114c-48ca-832c-de56becbeb87",
                    "12958518-1aef-4ece-8480-26d1b464965d",
                    "47cb8878-0dfc-42e6-889f-691b9eb64d32",
                    "5038318f-09b8-4af1-8d3b-78c2ddcb7f5c",
                    "ea1bc0b6-9722-42f9-813f-9abdd28eaff4"
                ],
                [
                    "83a96d9e-5065-4ec8-a6f2-588ab02551a3",
                    "12958518-1aef-4ece-8480-26d1b464965d",
                    "aca40a0a-116a-4e2a-96a8-1eb0bd5e3eaf",
                    "d64ddbae-4725-4d78-bd20-dd12386be17a",
                    "ea1bc0b6-9722-42f9-813f-9abdd28eaff4"
                ],
                [
                    "fc8dfb98-40f0-47cd-8d94-f1167b0e916c",
                    "12958518-1aef-4ece-8480-26d1b464965d",
                    "d6f2c8b3-67f2-472f-bc78-3cd0b9d91754",
                    "5024cee7-7400-4398-962a-19d0cdbd40d2",
                    "ea1bc0b6-9722-42f9-813f-9abdd28eaff4"
                ],
                [
                    "5df6eef0-2e99-4957-b0ec-cb157fb821b8",
                    "12958518-1aef-4ece-8480-26d1b464965d",
                    "99fb733d-3a2a-4c07-893d-18ec3f94b38e",
                    "5038318f-09b8-4af1-8d3b-78c2ddcb7f5c",
                    "ea1bc0b6-9722-42f9-813f-9abdd28eaff4"
                ],
                [
                    "fc8dfb98-40f0-47cd-8d94-f1167b0e916c",
                    "12958518-1aef-4ece-8480-26d1b464965d",
                    "d3df4db9-4f9c-4d52-b6f9-ce4646a2c2d4",
                    "5024cee7-7400-4398-962a-19d0cdbd40d2",
                    "ea1bc0b6-9722-42f9-813f-9abdd28eaff4"
                ],
                [
                    "83a96d9e-5065-4ec8-a6f2-588ab02551a3",
                    "12958518-1aef-4ece-8480-26d1b464965d",
                    "ff5c15f5-68ad-4793-85b1-569c16f171ed",
                    "7eb459e4-5302-4789-888f-f720096a9dd1",
                    "ea1bc0b6-9722-42f9-813f-9abdd28eaff4"
                ],
                [
                    "83a96d9e-5065-4ec8-a6f2-588ab02551a3",
                    "12958518-1aef-4ece-8480-26d1b464965d",
                    "cb27f7a3-6b99-4fc4-8bf0-63c2578f8054",
                    "d64ddbae-4725-4d78-bd20-dd12386be17a",
                    "ea1bc0b6-9722-42f9-813f-9abdd28eaff4"
                ],
                [
                    "5df6eef0-2e99-4957-b0ec-cb157fb821b8",
                    "12958518-1aef-4ece-8480-26d1b464965d",
                    "aef0e65c-959e-4072-be8a-dca871a2eb15",
                    "5038318f-09b8-4af1-8d3b-78c2ddcb7f5c",
                    "ea1bc0b6-9722-42f9-813f-9abdd28eaff4"
                ]
            ]
        },
        {
            "output_tuple": [
                "Multimedia"
            ],
            "tuple_id": "218ff3e5-f68e-5964-a1b4-259925a17bf1",
            "dnf": [
                [
                    "59e85c70-f2de-4d3f-bd11-2c4b8ade4e1a",
                    "12958518-1aef-4ece-8480-26d1b464965d",
                    "cd4f6c56-6505-49bd-b087-deb5ebdf3386",
                    "45e07561-0073-4aa5-b31b-af986a17dc57",
                    "c25b033f-7634-44d3-8c6b-d62572ef192b"
                ]
            ]
        },
        {
            "output_tuple": [
                "Security & Privacy"
            ],
            "tuple_id": "2c2058ff-f11a-5a8a-a607-8752002a6f0f",
            "dnf": [
                [
                    "5df6eef0-2e99-4957-b0ec-cb157fb821b8",
                    "12958518-1aef-4ece-8480-26d1b464965d",
                    "99391472-4fe9-4b67-9ff3-9a0cf60c1741",
                    "b24a732c-581e-43af-8c66-bf36fc8f304a",
                    "c20759de-fe3a-42a3-982c-5c346f9c81ca"
                ],
                [
                    "0dd9f9d0-30ab-4886-8bef-66019ceb7aa0",
                    "12958518-1aef-4ece-8480-26d1b464965d",
                    "1b54ad83-961c-40b7-bcf4-aaeebc364009",
                    "b24a732c-581e-43af-8c66-bf36fc8f304a",
                    "c20759de-fe3a-42a3-982c-5c346f9c81ca"
                ],
                [
                    "5df6eef0-2e99-4957-b0ec-cb157fb821b8",
                    "12958518-1aef-4ece-8480-26d1b464965d",
                    "01b3baac-a477-4d4f-b906-e9a13f7ac6cd",
                    "d4c62b12-173b-459d-9039-e7110b69e52f",
                    "c20759de-fe3a-42a3-982c-5c346f9c81ca"
                ],
                [
                    "0dd9f9d0-30ab-4886-8bef-66019ceb7aa0",
                    "12958518-1aef-4ece-8480-26d1b464965d",
                    "2cb9da86-09c7-4da8-b66f-32e4e489871e",
                    "b24a732c-581e-43af-8c66-bf36fc8f304a",
                    "c20759de-fe3a-42a3-982c-5c346f9c81ca"
                ],
                [
                    "8e871bfd-114c-48ca-832c-de56becbeb87",
                    "12958518-1aef-4ece-8480-26d1b464965d",
                    "035837d8-e988-47fa-a6f3-69636905144d",
                    "d4c62b12-173b-459d-9039-e7110b69e52f",
                    "c20759de-fe3a-42a3-982c-5c346f9c81ca"
                ],
                [
                    "5df6eef0-2e99-4957-b0ec-cb157fb821b8",
                    "12958518-1aef-4ece-8480-26d1b464965d",
                    "1b407c3f-0645-4bd1-ade8-d8073c3fd8f2",
                    "d4c62b12-173b-459d-9039-e7110b69e52f",
                    "c20759de-fe3a-42a3-982c-5c346f9c81ca"
                ],
                [
                    "0dd9f9d0-30ab-4886-8bef-66019ceb7aa0",
                    "12958518-1aef-4ece-8480-26d1b464965d",
                    "a799e117-96bd-441b-a73a-d43a7eea6543",
                    "aaba4724-ab3e-41a6-aabf-59b528332ff8",
                    "c20759de-fe3a-42a3-982c-5c346f9c81ca"
                ],
                [
                    "0dd9f9d0-30ab-4886-8bef-66019ceb7aa0",
                    "12958518-1aef-4ece-8480-26d1b464965d",
                    "32b4e719-c7ec-439f-b432-6b9823c7564c",
                    "d4c62b12-173b-459d-9039-e7110b69e52f",
                    "c20759de-fe3a-42a3-982c-5c346f9c81ca"
                ],
                [
                    "5df6eef0-2e99-4957-b0ec-cb157fb821b8",
                    "12958518-1aef-4ece-8480-26d1b464965d",
                    "609417cb-17d9-4dff-ac9e-2f7ddef58f7d",
                    "f9ee1696-b8b0-4298-904a-f6107935445c",
                    "c20759de-fe3a-42a3-982c-5c346f9c81ca"
                ],
                [
                    "0dd9f9d0-30ab-4886-8bef-66019ceb7aa0",
                    "12958518-1aef-4ece-8480-26d1b464965d",
                    "06f7596b-4caa-49c3-8b33-48c018bbd407",
                    "d4c62b12-173b-459d-9039-e7110b69e52f",
                    "c20759de-fe3a-42a3-982c-5c346f9c81ca"
                ],
                [
                    "0dd9f9d0-30ab-4886-8bef-66019ceb7aa0",
                    "12958518-1aef-4ece-8480-26d1b464965d",
                    "f4f23008-f27d-49f5-8b95-0a2951a04e08",
                    "b24a732c-581e-43af-8c66-bf36fc8f304a",
                    "c20759de-fe3a-42a3-982c-5c346f9c81ca"
                ],
                [
                    "0dd9f9d0-30ab-4886-8bef-66019ceb7aa0",
                    "12958518-1aef-4ece-8480-26d1b464965d",
                    "916e1369-330b-4d0b-bf8b-1a964aa48ace",
                    "b24a732c-581e-43af-8c66-bf36fc8f304a",
                    "c20759de-fe3a-42a3-982c-5c346f9c81ca"
                ],
                [
                    "0dd9f9d0-30ab-4886-8bef-66019ceb7aa0",
                    "12958518-1aef-4ece-8480-26d1b464965d",
                    "31b1f745-d234-483a-9fc4-f3da4082d095",
                    "b24a732c-581e-43af-8c66-bf36fc8f304a",
                    "c20759de-fe3a-42a3-982c-5c346f9c81ca"
                ],
                [
                    "0dd9f9d0-30ab-4886-8bef-66019ceb7aa0",
                    "12958518-1aef-4ece-8480-26d1b464965d",
                    "8cfd4b10-2868-48da-9296-613be2e32d97",
                    "d4c62b12-173b-459d-9039-e7110b69e52f",
                    "c20759de-fe3a-42a3-982c-5c346f9c81ca"
                ],
                [
                    "8e871bfd-114c-48ca-832c-de56becbeb87",
                    "12958518-1aef-4ece-8480-26d1b464965d",
                    "aae20fc8-8820-42af-9e10-5e1c9632ba29",
                    "d4c62b12-173b-459d-9039-e7110b69e52f",
                    "c20759de-fe3a-42a3-982c-5c346f9c81ca"
                ],
                [
                    "0dd9f9d0-30ab-4886-8bef-66019ceb7aa0",
                    "12958518-1aef-4ece-8480-26d1b464965d",
                    "576f1c7c-45be-4b95-8096-83c0598670bd",
                    "aaba4724-ab3e-41a6-aabf-59b528332ff8",
                    "c20759de-fe3a-42a3-982c-5c346f9c81ca"
                ],
                [
                    "0dd9f9d0-30ab-4886-8bef-66019ceb7aa0",
                    "12958518-1aef-4ece-8480-26d1b464965d",
                    "d4ff1f4f-36b9-449a-9cc0-c743bffbcee8",
                    "5877ea25-153f-4c1a-bfd6-c55a2f645717",
                    "c20759de-fe3a-42a3-982c-5c346f9c81ca"
                ],
                [
                    "0dd9f9d0-30ab-4886-8bef-66019ceb7aa0",
                    "12958518-1aef-4ece-8480-26d1b464965d",
                    "d73db5bf-b98e-41fe-bf11-0974ba3f95fc",
                    "67e92287-f1c4-42c4-8714-eb92a2caff29",
                    "c20759de-fe3a-42a3-982c-5c346f9c81ca"
                ]
            ]
        },
        {
            "output_tuple": [
                "Algorithms & Theory"
            ],
            "tuple_id": "3cc27a12-30df-5ee7-ab0e-6a8f759c8094",
            "dnf": [
                [
                    "31b2e8ac-d463-4e00-b1a0-b1779aa65fc4",
                    "12958518-1aef-4ece-8480-26d1b464965d",
                    "df9561a1-4877-4b4b-9506-1f9b86d15371",
                    "364643cb-881e-4660-9fd3-986f355eae3f",
                    "dbec20b9-26a0-4ce8-b367-2a72d0d9e370"
                ],
                [
                    "007a3428-8ce5-4683-b08b-629f2eee65cd",
                    "12958518-1aef-4ece-8480-26d1b464965d",
                    "f459589c-678e-4d19-b2a1-8b266a4e9c5f",
                    "0c7a7178-c24a-4c16-a9b6-3bde1c357f38",
                    "dbec20b9-26a0-4ce8-b367-2a72d0d9e370"
                ],
                [
                    "31b2e8ac-d463-4e00-b1a0-b1779aa65fc4",
                    "12958518-1aef-4ece-8480-26d1b464965d",
                    "80baf7a1-4f4d-4b8f-94c1-196df94970d8",
                    "c24d837d-d98a-45c2-a816-70f875c47fc7",
                    "dbec20b9-26a0-4ce8-b367-2a72d0d9e370"
                ],
                [
                    "3d0d361d-76cc-4ebc-ac99-d8811fdc8889",
                    "12958518-1aef-4ece-8480-26d1b464965d",
                    "0f409ec9-6039-4c44-8d8a-433e977e4b3b",
                    "7e7f38c8-8eb4-47a2-8d61-03f587e23024",
                    "dbec20b9-26a0-4ce8-b367-2a72d0d9e370"
                ],
                [
                    "31b2e8ac-d463-4e00-b1a0-b1779aa65fc4",
                    "12958518-1aef-4ece-8480-26d1b464965d",
                    "26e07851-0730-4e12-a24c-a17114275ae1",
                    "eacae0c1-9c84-4377-96cf-21b095ef172a",
                    "dbec20b9-26a0-4ce8-b367-2a72d0d9e370"
                ],
                [
                    "3e0f0346-ac7b-4f3b-80b1-20f442c4f82e",
                    "12958518-1aef-4ece-8480-26d1b464965d",
                    "cefcbeae-1aed-4d46-915c-457508a41ced",
                    "ddabc207-7b45-48ad-b2ba-6ed8a654693b",
                    "dbec20b9-26a0-4ce8-b367-2a72d0d9e370"
                ],
                [
                    "007a3428-8ce5-4683-b08b-629f2eee65cd",
                    "12958518-1aef-4ece-8480-26d1b464965d",
                    "e5a17142-7b6d-4fbb-9567-5aecff4359cd",
                    "51aa9fa3-033c-4efe-9b47-48297a6fb4e7",
                    "dbec20b9-26a0-4ce8-b367-2a72d0d9e370"
                ],
                [
                    "31b2e8ac-d463-4e00-b1a0-b1779aa65fc4",
                    "12958518-1aef-4ece-8480-26d1b464965d",
                    "78e26a18-6a3e-476c-9900-6401bac49a47",
                    "7e7f38c8-8eb4-47a2-8d61-03f587e23024",
                    "dbec20b9-26a0-4ce8-b367-2a72d0d9e370"
                ],
                [
                    "31b2e8ac-d463-4e00-b1a0-b1779aa65fc4",
                    "12958518-1aef-4ece-8480-26d1b464965d",
                    "a4e1e34d-87c1-4f16-b398-b3d0b3f84a53",
                    "f063abd8-b45b-40a6-91f9-9ad28f91f0e9",
                    "dbec20b9-26a0-4ce8-b367-2a72d0d9e370"
                ],
                [
                    "31b2e8ac-d463-4e00-b1a0-b1779aa65fc4",
                    "12958518-1aef-4ece-8480-26d1b464965d",
                    "209fbcf6-199a-4c40-9c06-e4d8b4bf8e0c",
                    "51aa9fa3-033c-4efe-9b47-48297a6fb4e7",
                    "dbec20b9-26a0-4ce8-b367-2a72d0d9e370"
                ],
                [
                    "4c81ad47-7843-4753-8e1b-2b3b128fae01",
                    "12958518-1aef-4ece-8480-26d1b464965d",
                    "6be28c96-ec53-430f-9d2c-779a8a7e1e94",
                    "ee7495dd-64f8-4a70-ad60-87c8bec97744",
                    "dbec20b9-26a0-4ce8-b367-2a72d0d9e370"
                ],
                [
                    "3d0d361d-76cc-4ebc-ac99-d8811fdc8889",
                    "12958518-1aef-4ece-8480-26d1b464965d",
                    "5423d685-cb83-484e-94cd-07932c64aa52",
                    "ddabc207-7b45-48ad-b2ba-6ed8a654693b",
                    "dbec20b9-26a0-4ce8-b367-2a72d0d9e370"
                ],
                [
                    "31b2e8ac-d463-4e00-b1a0-b1779aa65fc4",
                    "12958518-1aef-4ece-8480-26d1b464965d",
                    "a9ad6c8a-b486-475a-9c09-2c6fed7afb46",
                    "3dd4d8a8-66b5-493f-9261-399ad7e9e659",
                    "dbec20b9-26a0-4ce8-b367-2a72d0d9e370"
                ]
            ]
        },
        {
            "output_tuple": [
                "Programming Languages"
            ],
            "tuple_id": "57baef97-1508-5e19-ac41-e9588680bf28",
            "dnf": [
                [
                    "68888770-8a9e-455a-841e-2fa980828a66",
                    "12958518-1aef-4ece-8480-26d1b464965d",
                    "960bb34a-3295-4b78-a6aa-58f43deb5f4d",
                    "fa9bd064-2514-47d3-a436-13722c509633",
                    "363e1678-3015-40e6-a2bf-2498da9d23f9"
                ],
                [
                    "68888770-8a9e-455a-841e-2fa980828a66",
                    "12958518-1aef-4ece-8480-26d1b464965d",
                    "168648b4-f32e-40cf-abd8-fc881e4bc132",
                    "38be944c-f673-4eed-af6c-b4d2ff3f2a86",
                    "363e1678-3015-40e6-a2bf-2498da9d23f9"
                ],
                [
                    "68888770-8a9e-455a-841e-2fa980828a66",
                    "12958518-1aef-4ece-8480-26d1b464965d",
                    "a305ff96-f796-446b-9278-77f6750e7dfb",
                    "4b7356e2-9278-4872-82aa-97749d91a271",
                    "363e1678-3015-40e6-a2bf-2498da9d23f9"
                ],
                [
                    "68888770-8a9e-455a-841e-2fa980828a66",
                    "12958518-1aef-4ece-8480-26d1b464965d",
                    "d0523f29-cce7-4a71-8281-3172a2a20250",
                    "08bb5eb8-40ec-488c-81ab-04a45094a268",
                    "363e1678-3015-40e6-a2bf-2498da9d23f9"
                ],
                [
                    "68888770-8a9e-455a-841e-2fa980828a66",
                    "12958518-1aef-4ece-8480-26d1b464965d",
                    "7d598bec-11af-44cb-ba5b-54964e9fc543",
                    "8242762b-5638-4c5f-adba-e7563956f457",
                    "363e1678-3015-40e6-a2bf-2498da9d23f9"
                ],
                [
                    "68888770-8a9e-455a-841e-2fa980828a66",
                    "12958518-1aef-4ece-8480-26d1b464965d",
                    "339e6a1d-9d53-4934-9eea-69c104cd8c15",
                    "d29e500e-065e-424b-bd34-b0b0fffdd136",
                    "363e1678-3015-40e6-a2bf-2498da9d23f9"
                ],
                [
                    "68888770-8a9e-455a-841e-2fa980828a66",
                    "12958518-1aef-4ece-8480-26d1b464965d",
                    "856f1d17-1e7c-4bf9-9362-a7920161e4d2",
                    "775f25f3-a3c4-47f8-94c2-6aee7e0a82de",
                    "363e1678-3015-40e6-a2bf-2498da9d23f9"
                ],
                [
                    "68888770-8a9e-455a-841e-2fa980828a66",
                    "12958518-1aef-4ece-8480-26d1b464965d",
                    "0be24d20-38a2-464b-9055-f402571dd661",
                    "38be944c-f673-4eed-af6c-b4d2ff3f2a86",
                    "363e1678-3015-40e6-a2bf-2498da9d23f9"
                ],
                [
                    "68888770-8a9e-455a-841e-2fa980828a66",
                    "12958518-1aef-4ece-8480-26d1b464965d",
                    "f6e6d884-38bb-49a8-9805-005ce86808ab",
                    "1d9df0ba-138b-41d8-9dd3-243b12b8ad78",
                    "363e1678-3015-40e6-a2bf-2498da9d23f9"
                ]
            ]
        },
        {
            "output_tuple": [
                "Machine Learning & Pattern Recognition"
            ],
            "tuple_id": "6511afd3-72dd-550e-853a-423db1b201ef",
            "dnf": [
                [
                    "d9b584c2-e63d-49cb-817c-ccfb21cda8fa",
                    "12958518-1aef-4ece-8480-26d1b464965d",
                    "81a1be9d-f9ce-4b24-8649-9e57c70b2c4f",
                    "c5a36b49-3d6f-4b02-ae08-67378f34fe7f",
                    "aec8431b-4093-4c68-94c9-2be84be41242"
                ],
                [
                    "3d0d361d-76cc-4ebc-ac99-d8811fdc8889",
                    "12958518-1aef-4ece-8480-26d1b464965d",
                    "5423d685-cb83-484e-94cd-07932c64aa52",
                    "ddabc207-7b45-48ad-b2ba-6ed8a654693b",
                    "aec8431b-4093-4c68-94c9-2be84be41242"
                ],
                [
                    "3e0f0346-ac7b-4f3b-80b1-20f442c4f82e",
                    "12958518-1aef-4ece-8480-26d1b464965d",
                    "1ada0fdd-955f-489e-9cac-e97f54c47368",
                    "9d996916-a16b-4abe-b74a-0d5f41d9b78b",
                    "aec8431b-4093-4c68-94c9-2be84be41242"
                ],
                [
                    "d9b584c2-e63d-49cb-817c-ccfb21cda8fa",
                    "12958518-1aef-4ece-8480-26d1b464965d",
                    "194bc4e2-7972-4119-bc72-7e1091c40fb3",
                    "9d996916-a16b-4abe-b74a-0d5f41d9b78b",
                    "aec8431b-4093-4c68-94c9-2be84be41242"
                ],
                [
                    "d9b584c2-e63d-49cb-817c-ccfb21cda8fa",
                    "12958518-1aef-4ece-8480-26d1b464965d",
                    "ead68a36-adc2-4fc7-a87a-5db912b27ccd",
                    "9d996916-a16b-4abe-b74a-0d5f41d9b78b",
                    "aec8431b-4093-4c68-94c9-2be84be41242"
                ],
                [
                    "d9b584c2-e63d-49cb-817c-ccfb21cda8fa",
                    "12958518-1aef-4ece-8480-26d1b464965d",
                    "f261ddd3-492e-4eda-95b1-55c65eb0c388",
                    "c5a36b49-3d6f-4b02-ae08-67378f34fe7f",
                    "aec8431b-4093-4c68-94c9-2be84be41242"
                ],
                [
                    "9edee0c9-0f96-4243-b8a8-12b05fed09cc",
                    "12958518-1aef-4ece-8480-26d1b464965d",
                    "63103852-bf06-49c3-b8ea-097911a1c967",
                    "c5a36b49-3d6f-4b02-ae08-67378f34fe7f",
                    "aec8431b-4093-4c68-94c9-2be84be41242"
                ],
                [
                    "3d0d361d-76cc-4ebc-ac99-d8811fdc8889",
                    "12958518-1aef-4ece-8480-26d1b464965d",
                    "fb2fa1ad-9431-4e49-8d06-70fb29bf525e",
                    "9d996916-a16b-4abe-b74a-0d5f41d9b78b",
                    "aec8431b-4093-4c68-94c9-2be84be41242"
                ],
                [
                    "7a1d7432-3bc8-4ed7-bdc2-96d9ef6a2eb0",
                    "12958518-1aef-4ece-8480-26d1b464965d",
                    "2782c733-7d99-4fb2-be46-5c82cc245bb3",
                    "ecf7bb10-8f76-4baa-81b8-fed6fb36668e",
                    "aec8431b-4093-4c68-94c9-2be84be41242"
                ],
                [
                    "3e0f0346-ac7b-4f3b-80b1-20f442c4f82e",
                    "12958518-1aef-4ece-8480-26d1b464965d",
                    "5739220c-ea6d-46e0-8fdd-3f27ce1e4554",
                    "9d996916-a16b-4abe-b74a-0d5f41d9b78b",
                    "aec8431b-4093-4c68-94c9-2be84be41242"
                ],
                [
                    "3e0f0346-ac7b-4f3b-80b1-20f442c4f82e",
                    "12958518-1aef-4ece-8480-26d1b464965d",
                    "d711c7d9-73ae-42c2-aea3-85cbefca4f77",
                    "9d996916-a16b-4abe-b74a-0d5f41d9b78b",
                    "aec8431b-4093-4c68-94c9-2be84be41242"
                ],
                [
                    "7a1d7432-3bc8-4ed7-bdc2-96d9ef6a2eb0",
                    "12958518-1aef-4ece-8480-26d1b464965d",
                    "16463cf3-3fac-480f-ba42-ac724999a46f",
                    "cbf61b70-4d9a-49dc-ba8d-e5bb7fdc356d",
                    "aec8431b-4093-4c68-94c9-2be84be41242"
                ],
                [
                    "7a1d7432-3bc8-4ed7-bdc2-96d9ef6a2eb0",
                    "12958518-1aef-4ece-8480-26d1b464965d",
                    "bc4fc385-ca7a-4375-9b15-04a302ead8c8",
                    "ecf7bb10-8f76-4baa-81b8-fed6fb36668e",
                    "aec8431b-4093-4c68-94c9-2be84be41242"
                ],
                [
                    "8e871bfd-114c-48ca-832c-de56becbeb87",
                    "12958518-1aef-4ece-8480-26d1b464965d",
                    "b9528a5d-6f67-43b2-b0e2-b15d191e7130",
                    "9d996916-a16b-4abe-b74a-0d5f41d9b78b",
                    "aec8431b-4093-4c68-94c9-2be84be41242"
                ],
                [
                    "3e0f0346-ac7b-4f3b-80b1-20f442c4f82e",
                    "12958518-1aef-4ece-8480-26d1b464965d",
                    "1585b78e-4dbd-46dd-aad9-29bcb49aa7ca",
                    "9d996916-a16b-4abe-b74a-0d5f41d9b78b",
                    "aec8431b-4093-4c68-94c9-2be84be41242"
                ],
                [
                    "d9b584c2-e63d-49cb-817c-ccfb21cda8fa",
                    "12958518-1aef-4ece-8480-26d1b464965d",
                    "48e17b84-b780-4837-831e-984b8828fe0d",
                    "c5a36b49-3d6f-4b02-ae08-67378f34fe7f",
                    "aec8431b-4093-4c68-94c9-2be84be41242"
                ],
                [
                    "d9b584c2-e63d-49cb-817c-ccfb21cda8fa",
                    "12958518-1aef-4ece-8480-26d1b464965d",
                    "635bbbac-c744-479f-8c97-7e2b947865d2",
                    "9d996916-a16b-4abe-b74a-0d5f41d9b78b",
                    "aec8431b-4093-4c68-94c9-2be84be41242"
                ],
                [
                    "3e0f0346-ac7b-4f3b-80b1-20f442c4f82e",
                    "12958518-1aef-4ece-8480-26d1b464965d",
                    "9cee0528-b0fe-46b9-8236-023da94b6059",
                    "c5a36b49-3d6f-4b02-ae08-67378f34fe7f",
                    "aec8431b-4093-4c68-94c9-2be84be41242"
                ],
                [
                    "3d0d361d-76cc-4ebc-ac99-d8811fdc8889",
                    "12958518-1aef-4ece-8480-26d1b464965d",
                    "94ce3744-1911-4ba3-af1c-f73f434ddbb6",
                    "9d996916-a16b-4abe-b74a-0d5f41d9b78b",
                    "aec8431b-4093-4c68-94c9-2be84be41242"
                ],
                [
                    "3e0f0346-ac7b-4f3b-80b1-20f442c4f82e",
                    "12958518-1aef-4ece-8480-26d1b464965d",
                    "64c790d3-c981-4657-bec7-b2973c683e03",
                    "9d996916-a16b-4abe-b74a-0d5f41d9b78b",
                    "aec8431b-4093-4c68-94c9-2be84be41242"
                ],
                [
                    "8e871bfd-114c-48ca-832c-de56becbeb87",
                    "12958518-1aef-4ece-8480-26d1b464965d",
                    "2ceaf0d9-f5da-448a-a6d6-5bac727768a2",
                    "c5a36b49-3d6f-4b02-ae08-67378f34fe7f",
                    "aec8431b-4093-4c68-94c9-2be84be41242"
                ],
                [
                    "7a1d7432-3bc8-4ed7-bdc2-96d9ef6a2eb0",
                    "12958518-1aef-4ece-8480-26d1b464965d",
                    "bbfc979f-1cef-43c5-b6c5-ec0b52cec3aa",
                    "ecf7bb10-8f76-4baa-81b8-fed6fb36668e",
                    "aec8431b-4093-4c68-94c9-2be84be41242"
                ],
                [
                    "59e85c70-f2de-4d3f-bd11-2c4b8ade4e1a",
                    "12958518-1aef-4ece-8480-26d1b464965d",
                    "d711c7d9-73ae-42c2-aea3-85cbefca4f77",
                    "9d996916-a16b-4abe-b74a-0d5f41d9b78b",
                    "aec8431b-4093-4c68-94c9-2be84be41242"
                ],
                [
                    "3e0f0346-ac7b-4f3b-80b1-20f442c4f82e",
                    "12958518-1aef-4ece-8480-26d1b464965d",
                    "aaf7b72d-5df9-41dd-a771-14b1f9222dbc",
                    "c5a36b49-3d6f-4b02-ae08-67378f34fe7f",
                    "aec8431b-4093-4c68-94c9-2be84be41242"
                ],
                [
                    "3e0f0346-ac7b-4f3b-80b1-20f442c4f82e",
                    "12958518-1aef-4ece-8480-26d1b464965d",
                    "cefcbeae-1aed-4d46-915c-457508a41ced",
                    "ddabc207-7b45-48ad-b2ba-6ed8a654693b",
                    "aec8431b-4093-4c68-94c9-2be84be41242"
                ],
                [
                    "8e871bfd-114c-48ca-832c-de56becbeb87",
                    "12958518-1aef-4ece-8480-26d1b464965d",
                    "859bc089-2c2e-4782-8848-1425cd5ca5d1",
                    "9d996916-a16b-4abe-b74a-0d5f41d9b78b",
                    "aec8431b-4093-4c68-94c9-2be84be41242"
                ]
            ]
        },
        {
            "output_tuple": [
                "Human-Computer Interaction"
            ],
            "tuple_id": "65d45529-e85c-55e0-8d18-ab41b4ad6c10",
            "dnf": [
                [
                    "2512e391-1b94-4a79-ad12-e6e1a3ade821",
                    "12958518-1aef-4ece-8480-26d1b464965d",
                    "15140800-4e74-4ec4-8967-890ab1b24004",
                    "df442aa3-1898-4831-91b8-d111f0890ad1",
                    "75c0b7a0-8b44-45be-aff8-ed74eff597f3"
                ],
                [
                    "2512e391-1b94-4a79-ad12-e6e1a3ade821",
                    "12958518-1aef-4ece-8480-26d1b464965d",
                    "715ddffd-feef-44ba-87c9-39c449bdfedc",
                    "df442aa3-1898-4831-91b8-d111f0890ad1",
                    "75c0b7a0-8b44-45be-aff8-ed74eff597f3"
                ],
                [
                    "2512e391-1b94-4a79-ad12-e6e1a3ade821",
                    "12958518-1aef-4ece-8480-26d1b464965d",
                    "fa3578fe-279a-412f-b82a-1b64722f4f58",
                    "df442aa3-1898-4831-91b8-d111f0890ad1",
                    "75c0b7a0-8b44-45be-aff8-ed74eff597f3"
                ],
                [
                    "2512e391-1b94-4a79-ad12-e6e1a3ade821",
                    "12958518-1aef-4ece-8480-26d1b464965d",
                    "73c5d001-2a00-44c6-b33a-5386854d7d82",
                    "e6517552-13ec-4c94-a3f3-51e9d153bd24",
                    "75c0b7a0-8b44-45be-aff8-ed74eff597f3"
                ],
                [
                    "2512e391-1b94-4a79-ad12-e6e1a3ade821",
                    "12958518-1aef-4ece-8480-26d1b464965d",
                    "010a38dc-ce6b-4efa-9292-69ef6e7e584c",
                    "96a5c30a-e103-498f-ae0a-c7d96f4fc712",
                    "75c0b7a0-8b44-45be-aff8-ed74eff597f3"
                ],
                [
                    "2512e391-1b94-4a79-ad12-e6e1a3ade821",
                    "12958518-1aef-4ece-8480-26d1b464965d",
                    "f53eda04-bcde-44b9-818b-8cd32aa2a55f",
                    "df442aa3-1898-4831-91b8-d111f0890ad1",
                    "75c0b7a0-8b44-45be-aff8-ed74eff597f3"
                ],
                [
                    "2512e391-1b94-4a79-ad12-e6e1a3ade821",
                    "12958518-1aef-4ece-8480-26d1b464965d",
                    "75b333bc-6a2a-434b-8aa4-e6e3f55b5946",
                    "96a5c30a-e103-498f-ae0a-c7d96f4fc712",
                    "75c0b7a0-8b44-45be-aff8-ed74eff597f3"
                ],
                [
                    "2512e391-1b94-4a79-ad12-e6e1a3ade821",
                    "12958518-1aef-4ece-8480-26d1b464965d",
                    "ca8535fa-0f5a-4586-ab4e-fa22c75c4bc5",
                    "e6517552-13ec-4c94-a3f3-51e9d153bd24",
                    "75c0b7a0-8b44-45be-aff8-ed74eff597f3"
                ],
                [
                    "8725bfe5-c9aa-4b7d-b8a0-e0074ed69d74",
                    "12958518-1aef-4ece-8480-26d1b464965d",
                    "90333fc1-f056-4544-8fed-cf6e9d3dc1c0",
                    "417ae100-d077-4992-8ec2-917e60c9a2fd",
                    "75c0b7a0-8b44-45be-aff8-ed74eff597f3"
                ],
                [
                    "2512e391-1b94-4a79-ad12-e6e1a3ade821",
                    "12958518-1aef-4ece-8480-26d1b464965d",
                    "8eb2cc6d-1338-4e97-8931-0cfe740578a0",
                    "f7645df2-9784-428f-8145-63eaae3b4169",
                    "75c0b7a0-8b44-45be-aff8-ed74eff597f3"
                ],
                [
                    "d961832d-fe11-4e0c-bf44-f2a16a2204a9",
                    "12958518-1aef-4ece-8480-26d1b464965d",
                    "e00c5554-84c4-41a9-b635-bdab8ab720c5",
                    "81be123e-ff61-47f3-919e-4c89d2bcad22",
                    "75c0b7a0-8b44-45be-aff8-ed74eff597f3"
                ],
                [
                    "2512e391-1b94-4a79-ad12-e6e1a3ade821",
                    "12958518-1aef-4ece-8480-26d1b464965d",
                    "0f538758-5d6c-4da8-90e9-9d3e0551ba8d",
                    "96a5c30a-e103-498f-ae0a-c7d96f4fc712",
                    "75c0b7a0-8b44-45be-aff8-ed74eff597f3"
                ],
                [
                    "2512e391-1b94-4a79-ad12-e6e1a3ade821",
                    "12958518-1aef-4ece-8480-26d1b464965d",
                    "2f9f3462-2bea-4096-a579-904ea9c453c1",
                    "9951dc0a-f0b5-4283-9e1a-f60fcdaa788e",
                    "75c0b7a0-8b44-45be-aff8-ed74eff597f3"
                ],
                [
                    "2512e391-1b94-4a79-ad12-e6e1a3ade821",
                    "12958518-1aef-4ece-8480-26d1b464965d",
                    "d9df8485-15e4-49bc-9409-feef803db67c",
                    "9951dc0a-f0b5-4283-9e1a-f60fcdaa788e",
                    "75c0b7a0-8b44-45be-aff8-ed74eff597f3"
                ],
                [
                    "d961832d-fe11-4e0c-bf44-f2a16a2204a9",
                    "12958518-1aef-4ece-8480-26d1b464965d",
                    "85e5de2f-eef6-4ad6-90bf-101b5b64a5c6",
                    "81be123e-ff61-47f3-919e-4c89d2bcad22",
                    "75c0b7a0-8b44-45be-aff8-ed74eff597f3"
                ],
                [
                    "2512e391-1b94-4a79-ad12-e6e1a3ade821",
                    "12958518-1aef-4ece-8480-26d1b464965d",
                    "900afffe-a606-47f8-99dc-f3bdb9c8a443",
                    "df442aa3-1898-4831-91b8-d111f0890ad1",
                    "75c0b7a0-8b44-45be-aff8-ed74eff597f3"
                ],
                [
                    "2cd2ee1d-cc4e-44b9-987c-18c19744e28e",
                    "12958518-1aef-4ece-8480-26d1b464965d",
                    "d99b7ef5-c70b-4137-a47d-0910b186f15f",
                    "cce07084-bb97-4fa8-8f09-ac6a8bc56e5b",
                    "75c0b7a0-8b44-45be-aff8-ed74eff597f3"
                ],
                [
                    "2512e391-1b94-4a79-ad12-e6e1a3ade821",
                    "12958518-1aef-4ece-8480-26d1b464965d",
                    "f250fc99-9be6-4e06-a014-f17e1ab3df1b",
                    "587a5869-393b-4e15-80e2-d758e7eda0d6",
                    "75c0b7a0-8b44-45be-aff8-ed74eff597f3"
                ],
                [
                    "2512e391-1b94-4a79-ad12-e6e1a3ade821",
                    "12958518-1aef-4ece-8480-26d1b464965d",
                    "c3b235d9-805b-4148-a232-0de4cb7d1971",
                    "df442aa3-1898-4831-91b8-d111f0890ad1",
                    "75c0b7a0-8b44-45be-aff8-ed74eff597f3"
                ],
                [
                    "2512e391-1b94-4a79-ad12-e6e1a3ade821",
                    "12958518-1aef-4ece-8480-26d1b464965d",
                    "d699459e-c139-4474-afb6-fa7a64f72487",
                    "96a5c30a-e103-498f-ae0a-c7d96f4fc712",
                    "75c0b7a0-8b44-45be-aff8-ed74eff597f3"
                ],
                [
                    "d9b584c2-e63d-49cb-817c-ccfb21cda8fa",
                    "12958518-1aef-4ece-8480-26d1b464965d",
                    "c97942ca-56eb-46ac-861d-e0b3244f9a84",
                    "aca6859c-4639-4736-a8b9-b2bf3dd2474e",
                    "75c0b7a0-8b44-45be-aff8-ed74eff597f3"
                ]
            ]
        },
        {
            "output_tuple": [
                "Bioinformatics & Computational Biology"
            ],
            "tuple_id": "65d76dda-7129-505a-b075-bfee629486c5",
            "dnf": [
                [
                    "a17c20e1-7779-499e-ad32-80bb0aa7a4e5",
                    "12958518-1aef-4ece-8480-26d1b464965d",
                    "318b7787-bab6-47b2-a518-ca5dc426d1f9",
                    "5710f9e6-3907-4f29-befe-8c4f2352b18e",
                    "96cc6f50-1430-4fe9-a0f7-ee7d31e129d8"
                ],
                [
                    "a17c20e1-7779-499e-ad32-80bb0aa7a4e5",
                    "12958518-1aef-4ece-8480-26d1b464965d",
                    "d7c14865-7758-4112-8ee0-9443bab6d6b2",
                    "2ef00a74-5d6d-4177-904b-4456b43457d6",
                    "96cc6f50-1430-4fe9-a0f7-ee7d31e129d8"
                ],
                [
                    "a17c20e1-7779-499e-ad32-80bb0aa7a4e5",
                    "12958518-1aef-4ece-8480-26d1b464965d",
                    "8ad97b54-73e5-4d7e-adf4-5962298206e5",
                    "2ef00a74-5d6d-4177-904b-4456b43457d6",
                    "96cc6f50-1430-4fe9-a0f7-ee7d31e129d8"
                ],
                [
                    "a17c20e1-7779-499e-ad32-80bb0aa7a4e5",
                    "12958518-1aef-4ece-8480-26d1b464965d",
                    "f69c328d-43f4-4199-9f15-a06edd479136",
                    "2ef00a74-5d6d-4177-904b-4456b43457d6",
                    "96cc6f50-1430-4fe9-a0f7-ee7d31e129d8"
                ],
                [
                    "a17c20e1-7779-499e-ad32-80bb0aa7a4e5",
                    "12958518-1aef-4ece-8480-26d1b464965d",
                    "797142fb-c7db-4005-9352-9583795db797",
                    "2ef00a74-5d6d-4177-904b-4456b43457d6",
                    "96cc6f50-1430-4fe9-a0f7-ee7d31e129d8"
                ]
            ]
        },
        {
            "output_tuple": [
                "Natural Language & Speech"
            ],
            "tuple_id": "66b46162-1b16-58a6-9ee1-5662602920c4",
            "dnf": [
                [
                    "d9b584c2-e63d-49cb-817c-ccfb21cda8fa",
                    "12958518-1aef-4ece-8480-26d1b464965d",
                    "194bc4e2-7972-4119-bc72-7e1091c40fb3",
                    "9d996916-a16b-4abe-b74a-0d5f41d9b78b",
                    "8bff2b3b-a3e6-496d-ba89-ddcad19a122e"
                ],
                [
                    "3e0f0346-ac7b-4f3b-80b1-20f442c4f82e",
                    "12958518-1aef-4ece-8480-26d1b464965d",
                    "5739220c-ea6d-46e0-8fdd-3f27ce1e4554",
                    "9d996916-a16b-4abe-b74a-0d5f41d9b78b",
                    "8bff2b3b-a3e6-496d-ba89-ddcad19a122e"
                ],
                [
                    "d9b584c2-e63d-49cb-817c-ccfb21cda8fa",
                    "12958518-1aef-4ece-8480-26d1b464965d",
                    "ead68a36-adc2-4fc7-a87a-5db912b27ccd",
                    "9d996916-a16b-4abe-b74a-0d5f41d9b78b",
                    "8bff2b3b-a3e6-496d-ba89-ddcad19a122e"
                ],
                [
                    "d9b584c2-e63d-49cb-817c-ccfb21cda8fa",
                    "12958518-1aef-4ece-8480-26d1b464965d",
                    "635bbbac-c744-479f-8c97-7e2b947865d2",
                    "9d996916-a16b-4abe-b74a-0d5f41d9b78b",
                    "8bff2b3b-a3e6-496d-ba89-ddcad19a122e"
                ],
                [
                    "3e0f0346-ac7b-4f3b-80b1-20f442c4f82e",
                    "12958518-1aef-4ece-8480-26d1b464965d",
                    "d711c7d9-73ae-42c2-aea3-85cbefca4f77",
                    "9d996916-a16b-4abe-b74a-0d5f41d9b78b",
                    "8bff2b3b-a3e6-496d-ba89-ddcad19a122e"
                ],
                [
                    "3d0d361d-76cc-4ebc-ac99-d8811fdc8889",
                    "12958518-1aef-4ece-8480-26d1b464965d",
                    "94ce3744-1911-4ba3-af1c-f73f434ddbb6",
                    "9d996916-a16b-4abe-b74a-0d5f41d9b78b",
                    "8bff2b3b-a3e6-496d-ba89-ddcad19a122e"
                ],
                [
                    "3e0f0346-ac7b-4f3b-80b1-20f442c4f82e",
                    "12958518-1aef-4ece-8480-26d1b464965d",
                    "1585b78e-4dbd-46dd-aad9-29bcb49aa7ca",
                    "9d996916-a16b-4abe-b74a-0d5f41d9b78b",
                    "8bff2b3b-a3e6-496d-ba89-ddcad19a122e"
                ],
                [
                    "59e85c70-f2de-4d3f-bd11-2c4b8ade4e1a",
                    "12958518-1aef-4ece-8480-26d1b464965d",
                    "d711c7d9-73ae-42c2-aea3-85cbefca4f77",
                    "9d996916-a16b-4abe-b74a-0d5f41d9b78b",
                    "8bff2b3b-a3e6-496d-ba89-ddcad19a122e"
                ],
                [
                    "3e0f0346-ac7b-4f3b-80b1-20f442c4f82e",
                    "12958518-1aef-4ece-8480-26d1b464965d",
                    "64c790d3-c981-4657-bec7-b2973c683e03",
                    "9d996916-a16b-4abe-b74a-0d5f41d9b78b",
                    "8bff2b3b-a3e6-496d-ba89-ddcad19a122e"
                ],
                [
                    "3d0d361d-76cc-4ebc-ac99-d8811fdc8889",
                    "12958518-1aef-4ece-8480-26d1b464965d",
                    "fb2fa1ad-9431-4e49-8d06-70fb29bf525e",
                    "9d996916-a16b-4abe-b74a-0d5f41d9b78b",
                    "8bff2b3b-a3e6-496d-ba89-ddcad19a122e"
                ],
                [
                    "8e871bfd-114c-48ca-832c-de56becbeb87",
                    "12958518-1aef-4ece-8480-26d1b464965d",
                    "859bc089-2c2e-4782-8848-1425cd5ca5d1",
                    "9d996916-a16b-4abe-b74a-0d5f41d9b78b",
                    "8bff2b3b-a3e6-496d-ba89-ddcad19a122e"
                ],
                [
                    "8e871bfd-114c-48ca-832c-de56becbeb87",
                    "12958518-1aef-4ece-8480-26d1b464965d",
                    "b9528a5d-6f67-43b2-b0e2-b15d191e7130",
                    "9d996916-a16b-4abe-b74a-0d5f41d9b78b",
                    "8bff2b3b-a3e6-496d-ba89-ddcad19a122e"
                ],
                [
                    "3e0f0346-ac7b-4f3b-80b1-20f442c4f82e",
                    "12958518-1aef-4ece-8480-26d1b464965d",
                    "1ada0fdd-955f-489e-9cac-e97f54c47368",
                    "9d996916-a16b-4abe-b74a-0d5f41d9b78b",
                    "8bff2b3b-a3e6-496d-ba89-ddcad19a122e"
                ],
                [
                    "59e85c70-f2de-4d3f-bd11-2c4b8ade4e1a",
                    "12958518-1aef-4ece-8480-26d1b464965d",
                    "cd4f6c56-6505-49bd-b087-deb5ebdf3386",
                    "45e07561-0073-4aa5-b31b-af986a17dc57",
                    "8bff2b3b-a3e6-496d-ba89-ddcad19a122e"
                ]
            ]
        },
        {
            "output_tuple": [
                "Data Mining"
            ],
            "tuple_id": "7651ccf9-7d12-56b2-b0fc-5a3af68783ac",
            "dnf": [
                [
                    "9edee0c9-0f96-4243-b8a8-12b05fed09cc",
                    "12958518-1aef-4ece-8480-26d1b464965d",
                    "2d91d5ac-06be-47c2-9037-f05788ea7f81",
                    "d5ac4b97-0042-4bf4-a55a-70466d70f60b",
                    "57c5fd8e-36ea-4266-a2cf-2c74b285565b"
                ],
                [
                    "8e871bfd-114c-48ca-832c-de56becbeb87",
                    "12958518-1aef-4ece-8480-26d1b464965d",
                    "0bd4f859-fc9a-4749-b7ba-7bd457c0d8ba",
                    "bc8ecbc5-3303-4aca-a406-8563165f1883",
                    "57c5fd8e-36ea-4266-a2cf-2c74b285565b"
                ],
                [
                    "9edee0c9-0f96-4243-b8a8-12b05fed09cc",
                    "12958518-1aef-4ece-8480-26d1b464965d",
                    "d2263b71-27a4-4768-8bb7-a110159439e6",
                    "d5ac4b97-0042-4bf4-a55a-70466d70f60b",
                    "57c5fd8e-36ea-4266-a2cf-2c74b285565b"
                ],
                [
                    "9edee0c9-0f96-4243-b8a8-12b05fed09cc",
                    "12958518-1aef-4ece-8480-26d1b464965d",
                    "3d54132f-7f63-4d01-a183-d1a194b181b2",
                    "d5ac4b97-0042-4bf4-a55a-70466d70f60b",
                    "57c5fd8e-36ea-4266-a2cf-2c74b285565b"
                ],
                [
                    "9edee0c9-0f96-4243-b8a8-12b05fed09cc",
                    "12958518-1aef-4ece-8480-26d1b464965d",
                    "8f809a03-43c4-41e7-910f-361da2f0245d",
                    "d5ac4b97-0042-4bf4-a55a-70466d70f60b",
                    "57c5fd8e-36ea-4266-a2cf-2c74b285565b"
                ],
                [
                    "9edee0c9-0f96-4243-b8a8-12b05fed09cc",
                    "12958518-1aef-4ece-8480-26d1b464965d",
                    "142cf4d7-0798-40a4-8395-9a3bb5d8c348",
                    "d5ac4b97-0042-4bf4-a55a-70466d70f60b",
                    "57c5fd8e-36ea-4266-a2cf-2c74b285565b"
                ]
            ]
        },
        {
            "output_tuple": [
                "Software Engineering"
            ],
            "tuple_id": "90db2d9e-c5d5-5381-b580-d06891cd0dd7",
            "dnf": [
                [
                    "68888770-8a9e-455a-841e-2fa980828a66",
                    "12958518-1aef-4ece-8480-26d1b464965d",
                    "334b2b0d-7ceb-4fb4-8145-b1af05106dd9",
                    "06c245a8-7bba-451c-aac7-cdaebbfa92e7",
                    "f1558067-fe50-4992-aeae-c4dda6ab5951"
                ],
                [
                    "bcaf3060-e351-43d6-ac82-f577965f1861",
                    "12958518-1aef-4ece-8480-26d1b464965d",
                    "6fd0bf96-5a26-4b41-a627-857909fe6695",
                    "5476e065-f76a-4d03-9407-d58120f94305",
                    "f1558067-fe50-4992-aeae-c4dda6ab5951"
                ],
                [
                    "68888770-8a9e-455a-841e-2fa980828a66",
                    "12958518-1aef-4ece-8480-26d1b464965d",
                    "1668c28a-ff54-421e-8c8c-96ba25e245d3",
                    "265b8733-d17a-4b6a-88f6-867c422da949",
                    "f1558067-fe50-4992-aeae-c4dda6ab5951"
                ],
                [
                    "68888770-8a9e-455a-841e-2fa980828a66",
                    "12958518-1aef-4ece-8480-26d1b464965d",
                    "d0523f29-cce7-4a71-8281-3172a2a20250",
                    "08bb5eb8-40ec-488c-81ab-04a45094a268",
                    "f1558067-fe50-4992-aeae-c4dda6ab5951"
                ],
                [
                    "68888770-8a9e-455a-841e-2fa980828a66",
                    "12958518-1aef-4ece-8480-26d1b464965d",
                    "fa4822d5-2a7e-43f0-9fc0-6f9e4b3af3ee",
                    "06c245a8-7bba-451c-aac7-cdaebbfa92e7",
                    "f1558067-fe50-4992-aeae-c4dda6ab5951"
                ],
                [
                    "68888770-8a9e-455a-841e-2fa980828a66",
                    "12958518-1aef-4ece-8480-26d1b464965d",
                    "b95da21d-8e71-4eb3-9d1f-14097a1ed02e",
                    "06c245a8-7bba-451c-aac7-cdaebbfa92e7",
                    "f1558067-fe50-4992-aeae-c4dda6ab5951"
                ],
                [
                    "bcaf3060-e351-43d6-ac82-f577965f1861",
                    "12958518-1aef-4ece-8480-26d1b464965d",
                    "6a56dba9-e942-4aa8-88d0-990d22460920",
                    "0d596639-1f5f-4a1b-a548-e879b0189494",
                    "f1558067-fe50-4992-aeae-c4dda6ab5951"
                ]
            ]
        },
        {
            "output_tuple": [
                "Computer Vision"
            ],
            "tuple_id": "93f27917-6c2b-5c12-8870-929e7982dd0d",
            "dnf": [
                [
                    "8725bfe5-c9aa-4b7d-b8a0-e0074ed69d74",
                    "12958518-1aef-4ece-8480-26d1b464965d",
                    "cd58564b-2468-4a45-94ab-16a8ac287518",
                    "c79232f3-54b3-46dc-917d-04c30989aa07",
                    "6b81b1f4-2d18-4c9a-8365-5c6a95dfff05"
                ],
                [
                    "8725bfe5-c9aa-4b7d-b8a0-e0074ed69d74",
                    "12958518-1aef-4ece-8480-26d1b464965d",
                    "f231c858-4c4d-4851-aaca-516dbbc81f86",
                    "908f9e97-6bca-4871-bba7-3b6d98d2fea7",
                    "6b81b1f4-2d18-4c9a-8365-5c6a95dfff05"
                ],
                [
                    "d9b584c2-e63d-49cb-817c-ccfb21cda8fa",
                    "12958518-1aef-4ece-8480-26d1b464965d",
                    "6ff97c63-e66f-4283-a451-ad952a5dbab2",
                    "ff4609a7-99f5-455d-828f-28fe1474f25a",
                    "6b81b1f4-2d18-4c9a-8365-5c6a95dfff05"
                ],
                [
                    "8725bfe5-c9aa-4b7d-b8a0-e0074ed69d74",
                    "12958518-1aef-4ece-8480-26d1b464965d",
                    "725fcfd9-11ab-4ce5-b8e0-aea82e1287cb",
                    "908f9e97-6bca-4871-bba7-3b6d98d2fea7",
                    "6b81b1f4-2d18-4c9a-8365-5c6a95dfff05"
                ],
                [
                    "8725bfe5-c9aa-4b7d-b8a0-e0074ed69d74",
                    "12958518-1aef-4ece-8480-26d1b464965d",
                    "f5429161-3807-428c-b25e-8161ec64c600",
                    "908f9e97-6bca-4871-bba7-3b6d98d2fea7",
                    "6b81b1f4-2d18-4c9a-8365-5c6a95dfff05"
                ],
                [
                    "8725bfe5-c9aa-4b7d-b8a0-e0074ed69d74",
                    "12958518-1aef-4ece-8480-26d1b464965d",
                    "9cf3c0bb-4a99-4172-94ee-0aa10dc9d8e9",
                    "ff4609a7-99f5-455d-828f-28fe1474f25a",
                    "6b81b1f4-2d18-4c9a-8365-5c6a95dfff05"
                ],
                [
                    "7a1d7432-3bc8-4ed7-bdc2-96d9ef6a2eb0",
                    "12958518-1aef-4ece-8480-26d1b464965d",
                    "873ff912-72d6-4166-8d31-dc8d730d6e47",
                    "908f9e97-6bca-4871-bba7-3b6d98d2fea7",
                    "6b81b1f4-2d18-4c9a-8365-5c6a95dfff05"
                ],
                [
                    "8725bfe5-c9aa-4b7d-b8a0-e0074ed69d74",
                    "12958518-1aef-4ece-8480-26d1b464965d",
                    "599862a7-7eca-43f8-823b-82bdd6e263b4",
                    "c79232f3-54b3-46dc-917d-04c30989aa07",
                    "6b81b1f4-2d18-4c9a-8365-5c6a95dfff05"
                ],
                [
                    "8725bfe5-c9aa-4b7d-b8a0-e0074ed69d74",
                    "12958518-1aef-4ece-8480-26d1b464965d",
                    "ee2c3db7-1db6-4d2a-bf13-638d1a0f30bf",
                    "908f9e97-6bca-4871-bba7-3b6d98d2fea7",
                    "6b81b1f4-2d18-4c9a-8365-5c6a95dfff05"
                ],
                [
                    "2cd2ee1d-cc4e-44b9-987c-18c19744e28e",
                    "12958518-1aef-4ece-8480-26d1b464965d",
                    "09257be1-a6f7-4fbd-bc55-70ad1f3fcb30",
                    "a6aff1ac-602f-4c50-9ded-63946dfe86f7",
                    "6b81b1f4-2d18-4c9a-8365-5c6a95dfff05"
                ],
                [
                    "8725bfe5-c9aa-4b7d-b8a0-e0074ed69d74",
                    "12958518-1aef-4ece-8480-26d1b464965d",
                    "de53519c-1492-4359-8c9c-a8462036d931",
                    "a6aff1ac-602f-4c50-9ded-63946dfe86f7",
                    "6b81b1f4-2d18-4c9a-8365-5c6a95dfff05"
                ],
                [
                    "7a1d7432-3bc8-4ed7-bdc2-96d9ef6a2eb0",
                    "12958518-1aef-4ece-8480-26d1b464965d",
                    "ee2c3db7-1db6-4d2a-bf13-638d1a0f30bf",
                    "908f9e97-6bca-4871-bba7-3b6d98d2fea7",
                    "6b81b1f4-2d18-4c9a-8365-5c6a95dfff05"
                ],
                [
                    "d9b584c2-e63d-49cb-817c-ccfb21cda8fa",
                    "12958518-1aef-4ece-8480-26d1b464965d",
                    "d852a6a1-446c-4218-a078-359f85704e07",
                    "ff4609a7-99f5-455d-828f-28fe1474f25a",
                    "6b81b1f4-2d18-4c9a-8365-5c6a95dfff05"
                ],
                [
                    "8725bfe5-c9aa-4b7d-b8a0-e0074ed69d74",
                    "12958518-1aef-4ece-8480-26d1b464965d",
                    "e87cd1cf-76fb-466c-b50d-d24905bf3542",
                    "c79232f3-54b3-46dc-917d-04c30989aa07",
                    "6b81b1f4-2d18-4c9a-8365-5c6a95dfff05"
                ],
                [
                    "8725bfe5-c9aa-4b7d-b8a0-e0074ed69d74",
                    "12958518-1aef-4ece-8480-26d1b464965d",
                    "65cec509-faaf-4802-b8de-8919e62d8460",
                    "908f9e97-6bca-4871-bba7-3b6d98d2fea7",
                    "6b81b1f4-2d18-4c9a-8365-5c6a95dfff05"
                ],
                [
                    "7a1d7432-3bc8-4ed7-bdc2-96d9ef6a2eb0",
                    "12958518-1aef-4ece-8480-26d1b464965d",
                    "fd9278dc-47b8-468a-9235-d126d60cf7ea",
                    "ff4609a7-99f5-455d-828f-28fe1474f25a",
                    "6b81b1f4-2d18-4c9a-8365-5c6a95dfff05"
                ],
                [
                    "8725bfe5-c9aa-4b7d-b8a0-e0074ed69d74",
                    "12958518-1aef-4ece-8480-26d1b464965d",
                    "07472033-1e99-43d0-801a-ead813445660",
                    "a6aff1ac-602f-4c50-9ded-63946dfe86f7",
                    "6b81b1f4-2d18-4c9a-8365-5c6a95dfff05"
                ],
                [
                    "7a1d7432-3bc8-4ed7-bdc2-96d9ef6a2eb0",
                    "12958518-1aef-4ece-8480-26d1b464965d",
                    "725fcfd9-11ab-4ce5-b8e0-aea82e1287cb",
                    "908f9e97-6bca-4871-bba7-3b6d98d2fea7",
                    "6b81b1f4-2d18-4c9a-8365-5c6a95dfff05"
                ],
                [
                    "7a1d7432-3bc8-4ed7-bdc2-96d9ef6a2eb0",
                    "12958518-1aef-4ece-8480-26d1b464965d",
                    "65cec509-faaf-4802-b8de-8919e62d8460",
                    "908f9e97-6bca-4871-bba7-3b6d98d2fea7",
                    "6b81b1f4-2d18-4c9a-8365-5c6a95dfff05"
                ]
            ]
        },
        {
            "output_tuple": [
                "Hardware & Architecture"
            ],
            "tuple_id": "b6029ff5-8185-5c29-b235-5d1f1c4cf589",
            "dnf": [
                [
                    "59e85c70-f2de-4d3f-bd11-2c4b8ade4e1a",
                    "12958518-1aef-4ece-8480-26d1b464965d",
                    "05a95a6f-0624-421a-8161-ed1b64c89a24",
                    "4ac949e2-6094-47f7-9f3e-ab65c7925697",
                    "0c133ed1-f825-48bc-afc6-b53979b76c83"
                ],
                [
                    "59e85c70-f2de-4d3f-bd11-2c4b8ade4e1a",
                    "12958518-1aef-4ece-8480-26d1b464965d",
                    "b14ac830-5781-4974-bf27-c95c3a3d6f80",
                    "00451df1-34a7-466b-ae70-e2f738006506",
                    "0c133ed1-f825-48bc-afc6-b53979b76c83"
                ],
                [
                    "0dd9f9d0-30ab-4886-8bef-66019ceb7aa0",
                    "12958518-1aef-4ece-8480-26d1b464965d",
                    "1200e67f-0d00-475a-8417-5d44b7b5daec",
                    "b8801d28-40cd-45e3-bcc4-e44d485953d1",
                    "0c133ed1-f825-48bc-afc6-b53979b76c83"
                ],
                [
                    "68888770-8a9e-455a-841e-2fa980828a66",
                    "12958518-1aef-4ece-8480-26d1b464965d",
                    "1c93e349-23ef-4630-8575-eed3bc30e876",
                    "b8801d28-40cd-45e3-bcc4-e44d485953d1",
                    "0c133ed1-f825-48bc-afc6-b53979b76c83"
                ]
            ]
        },
        {
            "output_tuple": [
                "Networks & Communications"
            ],
            "tuple_id": "c64dc993-8cfb-5a11-8d96-e3e56e419ae7",
            "dnf": [
                [
                    "5df6eef0-2e99-4957-b0ec-cb157fb821b8",
                    "12958518-1aef-4ece-8480-26d1b464965d",
                    "292a438a-5d4b-4f28-a058-d3bdb0d52794",
                    "85d20ba6-20dc-4ba1-91ac-6c532dadad35",
                    "6964f783-d0dc-4849-9d46-5c550aa77ac9"
                ],
                [
                    "5df6eef0-2e99-4957-b0ec-cb157fb821b8",
                    "12958518-1aef-4ece-8480-26d1b464965d",
                    "f97cffbd-c64a-424e-94ad-5b41b924fc1a",
                    "8464ad8a-049b-4d69-b739-8fc302d72fbd",
                    "6964f783-d0dc-4849-9d46-5c550aa77ac9"
                ],
                [
                    "fc8dfb98-40f0-47cd-8d94-f1167b0e916c",
                    "12958518-1aef-4ece-8480-26d1b464965d",
                    "9cb62454-4831-4251-acb5-5e2e24929a52",
                    "44af6766-0e51-438e-8d36-17e538e542f4",
                    "6964f783-d0dc-4849-9d46-5c550aa77ac9"
                ],
                [
                    "5df6eef0-2e99-4957-b0ec-cb157fb821b8",
                    "12958518-1aef-4ece-8480-26d1b464965d",
                    "051666b0-8baf-4e69-a110-50642d7b8064",
                    "b020674a-25ea-4636-b377-6e62f6e7ffe0",
                    "6964f783-d0dc-4849-9d46-5c550aa77ac9"
                ],
                [
                    "5df6eef0-2e99-4957-b0ec-cb157fb821b8",
                    "12958518-1aef-4ece-8480-26d1b464965d",
                    "d660ec01-9cf7-48ac-9e0b-6efe4c061c10",
                    "e50219d2-1ded-4120-93b5-888f964dbe84",
                    "6964f783-d0dc-4849-9d46-5c550aa77ac9"
                ],
                [
                    "5df6eef0-2e99-4957-b0ec-cb157fb821b8",
                    "12958518-1aef-4ece-8480-26d1b464965d",
                    "aef0e65c-959e-4072-be8a-dca871a2eb15",
                    "5038318f-09b8-4af1-8d3b-78c2ddcb7f5c",
                    "6964f783-d0dc-4849-9d46-5c550aa77ac9"
                ],
                [
                    "5df6eef0-2e99-4957-b0ec-cb157fb821b8",
                    "12958518-1aef-4ece-8480-26d1b464965d",
                    "301e179d-b8d0-4ad2-85da-c0bf7e1d971e",
                    "5038318f-09b8-4af1-8d3b-78c2ddcb7f5c",
                    "6964f783-d0dc-4849-9d46-5c550aa77ac9"
                ],
                [
                    "8e871bfd-114c-48ca-832c-de56becbeb87",
                    "12958518-1aef-4ece-8480-26d1b464965d",
                    "54e2ab7d-3024-49aa-a0f2-1d6fe8747a16",
                    "1fee0350-1c15-455f-90fc-e62958b9b2cf",
                    "6964f783-d0dc-4849-9d46-5c550aa77ac9"
                ],
                [
                    "5df6eef0-2e99-4957-b0ec-cb157fb821b8",
                    "12958518-1aef-4ece-8480-26d1b464965d",
                    "edcc1b54-c602-41ea-9b55-790fd427982b",
                    "1fee0350-1c15-455f-90fc-e62958b9b2cf",
                    "6964f783-d0dc-4849-9d46-5c550aa77ac9"
                ],
                [
                    "5df6eef0-2e99-4957-b0ec-cb157fb821b8",
                    "12958518-1aef-4ece-8480-26d1b464965d",
                    "e057b916-9ab3-47e6-9c23-f0429fdf0af6",
                    "e371d929-83c2-42bb-b377-c62436ac5634",
                    "6964f783-d0dc-4849-9d46-5c550aa77ac9"
                ],
                [
                    "5df6eef0-2e99-4957-b0ec-cb157fb821b8",
                    "12958518-1aef-4ece-8480-26d1b464965d",
                    "d64f9ee2-827d-4204-a5ad-3e41e9b53180",
                    "5ea035e6-480f-4d6e-9ce5-132f21befaa2",
                    "6964f783-d0dc-4849-9d46-5c550aa77ac9"
                ],
                [
                    "673790ba-124d-4ce2-8ef2-9456f29d6d5a",
                    "12958518-1aef-4ece-8480-26d1b464965d",
                    "45948d70-98a3-4ab4-a281-9c1a886dee2a",
                    "6bc92f74-338b-49b4-8543-4cba18a3b23a",
                    "6964f783-d0dc-4849-9d46-5c550aa77ac9"
                ],
                [
                    "5df6eef0-2e99-4957-b0ec-cb157fb821b8",
                    "12958518-1aef-4ece-8480-26d1b464965d",
                    "8a0d0c0a-a2a7-47ef-ba98-37e527792259",
                    "e1feef3d-d870-4be9-a458-6b0b1c4eae9d",
                    "6964f783-d0dc-4849-9d46-5c550aa77ac9"
                ],
                [
                    "8e871bfd-114c-48ca-832c-de56becbeb87",
                    "12958518-1aef-4ece-8480-26d1b464965d",
                    "47cb8878-0dfc-42e6-889f-691b9eb64d32",
                    "5038318f-09b8-4af1-8d3b-78c2ddcb7f5c",
                    "6964f783-d0dc-4849-9d46-5c550aa77ac9"
                ],
                [
                    "83a96d9e-5065-4ec8-a6f2-588ab02551a3",
                    "12958518-1aef-4ece-8480-26d1b464965d",
                    "d8bb10d1-9943-4c7d-8e1a-343bd801de49",
                    "e1feef3d-d870-4be9-a458-6b0b1c4eae9d",
                    "6964f783-d0dc-4849-9d46-5c550aa77ac9"
                ],
                [
                    "fc8dfb98-40f0-47cd-8d94-f1167b0e916c",
                    "12958518-1aef-4ece-8480-26d1b464965d",
                    "8b6facd2-1c09-4c88-b606-70122e352fce",
                    "dd6bf435-e63b-49c1-84fd-8830e98d4f8b",
                    "6964f783-d0dc-4849-9d46-5c550aa77ac9"
                ],
                [
                    "d9b584c2-e63d-49cb-817c-ccfb21cda8fa",
                    "12958518-1aef-4ece-8480-26d1b464965d",
                    "c97942ca-56eb-46ac-861d-e0b3244f9a84",
                    "aca6859c-4639-4736-a8b9-b2bf3dd2474e",
                    "6964f783-d0dc-4849-9d46-5c550aa77ac9"
                ],
                [
                    "5df6eef0-2e99-4957-b0ec-cb157fb821b8",
                    "12958518-1aef-4ece-8480-26d1b464965d",
                    "88d6f85a-21ef-40da-987b-d64271f20645",
                    "765d47a1-793a-4e2b-bfab-552e30f0f9cf",
                    "6964f783-d0dc-4849-9d46-5c550aa77ac9"
                ],
                [
                    "5df6eef0-2e99-4957-b0ec-cb157fb821b8",
                    "12958518-1aef-4ece-8480-26d1b464965d",
                    "4764af35-485a-40c4-b250-75e1d851d7df",
                    "5ea035e6-480f-4d6e-9ce5-132f21befaa2",
                    "6964f783-d0dc-4849-9d46-5c550aa77ac9"
                ],
                [
                    "5df6eef0-2e99-4957-b0ec-cb157fb821b8",
                    "12958518-1aef-4ece-8480-26d1b464965d",
                    "99fb733d-3a2a-4c07-893d-18ec3f94b38e",
                    "5038318f-09b8-4af1-8d3b-78c2ddcb7f5c",
                    "6964f783-d0dc-4849-9d46-5c550aa77ac9"
                ],
                [
                    "fc8dfb98-40f0-47cd-8d94-f1167b0e916c",
                    "12958518-1aef-4ece-8480-26d1b464965d",
                    "0a953dd4-4c59-4757-b88a-3a351ba336c3",
                    "dd6bf435-e63b-49c1-84fd-8830e98d4f8b",
                    "6964f783-d0dc-4849-9d46-5c550aa77ac9"
                ],
                [
                    "5df6eef0-2e99-4957-b0ec-cb157fb821b8",
                    "12958518-1aef-4ece-8480-26d1b464965d",
                    "21467c1a-38b0-4f43-ae66-01d977b902e1",
                    "bf7e7cd0-8c14-46fb-a4cd-2458eaeb6b32",
                    "6964f783-d0dc-4849-9d46-5c550aa77ac9"
                ]
            ]
        },
        {
            "output_tuple": [
                "Artificial Intelligence"
            ],
            "tuple_id": "c693e848-8555-59a9-a81c-3ea474214ed8",
            "dnf": [
                [
                    "d9b584c2-e63d-49cb-817c-ccfb21cda8fa",
                    "12958518-1aef-4ece-8480-26d1b464965d",
                    "39909304-0fd4-42b7-8a2f-c480db7c6a1e",
                    "76f1d533-7759-4d20-b439-a29f0927085b",
                    "3001d5ad-5df2-4523-b46d-7d5bf8858ac4"
                ],
                [
                    "9edee0c9-0f96-4243-b8a8-12b05fed09cc",
                    "12958518-1aef-4ece-8480-26d1b464965d",
                    "63103852-bf06-49c3-b8ea-097911a1c967",
                    "c5a36b49-3d6f-4b02-ae08-67378f34fe7f",
                    "3001d5ad-5df2-4523-b46d-7d5bf8858ac4"
                ],
                [
                    "31b2e8ac-d463-4e00-b1a0-b1779aa65fc4",
                    "12958518-1aef-4ece-8480-26d1b464965d",
                    "2531ec3c-7a42-474a-a2ac-b6684506e7f2",
                    "afc19d87-e16a-47c0-82a6-737e0447f349",
                    "3001d5ad-5df2-4523-b46d-7d5bf8858ac4"
                ],
                [
                    "d9b584c2-e63d-49cb-817c-ccfb21cda8fa",
                    "12958518-1aef-4ece-8480-26d1b464965d",
                    "fee9620c-9082-428e-859a-9c27af1f0cb6",
                    "76f1d533-7759-4d20-b439-a29f0927085b",
                    "3001d5ad-5df2-4523-b46d-7d5bf8858ac4"
                ],
                [
                    "3e0f0346-ac7b-4f3b-80b1-20f442c4f82e",
                    "12958518-1aef-4ece-8480-26d1b464965d",
                    "aaf7b72d-5df9-41dd-a771-14b1f9222dbc",
                    "c5a36b49-3d6f-4b02-ae08-67378f34fe7f",
                    "3001d5ad-5df2-4523-b46d-7d5bf8858ac4"
                ],
                [
                    "7a1d7432-3bc8-4ed7-bdc2-96d9ef6a2eb0",
                    "12958518-1aef-4ece-8480-26d1b464965d",
                    "8b00e6c4-a59d-482f-8184-0b959f279923",
                    "f103a88a-ca2d-42bd-9a05-76baef6735f8",
                    "3001d5ad-5df2-4523-b46d-7d5bf8858ac4"
                ],
                [
                    "d9b584c2-e63d-49cb-817c-ccfb21cda8fa",
                    "12958518-1aef-4ece-8480-26d1b464965d",
                    "793e855e-1f37-459d-88f2-fdd10e392972",
                    "76f1d533-7759-4d20-b439-a29f0927085b",
                    "3001d5ad-5df2-4523-b46d-7d5bf8858ac4"
                ],
                [
                    "d9b584c2-e63d-49cb-817c-ccfb21cda8fa",
                    "12958518-1aef-4ece-8480-26d1b464965d",
                    "f261ddd3-492e-4eda-95b1-55c65eb0c388",
                    "c5a36b49-3d6f-4b02-ae08-67378f34fe7f",
                    "3001d5ad-5df2-4523-b46d-7d5bf8858ac4"
                ],
                [
                    "d9b584c2-e63d-49cb-817c-ccfb21cda8fa",
                    "12958518-1aef-4ece-8480-26d1b464965d",
                    "81a1be9d-f9ce-4b24-8649-9e57c70b2c4f",
                    "c5a36b49-3d6f-4b02-ae08-67378f34fe7f",
                    "3001d5ad-5df2-4523-b46d-7d5bf8858ac4"
                ],
                [
                    "d9b584c2-e63d-49cb-817c-ccfb21cda8fa",
                    "12958518-1aef-4ece-8480-26d1b464965d",
                    "67b7a472-4bf1-424f-8e4b-b90d3860492a",
                    "76f1d533-7759-4d20-b439-a29f0927085b",
                    "3001d5ad-5df2-4523-b46d-7d5bf8858ac4"
                ],
                [
                    "d9b584c2-e63d-49cb-817c-ccfb21cda8fa",
                    "12958518-1aef-4ece-8480-26d1b464965d",
                    "5837eed9-83f3-4935-9170-4c5e84251dbc",
                    "76f1d533-7759-4d20-b439-a29f0927085b",
                    "3001d5ad-5df2-4523-b46d-7d5bf8858ac4"
                ],
                [
                    "007a3428-8ce5-4683-b08b-629f2eee65cd",
                    "12958518-1aef-4ece-8480-26d1b464965d",
                    "a3e74b20-5461-483f-a49c-215911bf8560",
                    "ce2eac1e-08b0-4941-b941-591ace10b47b",
                    "3001d5ad-5df2-4523-b46d-7d5bf8858ac4"
                ],
                [
                    "3e0f0346-ac7b-4f3b-80b1-20f442c4f82e",
                    "12958518-1aef-4ece-8480-26d1b464965d",
                    "9cee0528-b0fe-46b9-8236-023da94b6059",
                    "c5a36b49-3d6f-4b02-ae08-67378f34fe7f",
                    "3001d5ad-5df2-4523-b46d-7d5bf8858ac4"
                ],
                [
                    "d9b584c2-e63d-49cb-817c-ccfb21cda8fa",
                    "12958518-1aef-4ece-8480-26d1b464965d",
                    "282441d6-a916-4355-9f2f-b8adf0abdbd3",
                    "76f1d533-7759-4d20-b439-a29f0927085b",
                    "3001d5ad-5df2-4523-b46d-7d5bf8858ac4"
                ],
                [
                    "6fcc8767-59d8-4344-a04e-9ada4b6574a8",
                    "12958518-1aef-4ece-8480-26d1b464965d",
                    "208c6482-bc25-4f42-a62f-2d86ccfa8612",
                    "cec8531b-09cf-4762-b0d7-01fcb6cadea9",
                    "3001d5ad-5df2-4523-b46d-7d5bf8858ac4"
                ],
                [
                    "59e85c70-f2de-4d3f-bd11-2c4b8ade4e1a",
                    "12958518-1aef-4ece-8480-26d1b464965d",
                    "f410a0c5-3fc4-411b-b732-fb05a1def6df",
                    "7a10a0b7-75aa-4254-8eda-f89d328d0540",
                    "3001d5ad-5df2-4523-b46d-7d5bf8858ac4"
                ],
                [
                    "007a3428-8ce5-4683-b08b-629f2eee65cd",
                    "12958518-1aef-4ece-8480-26d1b464965d",
                    "ce65ecc3-869d-4840-b750-18589ee8042c",
                    "6bd610a4-9b3b-4a8b-8681-aa42315a8b49",
                    "3001d5ad-5df2-4523-b46d-7d5bf8858ac4"
                ],
                [
                    "8e871bfd-114c-48ca-832c-de56becbeb87",
                    "12958518-1aef-4ece-8480-26d1b464965d",
                    "2ceaf0d9-f5da-448a-a6d6-5bac727768a2",
                    "c5a36b49-3d6f-4b02-ae08-67378f34fe7f",
                    "3001d5ad-5df2-4523-b46d-7d5bf8858ac4"
                ],
                [
                    "7a1d7432-3bc8-4ed7-bdc2-96d9ef6a2eb0",
                    "12958518-1aef-4ece-8480-26d1b464965d",
                    "bc4fc385-ca7a-4375-9b15-04a302ead8c8",
                    "ecf7bb10-8f76-4baa-81b8-fed6fb36668e",
                    "3001d5ad-5df2-4523-b46d-7d5bf8858ac4"
                ],
                [
                    "7a1d7432-3bc8-4ed7-bdc2-96d9ef6a2eb0",
                    "12958518-1aef-4ece-8480-26d1b464965d",
                    "bbfc979f-1cef-43c5-b6c5-ec0b52cec3aa",
                    "ecf7bb10-8f76-4baa-81b8-fed6fb36668e",
                    "3001d5ad-5df2-4523-b46d-7d5bf8858ac4"
                ],
                [
                    "d9b584c2-e63d-49cb-817c-ccfb21cda8fa",
                    "12958518-1aef-4ece-8480-26d1b464965d",
                    "db2f7eca-0773-4588-9a8c-694940c55c4b",
                    "76f1d533-7759-4d20-b439-a29f0927085b",
                    "3001d5ad-5df2-4523-b46d-7d5bf8858ac4"
                ],
                [
                    "7a1d7432-3bc8-4ed7-bdc2-96d9ef6a2eb0",
                    "12958518-1aef-4ece-8480-26d1b464965d",
                    "2782c733-7d99-4fb2-be46-5c82cc245bb3",
                    "ecf7bb10-8f76-4baa-81b8-fed6fb36668e",
                    "3001d5ad-5df2-4523-b46d-7d5bf8858ac4"
                ],
                [
                    "4c81ad47-7843-4753-8e1b-2b3b128fae01",
                    "12958518-1aef-4ece-8480-26d1b464965d",
                    "52f32c8d-e157-4ee1-8f5c-37b59ae390d1",
                    "7d9f258b-e9a5-4b1a-b08b-85c30212e69d",
                    "3001d5ad-5df2-4523-b46d-7d5bf8858ac4"
                ],
                [
                    "d9b584c2-e63d-49cb-817c-ccfb21cda8fa",
                    "12958518-1aef-4ece-8480-26d1b464965d",
                    "48e17b84-b780-4837-831e-984b8828fe0d",
                    "c5a36b49-3d6f-4b02-ae08-67378f34fe7f",
                    "3001d5ad-5df2-4523-b46d-7d5bf8858ac4"
                ]
            ]
        },
        {
            "output_tuple": [
                "World Wide Web"
            ],
            "tuple_id": "e06a76f0-a6c2-56de-815d-7abf1b92b5dc",
            "dnf": [
                [
                    "d9b584c2-e63d-49cb-817c-ccfb21cda8fa",
                    "12958518-1aef-4ece-8480-26d1b464965d",
                    "f029486e-b19b-4fc9-8b16-cfbdb49ab7d3",
                    "9247f20d-5966-47b4-a1d3-9ddc16a77a9c",
                    "ddfc9edb-b7f7-43c1-b862-34cb8c83306d"
                ],
                [
                    "8e871bfd-114c-48ca-832c-de56becbeb87",
                    "12958518-1aef-4ece-8480-26d1b464965d",
                    "54e2ab7d-3024-49aa-a0f2-1d6fe8747a16",
                    "1fee0350-1c15-455f-90fc-e62958b9b2cf",
                    "ddfc9edb-b7f7-43c1-b862-34cb8c83306d"
                ],
                [
                    "5df6eef0-2e99-4957-b0ec-cb157fb821b8",
                    "12958518-1aef-4ece-8480-26d1b464965d",
                    "edcc1b54-c602-41ea-9b55-790fd427982b",
                    "1fee0350-1c15-455f-90fc-e62958b9b2cf",
                    "ddfc9edb-b7f7-43c1-b862-34cb8c83306d"
                ],
                [
                    "d9b584c2-e63d-49cb-817c-ccfb21cda8fa",
                    "12958518-1aef-4ece-8480-26d1b464965d",
                    "106c21ba-89cc-47b4-991c-a255ae7ff8ab",
                    "9247f20d-5966-47b4-a1d3-9ddc16a77a9c",
                    "ddfc9edb-b7f7-43c1-b862-34cb8c83306d"
                ]
            ]
        },
        {
            "output_tuple": [
                "Databases"
            ],
            "tuple_id": "e7248121-d68e-540f-840f-d25f5532eb59",
            "dnf": [
                [
                    "4c81ad47-7843-4753-8e1b-2b3b128fae01",
                    "12958518-1aef-4ece-8480-26d1b464965d",
                    "90310cd0-cba2-4b76-a2df-b0f02e880dac",
                    "6b9dca78-2a31-4952-8b51-2b00472a577a",
                    "c8ed869d-96a3-40ea-aa81-72367468f72b"
                ],
                [
                    "08e2d194-7ef0-4a1d-8d89-f387742941d4",
                    "12958518-1aef-4ece-8480-26d1b464965d",
                    "dbb67ea2-df9f-4972-a8ed-7af33ebea1b0",
                    "66b3eeed-8214-4635-8c1c-aa64c95d0880",
                    "c8ed869d-96a3-40ea-aa81-72367468f72b"
                ],
                [
                    "08e2d194-7ef0-4a1d-8d89-f387742941d4",
                    "12958518-1aef-4ece-8480-26d1b464965d",
                    "de43dee2-c017-4846-906e-d9d027d8d33a",
                    "54579a6b-e898-415c-ad6e-342a845b8f3c",
                    "c8ed869d-96a3-40ea-aa81-72367468f72b"
                ],
                [
                    "4c81ad47-7843-4753-8e1b-2b3b128fae01",
                    "12958518-1aef-4ece-8480-26d1b464965d",
                    "2ae2a295-07b3-4aa7-ae73-f683604ea69a",
                    "170cb904-809e-48f5-a905-798cad57fefc",
                    "c8ed869d-96a3-40ea-aa81-72367468f72b"
                ],
                [
                    "4c81ad47-7843-4753-8e1b-2b3b128fae01",
                    "12958518-1aef-4ece-8480-26d1b464965d",
                    "b1bcbc4c-64bd-43a1-833b-4762ad1524a9",
                    "6b9dca78-2a31-4952-8b51-2b00472a577a",
                    "c8ed869d-96a3-40ea-aa81-72367468f72b"
                ],
                [
                    "6fcc8767-59d8-4344-a04e-9ada4b6574a8",
                    "12958518-1aef-4ece-8480-26d1b464965d",
                    "208c6482-bc25-4f42-a62f-2d86ccfa8612",
                    "cec8531b-09cf-4762-b0d7-01fcb6cadea9",
                    "c8ed869d-96a3-40ea-aa81-72367468f72b"
                ],
                [
                    "59e85c70-f2de-4d3f-bd11-2c4b8ade4e1a",
                    "12958518-1aef-4ece-8480-26d1b464965d",
                    "4fce1083-a0e4-4cd3-8363-2565c1570141",
                    "54579a6b-e898-415c-ad6e-342a845b8f3c",
                    "c8ed869d-96a3-40ea-aa81-72367468f72b"
                ],
                [
                    "4c81ad47-7843-4753-8e1b-2b3b128fae01",
                    "12958518-1aef-4ece-8480-26d1b464965d",
                    "245d3e1c-219c-4447-b2b2-7dc0a2378a2c",
                    "8468cb77-7e87-450c-874a-9532f7dc4062",
                    "c8ed869d-96a3-40ea-aa81-72367468f72b"
                ],
                [
                    "4c81ad47-7843-4753-8e1b-2b3b128fae01",
                    "12958518-1aef-4ece-8480-26d1b464965d",
                    "0bebe532-bd90-4ae8-97c6-7501c0761001",
                    "e6425bf1-9309-4bf7-9d6b-2abbbbc29a94",
                    "c8ed869d-96a3-40ea-aa81-72367468f72b"
                ],
                [
                    "08e2d194-7ef0-4a1d-8d89-f387742941d4",
                    "12958518-1aef-4ece-8480-26d1b464965d",
                    "4fce1083-a0e4-4cd3-8363-2565c1570141",
                    "54579a6b-e898-415c-ad6e-342a845b8f3c",
                    "c8ed869d-96a3-40ea-aa81-72367468f72b"
                ],
                [
                    "4c81ad47-7843-4753-8e1b-2b3b128fae01",
                    "12958518-1aef-4ece-8480-26d1b464965d",
                    "7cedd233-1946-469c-80c0-0f2887b53dbc",
                    "54579a6b-e898-415c-ad6e-342a845b8f3c",
                    "c8ed869d-96a3-40ea-aa81-72367468f72b"
                ],
                [
                    "08e2d194-7ef0-4a1d-8d89-f387742941d4",
                    "12958518-1aef-4ece-8480-26d1b464965d",
                    "82ddd121-3c25-4d24-8058-04c82a20e3b0",
                    "6b9dca78-2a31-4952-8b51-2b00472a577a",
                    "c8ed869d-96a3-40ea-aa81-72367468f72b"
                ],
                [
                    "4c81ad47-7843-4753-8e1b-2b3b128fae01",
                    "12958518-1aef-4ece-8480-26d1b464965d",
                    "36820fff-15d7-4a5b-9ae3-7cd12fb0619b",
                    "6b9dca78-2a31-4952-8b51-2b00472a577a",
                    "c8ed869d-96a3-40ea-aa81-72367468f72b"
                ]
            ]
        },
        {
            "output_tuple": [
                "Operating Systems"
            ],
            "tuple_id": "f8c41b83-4c35-5630-8cfa-4ca1b704c4b5",
            "dnf": [
                [
                    "5df6eef0-2e99-4957-b0ec-cb157fb821b8",
                    "12958518-1aef-4ece-8480-26d1b464965d",
                    "d660ec01-9cf7-48ac-9e0b-6efe4c061c10",
                    "e50219d2-1ded-4120-93b5-888f964dbe84",
                    "357a6ceb-c6b7-449b-bbed-83a3787b7c88"
                ],
                [
                    "68888770-8a9e-455a-841e-2fa980828a66",
                    "12958518-1aef-4ece-8480-26d1b464965d",
                    "1138288a-e952-42a1-917e-b4feb2b883b8",
                    "ee85fc5b-1be8-4ff4-b4b9-4d57a7c00d31",
                    "357a6ceb-c6b7-449b-bbed-83a3787b7c88"
                ],
                [
                    "5df6eef0-2e99-4957-b0ec-cb157fb821b8",
                    "12958518-1aef-4ece-8480-26d1b464965d",
                    "60179114-3b97-4e65-ae4e-fd204b8f4835",
                    "6e0e3492-9ed3-4cb7-bc4c-515d9d0ea3b9",
                    "357a6ceb-c6b7-449b-bbed-83a3787b7c88"
                ],
                [
                    "68888770-8a9e-455a-841e-2fa980828a66",
                    "12958518-1aef-4ece-8480-26d1b464965d",
                    "1c93e349-23ef-4630-8575-eed3bc30e876",
                    "b8801d28-40cd-45e3-bcc4-e44d485953d1",
                    "357a6ceb-c6b7-449b-bbed-83a3787b7c88"
                ],
                [
                    "5df6eef0-2e99-4957-b0ec-cb157fb821b8",
                    "12958518-1aef-4ece-8480-26d1b464965d",
                    "c4f2ea69-2b49-48e6-a84a-1fbf8b0acbd9",
                    "0840abaa-7f4b-463b-b1ff-04ea4309a052",
                    "357a6ceb-c6b7-449b-bbed-83a3787b7c88"
                ],
                [
                    "5df6eef0-2e99-4957-b0ec-cb157fb821b8",
                    "12958518-1aef-4ece-8480-26d1b464965d",
                    "ca364707-6d70-4d61-9900-923e5484f4a8",
                    "3361d06e-c315-4598-9175-7baa1b625522",
                    "357a6ceb-c6b7-449b-bbed-83a3787b7c88"
                ],
                [
                    "0dd9f9d0-30ab-4886-8bef-66019ceb7aa0",
                    "12958518-1aef-4ece-8480-26d1b464965d",
                    "1200e67f-0d00-475a-8417-5d44b7b5daec",
                    "b8801d28-40cd-45e3-bcc4-e44d485953d1",
                    "357a6ceb-c6b7-449b-bbed-83a3787b7c88"
                ]
            ]
        }
    ]
}