{
    "query_name": "20a_publication_title",
    "query_sql": "SELECT \n    publication.title\nFROM \n    author, conference, publication, writes\nWHERE\n    conference.name = 'VLDB' \n    AND (publication.year < 1995 or publication.year > 2002 ) \n    AND publication.citation_count > 100    \n    AND author.aid = writes.aid \n    AND conference.cid = publication.cid \n    AND publication.pid = writes.pid\nGROUP BY \n    publication.title",
    "results": [
        {
            "output_tuple": [
                "Composing Mappings Among Data Sources."
            ],
            "tuple_id": "03c1e100-9371-5e97-9a48-f5b5484c46f2",
            "dnf": [
                [
                    "ad3d41ed-a184-4e1f-8320-5e04fa8fa54a",
                    "a11875db-5eff-497b-a8b1-1a0934c74a4a",
                    "3a6b8ab0-6ef8-4076-a8a6-2add51f9a60d"
                ],
                [
                    "f6f04ea6-bfeb-4699-a693-4b184801e799",
                    "a11875db-5eff-497b-a8b1-1a0934c74a4a",
                    "3a6b8ab0-6ef8-4076-a8a6-2add51f9a60d"
                ]
            ]
        },
        {
            "output_tuple": [
                "Bidirectional Expansion For Keyword Search on Graph Databases."
            ],
            "tuple_id": "064210d8-ce70-562c-8388-f857fb68d4cb",
            "dnf": [
                [
                    "666a6688-8443-4f20-867d-93de2647e281",
                    "a11875db-5eff-497b-a8b1-1a0934c74a4a",
                    "5db1bc7a-c31e-47f8-a874-2ca7cac99d1c"
                ],
                [
                    "54d13e76-628c-4e09-bfba-be370089c5dc",
                    "a11875db-5eff-497b-a8b1-1a0934c74a4a",
                    "5db1bc7a-c31e-47f8-a874-2ca7cac99d1c"
                ],
                [
                    "9720027d-7364-49c5-b1f4-2acc90c417e3",
                    "a11875db-5eff-497b-a8b1-1a0934c74a4a",
                    "5db1bc7a-c31e-47f8-a874-2ca7cac99d1c"
                ],
                [
                    "7abec3e8-c708-4747-a5fb-7776f8d64a43",
                    "a11875db-5eff-497b-a8b1-1a0934c74a4a",
                    "5db1bc7a-c31e-47f8-a874-2ca7cac99d1c"
                ],
                [
                    "234a083b-d74f-4c67-9f5a-62a79e5f8227",
                    "a11875db-5eff-497b-a8b1-1a0934c74a4a",
                    "5db1bc7a-c31e-47f8-a874-2ca7cac99d1c"
                ]
            ]
        },
        {
            "output_tuple": [
                "Fast Algorithms for Mining Association Rules in Large Databases."
            ],
            "tuple_id": "07bb9aa0-2928-525d-9efd-c9f0813aca35",
            "dnf": [
                [
                    "384d418b-4439-4e7e-bc8e-2d1817598755",
                    "a11875db-5eff-497b-a8b1-1a0934c74a4a",
                    "284ba745-8172-4c86-9d26-4e9bb324a702"
                ],
                [
                    "d89c2af7-f4a8-48f3-ab4c-6ce0216a2b2a",
                    "a11875db-5eff-497b-a8b1-1a0934c74a4a",
                    "284ba745-8172-4c86-9d26-4e9bb324a702"
                ]
            ]
        },
        {
            "output_tuple": [
                "Practical Skew Handling in Parallel Joins."
            ],
            "tuple_id": "089d54aa-c76b-51e6-9896-a76cc20b825e",
            "dnf": [
                [
                    "26148241-b9f9-4d68-9e25-24903da98cce",
                    "a11875db-5eff-497b-a8b1-1a0934c74a4a",
                    "6f9ac2d2-2b23-41c9-932a-1d76f11e8d43"
                ],
                [
                    "19e0e1a6-b417-4c5a-bd32-ee9e03748529",
                    "a11875db-5eff-497b-a8b1-1a0934c74a4a",
                    "6f9ac2d2-2b23-41c9-932a-1d76f11e8d43"
                ],
                [
                    "6d2ed19a-bd88-4e4a-8dc2-18ca5f24ec99",
                    "a11875db-5eff-497b-a8b1-1a0934c74a4a",
                    "6f9ac2d2-2b23-41c9-932a-1d76f11e8d43"
                ],
                [
                    "d371bc00-ead2-4744-9f3d-5dc194443deb",
                    "a11875db-5eff-497b-a8b1-1a0934c74a4a",
                    "6f9ac2d2-2b23-41c9-932a-1d76f11e8d43"
                ]
            ]
        },
        {
            "output_tuple": [
                "Model-Driven Data Acquisition in Sensor Networks."
            ],
            "tuple_id": "0f388d83-1f94-54dd-b4ae-fa9a46e953aa",
            "dnf": [
                [
                    "c06e87fe-eeb3-4d6b-91d1-7b92384ba7f9",
                    "a11875db-5eff-497b-a8b1-1a0934c74a4a",
                    "ff651ccb-c7fc-4e86-8b48-c940a4ad8409"
                ],
                [
                    "5df01e8f-ec15-4129-83fc-2e9d1c758a39",
                    "a11875db-5eff-497b-a8b1-1a0934c74a4a",
                    "ff651ccb-c7fc-4e86-8b48-c940a4ad8409"
                ],
                [
                    "8c5cb5e1-3655-4a92-8336-f24b70655962",
                    "a11875db-5eff-497b-a8b1-1a0934c74a4a",
                    "ff651ccb-c7fc-4e86-8b48-c940a4ad8409"
                ],
                [
                    "4f7c2189-30c7-46a9-955c-bc91d90e535b",
                    "a11875db-5eff-497b-a8b1-1a0934c74a4a",
                    "ff651ccb-c7fc-4e86-8b48-c940a4ad8409"
                ],
                [
                    "03099574-fa3a-4396-8667-05523140da48",
                    "a11875db-5eff-497b-a8b1-1a0934c74a4a",
                    "ff651ccb-c7fc-4e86-8b48-c940a4ad8409"
                ]
            ]
        },
        {
            "output_tuple": [
                "Efficient IR-Style Keyword Search over Relational Databases."
            ],
            "tuple_id": "147187cc-c373-5808-a0c3-1a34c35ae140",
            "dnf": [
                [
                    "539c16d2-264e-47e3-bad0-207e1761459a",
                    "a11875db-5eff-497b-a8b1-1a0934c74a4a",
                    "35737bf8-d98e-4a96-a8b4-b955e5325cde"
                ],
                [
                    "e96183b6-299f-4396-8878-41db6bd4ee1d",
                    "a11875db-5eff-497b-a8b1-1a0934c74a4a",
                    "35737bf8-d98e-4a96-a8b4-b955e5325cde"
                ],
                [
                    "ebc81d7a-b3a4-4060-ad54-1282abc3fb61",
                    "a11875db-5eff-497b-a8b1-1a0934c74a4a",
                    "35737bf8-d98e-4a96-a8b4-b955e5325cde"
                ]
            ]
        },
        {
            "output_tuple": [
                "Controlling Access to Published Data Using Cryptography."
            ],
            "tuple_id": "181ecdfa-d898-5e4a-a4c0-a9465c8e60d1",
            "dnf": [
                [
                    "b655b5b4-f374-48fb-bb20-4ee731e38cea",
                    "a11875db-5eff-497b-a8b1-1a0934c74a4a",
                    "956a04d4-4571-4f02-8d2e-666719bac713"
                ],
                [
                    "2cc7120a-e91c-4c44-a3c1-8f5cc141a30a",
                    "a11875db-5eff-497b-a8b1-1a0934c74a4a",
                    "956a04d4-4571-4f02-8d2e-666719bac713"
                ]
            ]
        },
        {
            "output_tuple": [
                "Online Balancing of Range-Partitioned Data with Applications to Peer-to-Peer Systems."
            ],
            "tuple_id": "1c536b3f-7043-5834-a1c8-db17b76e3b6c",
            "dnf": [
                [
                    "6700aa5c-6bf0-430b-bc0a-51714c8471aa",
                    "a11875db-5eff-497b-a8b1-1a0934c74a4a",
                    "c7a5bca9-4f94-4250-8485-008c13bcf967"
                ],
                [
                    "5ea35380-8e80-4a13-bad1-1dbacaeb31e0",
                    "a11875db-5eff-497b-a8b1-1a0934c74a4a",
                    "c7a5bca9-4f94-4250-8485-008c13bcf967"
                ],
                [
                    "60906790-62b7-42c5-9f72-50dab52d229b",
                    "a11875db-5eff-497b-a8b1-1a0934c74a4a",
                    "c7a5bca9-4f94-4250-8485-008c13bcf967"
                ]
            ]
        },
        {
            "output_tuple": [
                "The R+-Tree: A Dynamic Index for Multi-Dimensional Objects."
            ],
            "tuple_id": "1de345b3-0414-500a-bca3-491029ce813e",
            "dnf": [
                [
                    "8edc2707-2d57-414f-9b97-ddeb3d1b668c",
                    "a11875db-5eff-497b-a8b1-1a0934c74a4a",
                    "92e29d84-d923-41a7-826f-99d2094f92bf"
                ],
                [
                    "661029e4-5615-4619-a250-90255c22df2b",
                    "a11875db-5eff-497b-a8b1-1a0934c74a4a",
                    "92e29d84-d923-41a7-826f-99d2094f92bf"
                ],
                [
                    "7e373ad1-74f0-4d05-800d-390a9295240c",
                    "a11875db-5eff-497b-a8b1-1a0934c74a4a",
                    "92e29d84-d923-41a7-826f-99d2094f92bf"
                ]
            ]
        },
        {
            "output_tuple": [
                "The TPR*-Tree: An Optimized Spatio-Temporal Access Method for Predictive Queries."
            ],
            "tuple_id": "285c5a8c-8bfd-5d91-bbfe-707c6ed82bcb",
            "dnf": [
                [
                    "b99f4ee0-2f61-40a9-85bd-667ca764077e",
                    "a11875db-5eff-497b-a8b1-1a0934c74a4a",
                    "fad85b6c-d032-4212-adf6-74b734b79c28"
                ],
                [
                    "22246c72-688e-41bf-b3dc-965b20d2aa0f",
                    "a11875db-5eff-497b-a8b1-1a0934c74a4a",
                    "fad85b6c-d032-4212-adf6-74b734b79c28"
                ],
                [
                    "eb3eb166-eb5b-495e-9984-b0d7a270fd28",
                    "a11875db-5eff-497b-a8b1-1a0934c74a4a",
                    "fad85b6c-d032-4212-adf6-74b734b79c28"
                ]
            ]
        },
        {
            "output_tuple": [
                "Federated Database Systems for Managing Distributed, Heterogeneous, and Autonomous Databases."
            ],
            "tuple_id": "289e8f50-48bb-5a51-b6ef-15e46ceec22e",
            "dnf": [
                [
                    "5aa75e7a-cf27-4355-a153-a2adf2d3f884",
                    "a11875db-5eff-497b-a8b1-1a0934c74a4a",
                    "f9c4620d-5343-49aa-af84-c672d185b55e"
                ]
            ]
        },
        {
            "output_tuple": [
                "Deriving Production Rules for Incremental View Maintenance."
            ],
            "tuple_id": "2b77baed-e637-50fb-8d1a-b2b4642ecbbf",
            "dnf": [
                [
                    "0ac12b27-64a1-4ae2-bd03-2d1ae953d23b",
                    "a11875db-5eff-497b-a8b1-1a0934c74a4a",
                    "7442150f-49b0-4542-8c9a-4913c18118e4"
                ],
                [
                    "4b3aa970-a28e-46dd-bdf4-0bf75569c73f",
                    "a11875db-5eff-497b-a8b1-1a0934c74a4a",
                    "7442150f-49b0-4542-8c9a-4913c18118e4"
                ]
            ]
        },
        {
            "output_tuple": [
                "Schema-Free XQuery."
            ],
            "tuple_id": "3507f7c9-0b2c-5873-9030-a224371c60d5",
            "dnf": [
                [
                    "f326ecc8-8946-4167-a44c-87b156b5d805",
                    "a11875db-5eff-497b-a8b1-1a0934c74a4a",
                    "3313e7c9-a491-4600-b222-3963e4e9c8bf"
                ],
                [
                    "52b30c6e-fd89-4b8d-94df-6f8a551bf735",
                    "a11875db-5eff-497b-a8b1-1a0934c74a4a",
                    "3313e7c9-a491-4600-b222-3963e4e9c8bf"
                ],
                [
                    "243d9023-15c8-4f68-adc4-4f396beb739a",
                    "a11875db-5eff-497b-a8b1-1a0934c74a4a",
                    "3313e7c9-a491-4600-b222-3963e4e9c8bf"
                ]
            ]
        },
        {
            "output_tuple": [
                "Disk Shadowing."
            ],
            "tuple_id": "3516903f-9cfc-56e2-8ce2-85432391cf86",
            "dnf": [
                [
                    "51408155-cd7b-4fde-9140-678d59f2643b",
                    "a11875db-5eff-497b-a8b1-1a0934c74a4a",
                    "d329909e-3693-4349-a7ed-cfe0e22d05be"
                ],
                [
                    "5754969b-643f-4bff-82b9-4fb983ba8846",
                    "a11875db-5eff-497b-a8b1-1a0934c74a4a",
                    "d329909e-3693-4349-a7ed-cfe0e22d05be"
                ]
            ]
        },
        {
            "output_tuple": [
                "Hilbert R-tree: An Improved R-tree using Fractals."
            ],
            "tuple_id": "3a2aeed7-a2f7-519d-a204-a562a884f5b3",
            "dnf": [
                [
                    "3349389b-3280-493b-88d1-61fd11ea196c",
                    "a11875db-5eff-497b-a8b1-1a0934c74a4a",
                    "202f9cbe-daaf-4f14-987f-8a7a70653ec8"
                ],
                [
                    "7e373ad1-74f0-4d05-800d-390a9295240c",
                    "a11875db-5eff-497b-a8b1-1a0934c74a4a",
                    "202f9cbe-daaf-4f14-987f-8a7a70653ec8"
                ]
            ]
        },
        {
            "output_tuple": [
                "GAMMA - A High Performance Dataflow Database Machine."
            ],
            "tuple_id": "3cff47d1-5953-50e9-84d5-441f4c6633e4",
            "dnf": [
                [
                    "96708800-708f-4374-b2a9-2de9adac01fc",
                    "a11875db-5eff-497b-a8b1-1a0934c74a4a",
                    "7ca3a4e4-8dc6-4fb0-9038-222b5749e4bd"
                ],
                [
                    "26148241-b9f9-4d68-9e25-24903da98cce",
                    "a11875db-5eff-497b-a8b1-1a0934c74a4a",
                    "7ca3a4e4-8dc6-4fb0-9038-222b5749e4bd"
                ],
                [
                    "f89359f1-98ee-4297-8cd7-3129900faafd",
                    "a11875db-5eff-497b-a8b1-1a0934c74a4a",
                    "7ca3a4e4-8dc6-4fb0-9038-222b5749e4bd"
                ],
                [
                    "d3a453b9-991c-4e35-b595-2941edf37585",
                    "a11875db-5eff-497b-a8b1-1a0934c74a4a",
                    "7ca3a4e4-8dc6-4fb0-9038-222b5749e4bd"
                ],
                [
                    "e127d59b-5508-4a47-881a-f1f26bed5650",
                    "a11875db-5eff-497b-a8b1-1a0934c74a4a",
                    "7ca3a4e4-8dc6-4fb0-9038-222b5749e4bd"
                ],
                [
                    "b7699327-0d23-4d10-98a5-1fc2e028ee56",
                    "a11875db-5eff-497b-a8b1-1a0934c74a4a",
                    "7ca3a4e4-8dc6-4fb0-9038-222b5749e4bd"
                ]
            ]
        },
        {
            "output_tuple": [
                "ULDBs: Databases with Uncertainty and Lineage."
            ],
            "tuple_id": "4125e595-3854-5eaf-bdcf-0a626c616269",
            "dnf": [
                [
                    "a593fb4c-520a-46bd-a070-4f9e33d01e45",
                    "a11875db-5eff-497b-a8b1-1a0934c74a4a",
                    "5d34362d-94d6-44f2-99d2-5866c1fe8ec5"
                ],
                [
                    "0ac12b27-64a1-4ae2-bd03-2d1ae953d23b",
                    "a11875db-5eff-497b-a8b1-1a0934c74a4a",
                    "5d34362d-94d6-44f2-99d2-5866c1fe8ec5"
                ],
                [
                    "2cf24644-5244-4950-a9c9-fe396d885dd5",
                    "a11875db-5eff-497b-a8b1-1a0934c74a4a",
                    "5d34362d-94d6-44f2-99d2-5866c1fe8ec5"
                ],
                [
                    "ad3d41ed-a184-4e1f-8320-5e04fa8fa54a",
                    "a11875db-5eff-497b-a8b1-1a0934c74a4a",
                    "5d34362d-94d6-44f2-99d2-5866c1fe8ec5"
                ]
            ]
        },
        {
            "output_tuple": [
                "ObjectRank: Authority-Based Keyword Search in Databases."
            ],
            "tuple_id": "45e42578-20fb-5e05-8e94-047fa1073f77",
            "dnf": [
                [
                    "404c7299-62f4-4161-888c-05ecf633e525",
                    "a11875db-5eff-497b-a8b1-1a0934c74a4a",
                    "546ba399-100d-435d-82d4-6fa5bb796284"
                ],
                [
                    "ebc81d7a-b3a4-4060-ad54-1282abc3fb61",
                    "a11875db-5eff-497b-a8b1-1a0934c74a4a",
                    "546ba399-100d-435d-82d4-6fa5bb796284"
                ],
                [
                    "539c16d2-264e-47e3-bad0-207e1761459a",
                    "a11875db-5eff-497b-a8b1-1a0934c74a4a",
                    "546ba399-100d-435d-82d4-6fa5bb796284"
                ]
            ]
        },
        {
            "output_tuple": [
                "XSEarch: A Semantic Search Engine for XML."
            ],
            "tuple_id": "472958a7-51a8-50f0-8507-4d602a14b260",
            "dnf": [
                [
                    "e94754e1-c6f5-4823-948f-0bfaebd3832f",
                    "a11875db-5eff-497b-a8b1-1a0934c74a4a",
                    "bc407a14-87b0-4893-b06d-6c0dfd430b20"
                ],
                [
                    "dd812a37-3409-4796-9a5e-d70e05977575",
                    "a11875db-5eff-497b-a8b1-1a0934c74a4a",
                    "bc407a14-87b0-4893-b06d-6c0dfd430b20"
                ],
                [
                    "beac4b4e-a22d-4175-bebe-34295bff5fb4",
                    "a11875db-5eff-497b-a8b1-1a0934c74a4a",
                    "bc407a14-87b0-4893-b06d-6c0dfd430b20"
                ],
                [
                    "7ee0c778-fbd2-49b3-a47f-0df4da00f35c",
                    "a11875db-5eff-497b-a8b1-1a0934c74a4a",
                    "bc407a14-87b0-4893-b06d-6c0dfd430b20"
                ]
            ]
        },
        {
            "output_tuple": [
                "Load Shedding in a Data Stream Manager."
            ],
            "tuple_id": "49cfdbb1-0b67-5987-97f2-e00c7d7c3142",
            "dnf": [
                [
                    "e089fa9e-bef0-43cc-beed-df3ad71ec682",
                    "a11875db-5eff-497b-a8b1-1a0934c74a4a",
                    "eb4dec6c-a276-4924-8986-519b81a07770"
                ],
                [
                    "19fa3bd8-c9e5-40d6-bd8a-4d1ade2fc6df",
                    "a11875db-5eff-497b-a8b1-1a0934c74a4a",
                    "eb4dec6c-a276-4924-8986-519b81a07770"
                ],
                [
                    "05344910-6d73-4cad-9416-1e393639e6fb",
                    "a11875db-5eff-497b-a8b1-1a0934c74a4a",
                    "eb4dec6c-a276-4924-8986-519b81a07770"
                ],
                [
                    "802d6fe7-c919-4fa1-97e0-cd0659b7805f",
                    "a11875db-5eff-497b-a8b1-1a0934c74a4a",
                    "eb4dec6c-a276-4924-8986-519b81a07770"
                ],
                [
                    "6119083e-34fc-4c81-85d8-dfe9ce56bb49",
                    "a11875db-5eff-497b-a8b1-1a0934c74a4a",
                    "eb4dec6c-a276-4924-8986-519b81a07770"
                ]
            ]
        },
        {
            "output_tuple": [
                "Benchmarking Database Systems A Systematic Approach."
            ],
            "tuple_id": "52d06630-d907-52e8-937a-5133fc80752c",
            "dnf": [
                [
                    "26148241-b9f9-4d68-9e25-24903da98cce",
                    "a11875db-5eff-497b-a8b1-1a0934c74a4a",
                    "3aa562a3-8f0a-4fee-8c81-df74db032011"
                ],
                [
                    "5754969b-643f-4bff-82b9-4fb983ba8846",
                    "a11875db-5eff-497b-a8b1-1a0934c74a4a",
                    "3aa562a3-8f0a-4fee-8c81-df74db032011"
                ],
                [
                    "6bbdddad-fe21-47d1-858f-6bffb2d55cda",
                    "a11875db-5eff-497b-a8b1-1a0934c74a4a",
                    "3aa562a3-8f0a-4fee-8c81-df74db032011"
                ]
            ]
        },
        {
            "output_tuple": [
                "Queries Independent of Updates."
            ],
            "tuple_id": "57a9c65e-d4f9-5d1e-9a9f-be3a266a4281",
            "dnf": [
                [
                    "dd812a37-3409-4796-9a5e-d70e05977575",
                    "a11875db-5eff-497b-a8b1-1a0934c74a4a",
                    "0c58b2ad-2455-4f7e-b466-306fbde1ad39"
                ],
                [
                    "ad3d41ed-a184-4e1f-8320-5e04fa8fa54a",
                    "a11875db-5eff-497b-a8b1-1a0934c74a4a",
                    "0c58b2ad-2455-4f7e-b466-306fbde1ad39"
                ]
            ]
        },
        {
            "output_tuple": [
                "An Evaluation of Buffer Management Strategies for Relational Database Systems."
            ],
            "tuple_id": "58e69788-b44a-5ba5-8896-04f13f94734e",
            "dnf": [
                [
                    "c9304be0-9e6d-429d-9529-d1e774b2e53e",
                    "a11875db-5eff-497b-a8b1-1a0934c74a4a",
                    "23131618-3163-439c-8f1e-8c7cb5b1552d"
                ],
                [
                    "26148241-b9f9-4d68-9e25-24903da98cce",
                    "a11875db-5eff-497b-a8b1-1a0934c74a4a",
                    "23131618-3163-439c-8f1e-8c7cb5b1552d"
                ]
            ]
        },
        {
            "output_tuple": [
                "Knowledge Discovery in Databases: An Attribute-Oriented Approach."
            ],
            "tuple_id": "5a306e0b-d9a1-526a-bd16-9d048c7ed89b",
            "dnf": [
                [
                    "bc36f074-a697-41ea-b928-e39be5f365f0",
                    "a11875db-5eff-497b-a8b1-1a0934c74a4a",
                    "ea15feeb-a8f9-403f-aec9-4617f95b42ed"
                ],
                [
                    "2f6bae31-6256-4c81-b1be-55b566ea247b",
                    "a11875db-5eff-497b-a8b1-1a0934c74a4a",
                    "ea15feeb-a8f9-403f-aec9-4617f95b42ed"
                ],
                [
                    "5b747057-6bdf-4cef-94b6-bdb9e745f420",
                    "a11875db-5eff-497b-a8b1-1a0934c74a4a",
                    "ea15feeb-a8f9-403f-aec9-4617f95b42ed"
                ]
            ]
        },
        {
            "output_tuple": [
                "BATON: A Balanced Tree Structure for Peer-to-Peer Networks."
            ],
            "tuple_id": "5b7c76d0-12f6-5434-a719-c10f6dc8d481",
            "dnf": [
                [
                    "d261464e-5a2f-46bc-bdb4-544e57e03ca8",
                    "a11875db-5eff-497b-a8b1-1a0934c74a4a",
                    "e060ffc4-4fb0-4f15-ac98-cc1481100ff5"
                ],
                [
                    "26dc358b-8b6f-4f36-a383-2e4b614135b1",
                    "a11875db-5eff-497b-a8b1-1a0934c74a4a",
                    "e060ffc4-4fb0-4f15-ac98-cc1481100ff5"
                ],
                [
                    "52b30c6e-fd89-4b8d-94df-6f8a551bf735",
                    "a11875db-5eff-497b-a8b1-1a0934c74a4a",
                    "e060ffc4-4fb0-4f15-ac98-cc1481100ff5"
                ]
            ]
        },
        {
            "output_tuple": [
                "A Formal Approach to Recovery by Compensating Transactions."
            ],
            "tuple_id": "5cf2778e-4748-56a9-af51-15ae639ed87b",
            "dnf": [
                [
                    "5d835dd7-35d1-41e3-8af1-79965be49395",
                    "a11875db-5eff-497b-a8b1-1a0934c74a4a",
                    "0bdfcefa-be29-49af-b073-f5e926e6ed2f"
                ],
                [
                    "c97de411-ae19-4046-98b2-3d49760d3c6b",
                    "a11875db-5eff-497b-a8b1-1a0934c74a4a",
                    "0bdfcefa-be29-49af-b073-f5e926e6ed2f"
                ],
                [
                    "876460ea-6dd1-4fc6-a682-92d799c1676d",
                    "a11875db-5eff-497b-a8b1-1a0934c74a4a",
                    "0bdfcefa-be29-49af-b073-f5e926e6ed2f"
                ]
            ]
        },
        {
            "output_tuple": [
                "Ode as an Active Database: Constraints and Triggers."
            ],
            "tuple_id": "5e26ad3e-807c-53a5-995c-9fe955b1ee81",
            "dnf": [
                [
                    "9ec457ce-9d27-4870-adb7-1e34bee3ca73",
                    "a11875db-5eff-497b-a8b1-1a0934c74a4a",
                    "f7fb5ead-6c93-4709-ab99-75bc027b48da"
                ],
                [
                    "52b30c6e-fd89-4b8d-94df-6f8a551bf735",
                    "a11875db-5eff-497b-a8b1-1a0934c74a4a",
                    "f7fb5ead-6c93-4709-ab99-75bc027b48da"
                ]
            ]
        },
        {
            "output_tuple": [
                "Efficient Computation of the Skyline Cube."
            ],
            "tuple_id": "64bab7d6-3265-5aa7-aadd-7348534a041e",
            "dnf": [
                [
                    "e39ec3b0-bf47-4371-9ff1-6d4920a56dc4",
                    "a11875db-5eff-497b-a8b1-1a0934c74a4a",
                    "572a9d7d-6cb4-4939-8ed6-3bb7d8372202"
                ],
                [
                    "57010891-87ea-46c7-a951-a1af7146001b",
                    "a11875db-5eff-497b-a8b1-1a0934c74a4a",
                    "572a9d7d-6cb4-4939-8ed6-3bb7d8372202"
                ],
                [
                    "e83bc3cd-c661-47ca-9533-e8655c4da9f1",
                    "a11875db-5eff-497b-a8b1-1a0934c74a4a",
                    "572a9d7d-6cb4-4939-8ed6-3bb7d8372202"
                ],
                [
                    "79978ee0-3368-4e2e-8523-757d71a739a5",
                    "a11875db-5eff-497b-a8b1-1a0934c74a4a",
                    "572a9d7d-6cb4-4939-8ed6-3bb7d8372202"
                ],
                [
                    "f8da4907-5e37-4b83-94b5-ccf7a4e7e29b",
                    "a11875db-5eff-497b-a8b1-1a0934c74a4a",
                    "572a9d7d-6cb4-4939-8ed6-3bb7d8372202"
                ]
            ]
        },
        {
            "output_tuple": [
                "Anatomy: Simple and Effective Privacy Preservation."
            ],
            "tuple_id": "66602f8e-4b0c-5c07-905e-4dfdbc684e6e",
            "dnf": [
                [
                    "22246c72-688e-41bf-b3dc-965b20d2aa0f",
                    "a11875db-5eff-497b-a8b1-1a0934c74a4a",
                    "c71a321d-db18-448d-b477-1388c665ca0e"
                ],
                [
                    "73f2d5c7-3273-4653-9db6-d48e13f9ad49",
                    "a11875db-5eff-497b-a8b1-1a0934c74a4a",
                    "c71a321d-db18-448d-b477-1388c665ca0e"
                ]
            ]
        },
        {
            "output_tuple": [
                "Deriving Production Rules for Constraint Maintainance."
            ],
            "tuple_id": "6748e3df-f06c-5649-bcea-6dd4ef3956c3",
            "dnf": [
                [
                    "4b3aa970-a28e-46dd-bdf4-0bf75569c73f",
                    "a11875db-5eff-497b-a8b1-1a0934c74a4a",
                    "5fd9280c-6561-4e07-9eff-c40499cd4665"
                ],
                [
                    "0ac12b27-64a1-4ae2-bd03-2d1ae953d23b",
                    "a11875db-5eff-497b-a8b1-1a0934c74a4a",
                    "5fd9280c-6561-4e07-9eff-c40499cd4665"
                ]
            ]
        },
        {
            "output_tuple": [
                "On Optimistic Methods for Concurrency Control."
            ],
            "tuple_id": "718eb1b1-7445-559e-aeb6-7483472ae370",
            "dnf": [
                [
                    "df22e128-52c5-4b6a-b71b-a549ca275b77",
                    "a11875db-5eff-497b-a8b1-1a0934c74a4a",
                    "b48249e1-94cf-4206-b3b3-6f3bf404f96e"
                ],
                [
                    "a93c7f5a-1348-4bfe-be82-48339e929b9b",
                    "a11875db-5eff-497b-a8b1-1a0934c74a4a",
                    "b48249e1-94cf-4206-b3b3-6f3bf404f96e"
                ]
            ]
        },
        {
            "output_tuple": [
                "Automatic Composition of Transition-based Semantic Web Services with Messaging."
            ],
            "tuple_id": "73ad20a6-7ea8-52eb-a398-41d32fe2b482",
            "dnf": [
                [
                    "b0bb915a-d46b-4835-b75c-eb6bd668a037",
                    "a11875db-5eff-497b-a8b1-1a0934c74a4a",
                    "d6cc2d79-2119-43c0-9dc2-820e2403fed9"
                ],
                [
                    "e941a9a2-23a9-420a-bc54-81bc3bbd52f0",
                    "a11875db-5eff-497b-a8b1-1a0934c74a4a",
                    "d6cc2d79-2119-43c0-9dc2-820e2403fed9"
                ],
                [
                    "fb2767ed-eb99-4a56-95cb-a4d59b4d570e",
                    "a11875db-5eff-497b-a8b1-1a0934c74a4a",
                    "d6cc2d79-2119-43c0-9dc2-820e2403fed9"
                ],
                [
                    "658cd745-1710-4dd2-81d7-f4b158188983",
                    "a11875db-5eff-497b-a8b1-1a0934c74a4a",
                    "d6cc2d79-2119-43c0-9dc2-820e2403fed9"
                ],
                [
                    "3803659e-eef8-452e-901a-1a65155fcff8",
                    "a11875db-5eff-497b-a8b1-1a0934c74a4a",
                    "d6cc2d79-2119-43c0-9dc2-820e2403fed9"
                ]
            ]
        },
        {
            "output_tuple": [
                "Composite Events for Active Databases: Semantics, Contexts and Detection."
            ],
            "tuple_id": "76d6743f-cf00-54f2-bc7c-b63336c4eb60",
            "dnf": [
                [
                    "da289de0-25bb-463b-a57b-7b9f391cfdfb",
                    "a11875db-5eff-497b-a8b1-1a0934c74a4a",
                    "663cbd39-319d-42a3-bef5-0e5e76cce640"
                ],
                [
                    "3cbfe3d1-7e79-4e62-a071-9b23a6de250f",
                    "a11875db-5eff-497b-a8b1-1a0934c74a4a",
                    "663cbd39-319d-42a3-bef5-0e5e76cce640"
                ],
                [
                    "cb27e7d0-c564-4784-a969-8bc1c99e2a9d",
                    "a11875db-5eff-497b-a8b1-1a0934c74a4a",
                    "663cbd39-319d-42a3-bef5-0e5e76cce640"
                ],
                [
                    "3e115576-948e-4fa0-b7de-5daf91f08b80",
                    "a11875db-5eff-497b-a8b1-1a0934c74a4a",
                    "663cbd39-319d-42a3-bef5-0e5e76cce640"
                ]
            ]
        },
        {
            "output_tuple": [
                "Statistical Databases: Characteristics, Problems, and some Solutions."
            ],
            "tuple_id": "79bfd6ba-c47f-56e6-837e-d95a1f0cdfdf",
            "dnf": [
                [
                    "868b93f7-4c0f-4a97-b6ac-3e18a48bdf10",
                    "a11875db-5eff-497b-a8b1-1a0934c74a4a",
                    "e8e1d913-2c96-46a1-be4a-04f202e6a57a"
                ]
            ]
        },
        {
            "output_tuple": [
                "Processing Sliding Window Multi-Joins in Continuous Queries over Data Streams."
            ],
            "tuple_id": "7d57afc3-27dc-55e5-8e59-4e32906e07b1",
            "dnf": [
                [
                    "0f589b75-8225-4be4-8604-af17c97b4f07",
                    "a11875db-5eff-497b-a8b1-1a0934c74a4a",
                    "5bf3437a-13fe-49b5-8f2a-f5c4fe38cf4c"
                ],
                [
                    "faef7d66-1944-427c-957e-6305a61c01ac",
                    "a11875db-5eff-497b-a8b1-1a0934c74a4a",
                    "5bf3437a-13fe-49b5-8f2a-f5c4fe38cf4c"
                ]
            ]
        },
        {
            "output_tuple": [
                "Object and File Management in the EXODUS Extensible Database System."
            ],
            "tuple_id": "7d682de5-6aa0-52eb-8b3d-218871326903",
            "dnf": [
                [
                    "60682dd9-8829-4e8f-8828-ae15c6428cbe",
                    "a11875db-5eff-497b-a8b1-1a0934c74a4a",
                    "15443441-97b4-458f-a361-ff388ac15cc2"
                ],
                [
                    "26148241-b9f9-4d68-9e25-24903da98cce",
                    "a11875db-5eff-497b-a8b1-1a0934c74a4a",
                    "15443441-97b4-458f-a361-ff388ac15cc2"
                ],
                [
                    "723d2e7d-d098-4076-9cfc-5572eaf305da",
                    "a11875db-5eff-497b-a8b1-1a0934c74a4a",
                    "15443441-97b4-458f-a361-ff388ac15cc2"
                ],
                [
                    "e3f7a1a6-2a3f-45c8-87fa-6489534ab7c5",
                    "a11875db-5eff-497b-a8b1-1a0934c74a4a",
                    "15443441-97b4-458f-a361-ff388ac15cc2"
                ]
            ]
        },
        {
            "output_tuple": [
                "Optimization of Nonrecursive Queries."
            ],
            "tuple_id": "7e49da06-9eb8-56ba-9e1c-562964001f79",
            "dnf": [
                [
                    "6ecc5f8d-5602-4a2f-a2cb-d9b184b230d6",
                    "a11875db-5eff-497b-a8b1-1a0934c74a4a",
                    "0618342d-5477-41b5-b261-0356168e6605"
                ],
                [
                    "5dbad6c2-7d8e-4d95-b0fe-1203bc99611e",
                    "a11875db-5eff-497b-a8b1-1a0934c74a4a",
                    "0618342d-5477-41b5-b261-0356168e6605"
                ],
                [
                    "0308c67d-2840-4493-b1fa-0fca8115ed6c",
                    "a11875db-5eff-497b-a8b1-1a0934c74a4a",
                    "0618342d-5477-41b5-b261-0356168e6605"
                ]
            ]
        },
        {
            "output_tuple": [
                "The New Casper: Query Processing for Location Services without Compromising Privacy."
            ],
            "tuple_id": "7f962074-6942-5af2-882e-bc0f02ce2801",
            "dnf": [
                [
                    "97c243f4-7bde-4ad0-8812-892b6eafabe0",
                    "a11875db-5eff-497b-a8b1-1a0934c74a4a",
                    "74787dc3-4a8a-4b27-b57f-e05d1f79ccf3"
                ],
                [
                    "81cdeff7-e514-4b4c-9b2b-fb3be06aa810",
                    "a11875db-5eff-497b-a8b1-1a0934c74a4a",
                    "74787dc3-4a8a-4b27-b57f-e05d1f79ccf3"
                ],
                [
                    "d6d573c1-5f9e-4d72-b1fc-8bd7d21445c8",
                    "a11875db-5eff-497b-a8b1-1a0934c74a4a",
                    "74787dc3-4a8a-4b27-b57f-e05d1f79ccf3"
                ]
            ]
        },
        {
            "output_tuple": [
                "Database Updates through Abduction."
            ],
            "tuple_id": "814699f9-f33d-59dd-9b2e-9da3780690ea",
            "dnf": [
                [
                    "a3280da6-d2f7-4138-9e38-f98619851738",
                    "a11875db-5eff-497b-a8b1-1a0934c74a4a",
                    "3e6ab48e-1272-40e4-9213-4af838e189c1"
                ],
                [
                    "a98cd29c-2f6e-49fb-8787-00391c96f582",
                    "a11875db-5eff-497b-a8b1-1a0934c74a4a",
                    "3e6ab48e-1272-40e4-9213-4af838e189c1"
                ]
            ]
        },
        {
            "output_tuple": [
                "Query Processing in Spatial Network Databases."
            ],
            "tuple_id": "8778ce36-58b9-595e-b20f-dec1830d0a82",
            "dnf": [
                [
                    "b99f4ee0-2f61-40a9-85bd-667ca764077e",
                    "a11875db-5eff-497b-a8b1-1a0934c74a4a",
                    "dc4f1bc2-5836-40df-8e07-300a45b98b0b"
                ],
                [
                    "d925e8cd-a5a6-46bb-bd18-f1a98a20ac5a",
                    "a11875db-5eff-497b-a8b1-1a0934c74a4a",
                    "dc4f1bc2-5836-40df-8e07-300a45b98b0b"
                ],
                [
                    "22246c72-688e-41bf-b3dc-965b20d2aa0f",
                    "a11875db-5eff-497b-a8b1-1a0934c74a4a",
                    "dc4f1bc2-5836-40df-8e07-300a45b98b0b"
                ]
            ]
        },
        {
            "output_tuple": [
                "Holistic Twig Joins on Indexed XML Documents."
            ],
            "tuple_id": "8a2daa4e-0cad-517f-8625-c60e3f631585",
            "dnf": [
                [
                    "c60f0d49-5d43-4e74-9ed8-a4b67deaa2df",
                    "a11875db-5eff-497b-a8b1-1a0934c74a4a",
                    "9547cb98-616e-4a85-acc3-8005cc9261fc"
                ],
                [
                    "e83bc3cd-c661-47ca-9533-e8655c4da9f1",
                    "a11875db-5eff-497b-a8b1-1a0934c74a4a",
                    "9547cb98-616e-4a85-acc3-8005cc9261fc"
                ],
                [
                    "d54b09ff-d8e1-4cbe-8627-2afe36a0eba5",
                    "a11875db-5eff-497b-a8b1-1a0934c74a4a",
                    "9547cb98-616e-4a85-acc3-8005cc9261fc"
                ]
            ]
        },
        {
            "output_tuple": [
                "A Transactional Model for Long-Running Activities."
            ],
            "tuple_id": "8d600258-347b-5fbb-9508-e03a426ba3cb",
            "dnf": [
                [
                    "53e7f209-2f21-4332-a151-997d38f53930",
                    "a11875db-5eff-497b-a8b1-1a0934c74a4a",
                    "18454c91-02cc-409f-9b2d-675b7e0168ab"
                ],
                [
                    "9a9628a4-2925-4081-a82f-f8e402528275",
                    "a11875db-5eff-497b-a8b1-1a0934c74a4a",
                    "18454c91-02cc-409f-9b2d-675b7e0168ab"
                ],
                [
                    "d49113d4-321f-4973-b5cd-496f5bafdb26",
                    "a11875db-5eff-497b-a8b1-1a0934c74a4a",
                    "18454c91-02cc-409f-9b2d-675b7e0168ab"
                ]
            ]
        },
        {
            "output_tuple": [
                "A Framework for Clustering Evolving Data Streams."
            ],
            "tuple_id": "96abfbf2-8ab1-5a04-a6b8-a0536426f0dc",
            "dnf": [
                [
                    "23942b72-19ee-41d6-9184-f1c697c919a2",
                    "a11875db-5eff-497b-a8b1-1a0934c74a4a",
                    "7f7b5304-8964-4f4b-b6fb-4293fcf70121"
                ],
                [
                    "2f6bae31-6256-4c81-b1be-55b566ea247b",
                    "a11875db-5eff-497b-a8b1-1a0934c74a4a",
                    "7f7b5304-8964-4f4b-b6fb-4293fcf70121"
                ],
                [
                    "57521ed7-49e7-491e-a906-d37bb4e6fc94",
                    "a11875db-5eff-497b-a8b1-1a0934c74a4a",
                    "7f7b5304-8964-4f4b-b6fb-4293fcf70121"
                ],
                [
                    "579629a2-9ec4-4a17-aa69-4ef4a59ef41d",
                    "a11875db-5eff-497b-a8b1-1a0934c74a4a",
                    "7f7b5304-8964-4f4b-b6fb-4293fcf70121"
                ]
            ]
        },
        {
            "output_tuple": [
                "Split-Transactions for Open-Ended Activities."
            ],
            "tuple_id": "a074cfe1-5133-507b-b287-0f6950622e85",
            "dnf": [
                [
                    "6e282d5d-2abd-480a-8297-c9f0d34a1f75",
                    "a11875db-5eff-497b-a8b1-1a0934c74a4a",
                    "9f0311db-62f3-469c-afac-57c2c7667e58"
                ],
                [
                    "e6030512-7f2f-4f38-9441-3bc978a98303",
                    "a11875db-5eff-497b-a8b1-1a0934c74a4a",
                    "9f0311db-62f3-469c-afac-57c2c7667e58"
                ],
                [
                    "f23c4059-ac9d-46bb-bdc6-92937ff53d45",
                    "a11875db-5eff-497b-a8b1-1a0934c74a4a",
                    "9f0311db-62f3-469c-afac-57c2c7667e58"
                ]
            ]
        },
        {
            "output_tuple": [
                "Efficient Indexing Methods for Probabilistic Threshold Queries over Uncertain Data."
            ],
            "tuple_id": "a3aaa652-5381-5c34-a6ed-ec4b572817f3",
            "dnf": [
                [
                    "906a18a0-6229-405a-b8ad-dcaa50163816",
                    "a11875db-5eff-497b-a8b1-1a0934c74a4a",
                    "da796302-e6c4-43ef-8061-c979fae7b46b"
                ],
                [
                    "e38b971c-25c2-4418-8241-27c6a80688c0",
                    "a11875db-5eff-497b-a8b1-1a0934c74a4a",
                    "da796302-e6c4-43ef-8061-c979fae7b46b"
                ],
                [
                    "2a319e85-71aa-4833-852e-bdb8f4220352",
                    "a11875db-5eff-497b-a8b1-1a0934c74a4a",
                    "da796302-e6c4-43ef-8061-c979fae7b46b"
                ],
                [
                    "cc28a9ad-f5d1-424d-b7d6-6faa7bae6a4d",
                    "a11875db-5eff-497b-a8b1-1a0934c74a4a",
                    "da796302-e6c4-43ef-8061-c979fae7b46b"
                ],
                [
                    "cf7e46e0-959c-4e8c-9728-dc8af7662c0d",
                    "a11875db-5eff-497b-a8b1-1a0934c74a4a",
                    "da796302-e6c4-43ef-8061-c979fae7b46b"
                ]
            ]
        },
        {
            "output_tuple": [
                "C-Store: A Column-oriented DBMS."
            ],
            "tuple_id": "a4132bb6-0dad-5efa-99ed-b6bc1b69c03d",
            "dnf": [
                [
                    "4f7c2189-30c7-46a9-955c-bc91d90e535b",
                    "a11875db-5eff-497b-a8b1-1a0934c74a4a",
                    "71918281-56e1-4276-848d-257faa252147"
                ],
                [
                    "9b67a11d-15e5-40c0-89c5-a93a58e73ed3",
                    "a11875db-5eff-497b-a8b1-1a0934c74a4a",
                    "71918281-56e1-4276-848d-257faa252147"
                ],
                [
                    "19fa3bd8-c9e5-40d6-bd8a-4d1ade2fc6df",
                    "a11875db-5eff-497b-a8b1-1a0934c74a4a",
                    "71918281-56e1-4276-848d-257faa252147"
                ],
                [
                    "40f6362e-a1da-4317-8b8c-5dc294f2ba63",
                    "a11875db-5eff-497b-a8b1-1a0934c74a4a",
                    "71918281-56e1-4276-848d-257faa252147"
                ],
                [
                    "6d38dfd9-a6fa-4b5a-83b3-ec630f8d65bd",
                    "a11875db-5eff-497b-a8b1-1a0934c74a4a",
                    "71918281-56e1-4276-848d-257faa252147"
                ],
                [
                    "802d6fe7-c919-4fa1-97e0-cd0659b7805f",
                    "a11875db-5eff-497b-a8b1-1a0934c74a4a",
                    "71918281-56e1-4276-848d-257faa252147"
                ],
                [
                    "49581665-1d31-44b5-801a-74782249ecb4",
                    "a11875db-5eff-497b-a8b1-1a0934c74a4a",
                    "71918281-56e1-4276-848d-257faa252147"
                ],
                [
                    "5787b8e5-bc6f-4c62-81ea-38a756bb2c1d",
                    "a11875db-5eff-497b-a8b1-1a0934c74a4a",
                    "71918281-56e1-4276-848d-257faa252147"
                ],
                [
                    "05344910-6d73-4cad-9416-1e393639e6fb",
                    "a11875db-5eff-497b-a8b1-1a0934c74a4a",
                    "71918281-56e1-4276-848d-257faa252147"
                ],
                [
                    "63680bdc-681e-4e0e-9a93-c18ea56075bb",
                    "a11875db-5eff-497b-a8b1-1a0934c74a4a",
                    "71918281-56e1-4276-848d-257faa252147"
                ],
                [
                    "7f7b083e-e70c-4ec1-92ce-057d01a5812f",
                    "a11875db-5eff-497b-a8b1-1a0934c74a4a",
                    "71918281-56e1-4276-848d-257faa252147"
                ],
                [
                    "95b387e2-d73f-445c-b19e-3458391a559e",
                    "a11875db-5eff-497b-a8b1-1a0934c74a4a",
                    "71918281-56e1-4276-848d-257faa252147"
                ],
                [
                    "40fa8d33-1078-443c-a47f-8929acae8317",
                    "a11875db-5eff-497b-a8b1-1a0934c74a4a",
                    "71918281-56e1-4276-848d-257faa252147"
                ],
                [
                    "0be7ca56-c06f-4e06-bda3-de0a78bc6497",
                    "a11875db-5eff-497b-a8b1-1a0934c74a4a",
                    "71918281-56e1-4276-848d-257faa252147"
                ]
            ]
        },
        {
            "output_tuple": [
                "A Multidatabase Transaction Model for InterBase."
            ],
            "tuple_id": "a56672f9-82df-587d-879b-3ef5c076acde",
            "dnf": [
                [
                    "b10bdf22-3c2f-4260-9bc7-4c0d4dd3fd22",
                    "a11875db-5eff-497b-a8b1-1a0934c74a4a",
                    "91fef55d-6649-44bd-9fa7-18e6cedf34fc"
                ],
                [
                    "acfa5bcf-4af4-44d6-ba37-6ea5f51b6579",
                    "a11875db-5eff-497b-a8b1-1a0934c74a4a",
                    "91fef55d-6649-44bd-9fa7-18e6cedf34fc"
                ],
                [
                    "0598ca63-fc57-4e1c-8cf6-85fc6b446df8",
                    "a11875db-5eff-497b-a8b1-1a0934c74a4a",
                    "91fef55d-6649-44bd-9fa7-18e6cedf34fc"
                ],
                [
                    "7c944438-b0fe-468b-b07e-7f3d73111d34",
                    "a11875db-5eff-497b-a8b1-1a0934c74a4a",
                    "91fef55d-6649-44bd-9fa7-18e6cedf34fc"
                ]
            ]
        },
        {
            "output_tuple": [
                "Of Nests and Trees: A Unified Approach to Processing Queries That Contain Nested Subqueries, Aggregates, and Quantifiers."
            ],
            "tuple_id": "a5fce05d-8a88-558f-895c-d204a0884207",
            "dnf": [
                [
                    "d49113d4-321f-4973-b5cd-496f5bafdb26",
                    "a11875db-5eff-497b-a8b1-1a0934c74a4a",
                    "212658a2-f626-4bd5-8231-549d9f78b7e9"
                ]
            ]
        },
        {
            "output_tuple": [
                "Supporting Top-k Join Queries in Relational Databases."
            ],
            "tuple_id": "a75a9b73-ad27-5b6e-a5a2-e94295a7430a",
            "dnf": [
                [
                    "b10bdf22-3c2f-4260-9bc7-4c0d4dd3fd22",
                    "a11875db-5eff-497b-a8b1-1a0934c74a4a",
                    "fd1280c2-45ad-403f-97dd-ccd19a72aef9"
                ],
                [
                    "81cdeff7-e514-4b4c-9b2b-fb3be06aa810",
                    "a11875db-5eff-497b-a8b1-1a0934c74a4a",
                    "fd1280c2-45ad-403f-97dd-ccd19a72aef9"
                ],
                [
                    "c296969c-899e-4f7d-ad26-95dffe524722",
                    "a11875db-5eff-497b-a8b1-1a0934c74a4a",
                    "fd1280c2-45ad-403f-97dd-ccd19a72aef9"
                ]
            ]
        },
        {
            "output_tuple": [
                "The Design of the POSTGRES Storage System."
            ],
            "tuple_id": "a7f4415d-694f-53f3-811f-863962767850",
            "dnf": [
                [
                    "19fa3bd8-c9e5-40d6-bd8a-4d1ade2fc6df",
                    "a11875db-5eff-497b-a8b1-1a0934c74a4a",
                    "39313308-2e0c-4075-9800-a5fbae209e97"
                ]
            ]
        },
        {
            "output_tuple": [
                "Updating Derived Relations: Detecting Irrelevant and Autonomously Computable Updates."
            ],
            "tuple_id": "a884d0b8-4c94-5e6e-8131-e631a04ab0e9",
            "dnf": [
                [
                    "d9c5c86a-58f4-4453-886f-220eb5fdb2a6",
                    "a11875db-5eff-497b-a8b1-1a0934c74a4a",
                    "965a4552-0bbd-499e-bdc5-89ef34a5cd3f"
                ],
                [
                    "99614b30-1524-4ac5-a71c-0546b83bd32e",
                    "a11875db-5eff-497b-a8b1-1a0934c74a4a",
                    "965a4552-0bbd-499e-bdc5-89ef34a5cd3f"
                ],
                [
                    "ddd1cfa5-1e7a-4314-ba38-1d9949d80838",
                    "a11875db-5eff-497b-a8b1-1a0934c74a4a",
                    "965a4552-0bbd-499e-bdc5-89ef34a5cd3f"
                ]
            ]
        },
        {
            "output_tuple": [
                "Efficient Query Evaluation on Probabilistic Databases."
            ],
            "tuple_id": "ab1784c7-5716-50e2-b9c0-8f15d8b937df",
            "dnf": [
                [
                    "313ad5fe-3c34-4b2e-ac6b-1580b6d960f6",
                    "a11875db-5eff-497b-a8b1-1a0934c74a4a",
                    "6bf11878-11d8-470f-a426-dae8b4a4addf"
                ],
                [
                    "b655b5b4-f374-48fb-bb20-4ee731e38cea",
                    "a11875db-5eff-497b-a8b1-1a0934c74a4a",
                    "6bf11878-11d8-470f-a426-dae8b4a4addf"
                ]
            ]
        },
        {
            "output_tuple": [
                "The Transaction Concept: Virtues and Limitations (Invited Paper)."
            ],
            "tuple_id": "ae49ccd5-3c9d-5ac7-9165-6f0380e1abf3",
            "dnf": [
                [
                    "51408155-cd7b-4fde-9140-678d59f2643b",
                    "a11875db-5eff-497b-a8b1-1a0934c74a4a",
                    "3dcf567d-824f-4730-b627-0bb3903ddeb4"
                ]
            ]
        },
        {
            "output_tuple": [
                "Querying the Internet with PIER."
            ],
            "tuple_id": "b540a669-f451-5f70-8b72-5c2d9b4bb83c",
            "dnf": [
                [
                    "41df71b5-6dce-4afd-92ec-e96f56bdb815",
                    "a11875db-5eff-497b-a8b1-1a0934c74a4a",
                    "ba9c2619-84d9-4d86-9743-28e38076d1d1"
                ],
                [
                    "3a1c0c9b-730e-4fb8-b0ee-6769a2fcd22d",
                    "a11875db-5eff-497b-a8b1-1a0934c74a4a",
                    "ba9c2619-84d9-4d86-9743-28e38076d1d1"
                ],
                [
                    "0287994c-3e30-4a4e-92fc-a18b1c7c1a72",
                    "a11875db-5eff-497b-a8b1-1a0934c74a4a",
                    "ba9c2619-84d9-4d86-9743-28e38076d1d1"
                ],
                [
                    "c06e87fe-eeb3-4d6b-91d1-7b92384ba7f9",
                    "a11875db-5eff-497b-a8b1-1a0934c74a4a",
                    "ba9c2619-84d9-4d86-9743-28e38076d1d1"
                ],
                [
                    "2ae61df3-b7c9-43b8-8305-8039a1abd4f0",
                    "a11875db-5eff-497b-a8b1-1a0934c74a4a",
                    "ba9c2619-84d9-4d86-9743-28e38076d1d1"
                ],
                [
                    "648c8011-5ec4-4dc2-9752-a0ad045eb02c",
                    "a11875db-5eff-497b-a8b1-1a0934c74a4a",
                    "ba9c2619-84d9-4d86-9743-28e38076d1d1"
                ]
            ]
        },
        {
            "output_tuple": [
                "A Sophisticate's Introduction to Database Normalization Theory."
            ],
            "tuple_id": "b8ebfa71-98fa-5140-aabf-c0c9ad9c5d9b",
            "dnf": [
                [
                    "67fb3bb6-abee-4d88-9534-e5ae73bbc3e6",
                    "a11875db-5eff-497b-a8b1-1a0934c74a4a",
                    "a62388b3-a91c-4e40-a258-c64dac9cb966"
                ],
                [
                    "20a97f64-4135-4bbd-9742-cafe586ce3d5",
                    "a11875db-5eff-497b-a8b1-1a0934c74a4a",
                    "a62388b3-a91c-4e40-a258-c64dac9cb966"
                ],
                [
                    "50a9bc8f-cbc9-4834-ad2e-30818fe15cc2",
                    "a11875db-5eff-497b-a8b1-1a0934c74a4a",
                    "a62388b3-a91c-4e40-a258-c64dac9cb966"
                ]
            ]
        },
        {
            "output_tuple": [
                "The Theory of Probabilistic Databases."
            ],
            "tuple_id": "baca1090-9b4b-5851-80ad-fef89c6710fe",
            "dnf": [
                [
                    "3425bca9-1ed0-46a7-b042-15f480d7b1f7",
                    "a11875db-5eff-497b-a8b1-1a0934c74a4a",
                    "d02f9b09-7dec-400b-99d4-45b8695420df"
                ],
                [
                    "4fdfd38c-59c1-4c2a-8c8d-b28fca0675fc",
                    "a11875db-5eff-497b-a8b1-1a0934c74a4a",
                    "d02f9b09-7dec-400b-99d4-45b8695420df"
                ]
            ]
        },
        {
            "output_tuple": [
                "Combating Web Spam with TrustRank."
            ],
            "tuple_id": "bbe55a37-ba12-5ed8-b698-580f1b33cdfe",
            "dnf": [
                [
                    "d9eb3ddf-6908-4836-92b1-f2c9a1cc63dc",
                    "a11875db-5eff-497b-a8b1-1a0934c74a4a",
                    "db763b47-b482-4d20-bdbd-f731c99d78d8"
                ],
                [
                    "6700aa5c-6bf0-430b-bc0a-51714c8471aa",
                    "a11875db-5eff-497b-a8b1-1a0934c74a4a",
                    "db763b47-b482-4d20-bdbd-f731c99d78d8"
                ],
                [
                    "96f94750-3e1a-477a-8828-74a0fdd1e2cd",
                    "a11875db-5eff-497b-a8b1-1a0934c74a4a",
                    "db763b47-b482-4d20-bdbd-f731c99d78d8"
                ]
            ]
        },
        {
            "output_tuple": [
                "Voronoi-Based K Nearest Neighbor Search for Spatial Network Databases."
            ],
            "tuple_id": "c61bbd4e-34d4-553a-bf3b-deb520a86af0",
            "dnf": [
                [
                    "22915e52-868b-47a0-a427-4338a0268d6d",
                    "a11875db-5eff-497b-a8b1-1a0934c74a4a",
                    "69cfd5e2-0472-414a-a944-bf0e9ce8aab8"
                ],
                [
                    "1c96d786-1002-4b54-96f7-2c777312b967",
                    "a11875db-5eff-497b-a8b1-1a0934c74a4a",
                    "69cfd5e2-0472-414a-a944-bf0e9ce8aab8"
                ]
            ]
        },
        {
            "output_tuple": [
                "An Interval Classifier for Database Mining Applications."
            ],
            "tuple_id": "c8d90484-0b1d-52c7-89d6-910b994ac4e8",
            "dnf": [
                [
                    "d89c2af7-f4a8-48f3-ab4c-6ce0216a2b2a",
                    "a11875db-5eff-497b-a8b1-1a0934c74a4a",
                    "6b6a0aba-5fa9-44fb-a892-89059ff34ff8"
                ],
                [
                    "2f87838b-afa3-414a-b1de-0553f008ca60",
                    "a11875db-5eff-497b-a8b1-1a0934c74a4a",
                    "6b6a0aba-5fa9-44fb-a892-89059ff34ff8"
                ],
                [
                    "058dba98-c4dc-4822-8e72-d69fb3c1b704",
                    "a11875db-5eff-497b-a8b1-1a0934c74a4a",
                    "6b6a0aba-5fa9-44fb-a892-89059ff34ff8"
                ],
                [
                    "a92fe9cc-edfd-426f-85cb-93b1a4ae78ba",
                    "a11875db-5eff-497b-a8b1-1a0934c74a4a",
                    "6b6a0aba-5fa9-44fb-a892-89059ff34ff8"
                ],
                [
                    "950d7976-6373-46d4-9887-0fe6464cc99e",
                    "a11875db-5eff-497b-a8b1-1a0934c74a4a",
                    "6b6a0aba-5fa9-44fb-a892-89059ff34ff8"
                ]
            ]
        },
        {
            "output_tuple": [
                "Algorithms for Acyclic Database Schemes."
            ],
            "tuple_id": "cfb16d83-efe3-5cd3-9f65-9aa968831ffd",
            "dnf": [
                [
                    "e9f5daf0-437c-4517-9fb2-3ea4c2a1f7e1",
                    "a11875db-5eff-497b-a8b1-1a0934c74a4a",
                    "4b9363fb-f552-4d49-baee-a44cef309603"
                ]
            ]
        },
        {
            "output_tuple": [
                "Multiprocessor Hash-Based Join Algorithms."
            ],
            "tuple_id": "d22299ed-8fd0-59fa-bb41-d9abfd4a9965",
            "dnf": [
                [
                    "26148241-b9f9-4d68-9e25-24903da98cce",
                    "a11875db-5eff-497b-a8b1-1a0934c74a4a",
                    "ecf1794b-7293-44d5-a8f6-45476d5df9ce"
                ],
                [
                    "e127d59b-5508-4a47-881a-f1f26bed5650",
                    "a11875db-5eff-497b-a8b1-1a0934c74a4a",
                    "ecf1794b-7293-44d5-a8f6-45476d5df9ce"
                ]
            ]
        },
        {
            "output_tuple": [
                "Simlarity Search for Web Services."
            ],
            "tuple_id": "d5269f5d-b452-5cb4-95d1-49a3061e6a5a",
            "dnf": [
                [
                    "69067f03-49b6-4b10-aebf-3590652b4ea3",
                    "a11875db-5eff-497b-a8b1-1a0934c74a4a",
                    "992fe69f-5629-48b3-99c5-101eac7e0168"
                ],
                [
                    "fa6dbac6-5c1d-41d3-a58f-50b833ef8fd7",
                    "a11875db-5eff-497b-a8b1-1a0934c74a4a",
                    "992fe69f-5629-48b3-99c5-101eac7e0168"
                ],
                [
                    "03a6e88f-35f5-4a89-9568-bba64673bea3",
                    "a11875db-5eff-497b-a8b1-1a0934c74a4a",
                    "992fe69f-5629-48b3-99c5-101eac7e0168"
                ],
                [
                    "ad3d41ed-a184-4e1f-8320-5e04fa8fa54a",
                    "a11875db-5eff-497b-a8b1-1a0934c74a4a",
                    "992fe69f-5629-48b3-99c5-101eac7e0168"
                ],
                [
                    "f6f04ea6-bfeb-4699-a693-4b184801e799",
                    "a11875db-5eff-497b-a8b1-1a0934c74a4a",
                    "992fe69f-5629-48b3-99c5-101eac7e0168"
                ]
            ]
        },
        {
            "output_tuple": [
                "Finding Regular Simple Paths in Graph Databases."
            ],
            "tuple_id": "d61dbcf1-41de-5e56-8261-4a9fe2f6aa4e",
            "dnf": [
                [
                    "77aa5007-3e39-402e-82d6-1e7f9acf0d10",
                    "a11875db-5eff-497b-a8b1-1a0934c74a4a",
                    "32fc467c-1abd-4755-9c03-f542e0b51c20"
                ],
                [
                    "83350bb0-b809-418a-9fa7-960e5bcb8714",
                    "a11875db-5eff-497b-a8b1-1a0934c74a4a",
                    "32fc467c-1abd-4755-9c03-f542e0b51c20"
                ]
            ]
        },
        {
            "output_tuple": [
                "Maximal Vector Computation in Large Data Sets."
            ],
            "tuple_id": "d7f7489a-6644-599c-89cf-1f1697076402",
            "dnf": [
                [
                    "2bd2a31d-dd6d-4506-ac76-70384e0b908c",
                    "a11875db-5eff-497b-a8b1-1a0934c74a4a",
                    "6ec06edd-ca74-43e8-bf73-1ac71f867ebb"
                ],
                [
                    "149a39aa-020e-4c96-887a-79a965bb045f",
                    "a11875db-5eff-497b-a8b1-1a0934c74a4a",
                    "6ec06edd-ca74-43e8-bf73-1ac71f867ebb"
                ],
                [
                    "7d0b611c-1e02-4d07-850c-89799e324292",
                    "a11875db-5eff-497b-a8b1-1a0934c74a4a",
                    "6ec06edd-ca74-43e8-bf73-1ac71f867ebb"
                ]
            ]
        },
        {
            "output_tuple": [
                "Indexing Multi-Dimensional Uncertain Data with Arbitrary Probability Density Functions."
            ],
            "tuple_id": "d87d3e38-1fe6-57dd-93a5-a82d2ff05273",
            "dnf": [
                [
                    "22246c72-688e-41bf-b3dc-965b20d2aa0f",
                    "a11875db-5eff-497b-a8b1-1a0934c74a4a",
                    "a9e8b4aa-3b44-4d82-a046-f5de50aaba22"
                ],
                [
                    "73f2d5c7-3273-4653-9db6-d48e13f9ad49",
                    "a11875db-5eff-497b-a8b1-1a0934c74a4a",
                    "a9e8b4aa-3b44-4d82-a046-f5de50aaba22"
                ],
                [
                    "906a18a0-6229-405a-b8ad-dcaa50163816",
                    "a11875db-5eff-497b-a8b1-1a0934c74a4a",
                    "a9e8b4aa-3b44-4d82-a046-f5de50aaba22"
                ],
                [
                    "4a31b1f3-1078-4f98-a436-9f6e4b903ce4",
                    "a11875db-5eff-497b-a8b1-1a0934c74a4a",
                    "a9e8b4aa-3b44-4d82-a046-f5de50aaba22"
                ],
                [
                    "96d5efc7-2f42-4fa5-a0cd-3de1b9bfa066",
                    "a11875db-5eff-497b-a8b1-1a0934c74a4a",
                    "a9e8b4aa-3b44-4d82-a046-f5de50aaba22"
                ],
                [
                    "cc28a9ad-f5d1-424d-b7d6-6faa7bae6a4d",
                    "a11875db-5eff-497b-a8b1-1a0934c74a4a",
                    "a9e8b4aa-3b44-4d82-a046-f5de50aaba22"
                ]
            ]
        },
        {
            "output_tuple": [
                "A Model of Queries for Object-Oriented Databases."
            ],
            "tuple_id": "d8c7b405-d259-5934-b2e8-294be72875f4",
            "dnf": [
                [
                    "e3eeb3da-8fbc-4f40-829f-72a51fb3f214",
                    "a11875db-5eff-497b-a8b1-1a0934c74a4a",
                    "7cdc2988-621f-45fa-8349-d5d164fb7602"
                ]
            ]
        },
        {
            "output_tuple": [
                "Detecting Change in Data Streams."
            ],
            "tuple_id": "dfba1f70-3108-5258-adf8-d6211e8ec835",
            "dnf": [
                [
                    "9cfc19ac-9fd4-4342-91fd-483e4d5d53b5",
                    "a11875db-5eff-497b-a8b1-1a0934c74a4a",
                    "cb6c691f-f66f-4058-a980-5d7fe65bd634"
                ],
                [
                    "150e733c-ec2d-4f09-b8c5-40ab59220d24",
                    "a11875db-5eff-497b-a8b1-1a0934c74a4a",
                    "cb6c691f-f66f-4058-a980-5d7fe65bd634"
                ],
                [
                    "ba5477f9-15f8-4e3a-b104-5aad4c93a20d",
                    "a11875db-5eff-497b-a8b1-1a0934c74a4a",
                    "cb6c691f-f66f-4058-a980-5d7fe65bd634"
                ]
            ]
        },
        {
            "output_tuple": [
                "Hashing Methods and Relational Algebra Operations."
            ],
            "tuple_id": "e5e64e58-fbe5-59e7-a61d-ed9753c942cb",
            "dnf": [
                [
                    "4746af42-ea47-47f1-9f1d-4e1266924a70",
                    "a11875db-5eff-497b-a8b1-1a0934c74a4a",
                    "6fb13326-c19f-47cc-a455-c75c7a75e8b5"
                ]
            ]
        },
        {
            "output_tuple": [
                "Composite Event Specification in Active Databases: Model & Implementation."
            ],
            "tuple_id": "e6fd6e58-47ae-5fba-87ab-fecf2bb46254",
            "dnf": [
                [
                    "51a275cc-7d41-472b-a7cd-ddec64a84d62",
                    "a11875db-5eff-497b-a8b1-1a0934c74a4a",
                    "953df5b3-9b0a-435d-a177-1e065ebddb57"
                ],
                [
                    "52b30c6e-fd89-4b8d-94df-6f8a551bf735",
                    "a11875db-5eff-497b-a8b1-1a0934c74a4a",
                    "953df5b3-9b0a-435d-a177-1e065ebddb57"
                ],
                [
                    "9ec457ce-9d27-4870-adb7-1e34bee3ca73",
                    "a11875db-5eff-497b-a8b1-1a0934c74a4a",
                    "953df5b3-9b0a-435d-a177-1e065ebddb57"
                ]
            ]
        },
        {
            "output_tuple": [
                "Linear Hashing: A New Tool for File and Table Addressing."
            ],
            "tuple_id": "ea149f2c-bb32-50b8-b802-5edd719b6699",
            "dnf": [
                [
                    "acfa5bcf-4af4-44d6-ba37-6ea5f51b6579",
                    "a11875db-5eff-497b-a8b1-1a0934c74a4a",
                    "ecacff8c-2374-43fa-8c32-6cbaa1368cc7"
                ]
            ]
        },
        {
            "output_tuple": [
                "Scheduling Real-time Transactions: a Performance Evaluation."
            ],
            "tuple_id": "eac1acf7-bf7c-5ad4-9a2b-24b1c3b51dd8",
            "dnf": [
                [
                    "6700aa5c-6bf0-430b-bc0a-51714c8471aa",
                    "a11875db-5eff-497b-a8b1-1a0934c74a4a",
                    "d110d332-e4d4-4a27-a53a-27c2f7c99309"
                ],
                [
                    "57baf31c-ed74-4b29-9cce-fd782e69d4c5",
                    "a11875db-5eff-497b-a8b1-1a0934c74a4a",
                    "d110d332-e4d4-4a27-a53a-27c2f7c99309"
                ]
            ]
        },
        {
            "output_tuple": [
                "Efficient and Effective Clustering Methods for Spatial Data Mining."
            ],
            "tuple_id": "edd7860f-eac3-5d8c-8f55-c0088de95693",
            "dnf": [
                [
                    "2f6bae31-6256-4c81-b1be-55b566ea247b",
                    "a11875db-5eff-497b-a8b1-1a0934c74a4a",
                    "d05e9a76-560e-42c8-9498-ea1398e02f7e"
                ],
                [
                    "1e8dc2ee-afcd-46b1-87c3-3c6a03c78802",
                    "a11875db-5eff-497b-a8b1-1a0934c74a4a",
                    "d05e9a76-560e-42c8-9498-ea1398e02f7e"
                ]
            ]
        },
        {
            "output_tuple": [
                "Multiview: A Methodology for Supporting Multiple Views in Object-Oriented Databases."
            ],
            "tuple_id": "f0c36a6a-cf01-5608-a45a-9a60d8400243",
            "dnf": [
                [
                    "9a247b84-fd19-4fe4-b60c-05174e39c793",
                    "a11875db-5eff-497b-a8b1-1a0934c74a4a",
                    "0946e59a-eb3c-4ad3-8101-db3890e78ab5"
                ]
            ]
        },
        {
            "output_tuple": [
                "2Q: A Low Overhead High Performance Buffer Management Replacement Algorithm."
            ],
            "tuple_id": "f2c97319-4bbc-5359-91c8-68dad52868ea",
            "dnf": [
                [
                    "51f35da1-4812-4f8e-b6a1-26b19ebdca84",
                    "a11875db-5eff-497b-a8b1-1a0934c74a4a",
                    "5dcae700-9f05-4700-89d8-9f6668cae41f"
                ],
                [
                    "2e2f2055-4799-4946-be7b-9ef8dc8ae607",
                    "a11875db-5eff-497b-a8b1-1a0934c74a4a",
                    "5dcae700-9f05-4700-89d8-9f6668cae41f"
                ]
            ]
        }
    ]
}