{
    "query_name": "20a_author_name",
    "query_sql": "SELECT \n    author.name\nFROM \n    author, conference, publication, writes\nWHERE\n    conference.name = 'VLDB' \n    AND (publication.year < 1995 or publication.year > 2002 ) \n    AND publication.citation_count > 100\n    AND author.aid = writes.aid \n    AND conference.cid = publication.cid \n    AND publication.pid = writes.pid\nGROUP BY \n    author.name",
    "results": [
        {
            "output_tuple": [
                "Antonis C. Kakas"
            ],
            "tuple_id": "01c804e3-c0d4-5bb0-ba10-cce375c6b877",
            "dnf": [
                [
                    "431ced36-2dae-409e-aaf8-58582796d0a8",
                    "9bc5c00d-19c6-4954-a9ba-14b56feaccef",
                    "b3cfbc42-b7d6-48be-b022-c6b36fd34cb3"
                ]
            ]
        },
        {
            "output_tuple": [
                "Shashank Pandit"
            ],
            "tuple_id": "033c4dcf-6a93-50ac-9a71-9d5d1302bbe4",
            "dnf": [
                [
                    "3ecb87c2-d7cb-4334-a02d-74f4bf6b4a87",
                    "9bc5c00d-19c6-4954-a9ba-14b56feaccef",
                    "61818672-3bfa-400d-81d5-f8519b8eb16b"
                ]
            ]
        },
        {
            "output_tuple": [
                "Michael Pittarelli"
            ],
            "tuple_id": "05688f94-888f-500a-8f04-5784d0f0ac3e",
            "dnf": [
                [
                    "86b7c8f3-3f61-4405-af52-8a6c261ba7fc",
                    "9bc5c00d-19c6-4954-a9ba-14b56feaccef",
                    "70aac574-ca50-421a-916b-e2d91e30c1f9"
                ]
            ]
        },
        {
            "output_tuple": [
                "Qing Zhang"
            ],
            "tuple_id": "084abc0c-1e60-5df5-9fc6-866e45410da6",
            "dnf": [
                [
                    "3b5e105c-4f12-44a5-95c8-cb54cc08c68b",
                    "9bc5c00d-19c6-4954-a9ba-14b56feaccef",
                    "4649bd19-9004-481c-a212-a8ab39356c9c"
                ]
            ]
        },
        {
            "output_tuple": [
                "Balakrishna R. Iyer"
            ],
            "tuple_id": "08796af8-4a14-55cd-9c6a-ab5d2a3d693d",
            "dnf": [
                [
                    "1cf5b732-0bb6-4a6a-a8dd-54a38a4db6ef",
                    "9bc5c00d-19c6-4954-a9ba-14b56feaccef",
                    "5f20ed44-9d96-44d9-afe8-93a5c3e6c89b"
                ]
            ]
        },
        {
            "output_tuple": [
                "Dimitris Papadias"
            ],
            "tuple_id": "096fb383-4670-5111-9695-7fb96176f5ba",
            "dnf": [
                [
                    "3ed24a13-0266-48f9-9daa-3f50a1b4d43d",
                    "9bc5c00d-19c6-4954-a9ba-14b56feaccef",
                    "3a212f5d-1b32-4b01-a287-b5d98950982d"
                ],
                [
                    "3ed24a13-0266-48f9-9daa-3f50a1b4d43d",
                    "9bc5c00d-19c6-4954-a9ba-14b56feaccef",
                    "6905dd2e-98b5-4caa-bebc-bfef9516cfae"
                ]
            ]
        },
        {
            "output_tuple": [
                "Umeshwar Dayal"
            ],
            "tuple_id": "0cf5881d-8e15-5407-97b3-888c3c4b3c24",
            "dnf": [
                [
                    "5baf416d-cc1d-4467-9819-4cab5228d3e2",
                    "9bc5c00d-19c6-4954-a9ba-14b56feaccef",
                    "b03d329c-5817-41ba-a957-295961e29825"
                ],
                [
                    "5baf416d-cc1d-4467-9819-4cab5228d3e2",
                    "9bc5c00d-19c6-4954-a9ba-14b56feaccef",
                    "f6dbef5c-ceec-42b5-9c35-2e5b7ac51bca"
                ]
            ]
        },
        {
            "output_tuple": [
                "Won Kim"
            ],
            "tuple_id": "0fdf8755-2a2c-5ef5-b593-902f58fea832",
            "dnf": [
                [
                    "6376e936-50a0-49f4-b509-7f9520af18e0",
                    "9bc5c00d-19c6-4954-a9ba-14b56feaccef",
                    "9eee0499-323a-4bba-8284-4c43872db6d4"
                ]
            ]
        },
        {
            "output_tuple": [
                "Jonathan Mamou"
            ],
            "tuple_id": "0ff57a8d-494d-5f1d-8370-415a8fc2b093",
            "dnf": [
                [
                    "8797db7f-a9a3-467b-8baf-2cd522f492a9",
                    "9bc5c00d-19c6-4954-a9ba-14b56feaccef",
                    "59ed072f-a30e-4af8-8fcb-6fe670b0ba5d"
                ]
            ]
        },
        {
            "output_tuple": [
                "Alon Y. Halevy"
            ],
            "tuple_id": "10713088-041e-5c34-9ddd-79c66351f2e0",
            "dnf": [
                [
                    "190703c8-9961-464b-b80a-881c09e96743",
                    "9bc5c00d-19c6-4954-a9ba-14b56feaccef",
                    "ba32a14f-151c-4eec-9d32-b7a98d92a2ea"
                ],
                [
                    "190703c8-9961-464b-b80a-881c09e96743",
                    "9bc5c00d-19c6-4954-a9ba-14b56feaccef",
                    "c7e0bed2-ddba-451d-a5b4-7873c664acaf"
                ],
                [
                    "190703c8-9961-464b-b80a-881c09e96743",
                    "9bc5c00d-19c6-4954-a9ba-14b56feaccef",
                    "7b0fc30a-cb1b-4d86-a0c5-5c3123b25a1f"
                ],
                [
                    "190703c8-9961-464b-b80a-881c09e96743",
                    "9bc5c00d-19c6-4954-a9ba-14b56feaccef",
                    "5d0379e4-28da-4310-af74-5f18f2d2a1b3"
                ]
            ]
        },
        {
            "output_tuple": [
                "Joel E. Richardson"
            ],
            "tuple_id": "11ccac64-d687-5a83-a299-f4a4dc89cc65",
            "dnf": [
                [
                    "df585a59-7adc-4453-b869-151ac220ff1f",
                    "9bc5c00d-19c6-4954-a9ba-14b56feaccef",
                    "6f6a7c3c-4ee8-4142-9eb0-3aebdc5e29f5"
                ]
            ]
        },
        {
            "output_tuple": [
                "Richard Hull"
            ],
            "tuple_id": "148ebc0b-6a0f-5241-988f-5a4df73c0950",
            "dnf": [
                [
                    "c66fbd75-600d-4c8b-9222-928e69b4fb88",
                    "9bc5c00d-19c6-4954-a9ba-14b56feaccef",
                    "9ad62391-bea1-4c75-89ba-2d9a1286610e"
                ]
            ]
        },
        {
            "output_tuple": [
                "Jan O. Pedersen"
            ],
            "tuple_id": "149ca4da-5648-5032-b51b-47cf94d04046",
            "dnf": [
                [
                    "dccda08a-9df2-4e8b-933c-9c3fe30352be",
                    "9bc5c00d-19c6-4954-a9ba-14b56feaccef",
                    "51c241a1-98d8-4c6f-b708-174479106b39"
                ]
            ]
        },
        {
            "output_tuple": [
                "Xiaokui Xiao"
            ],
            "tuple_id": "16248173-9e5d-5cac-a30b-3149ad76f6ec",
            "dnf": [
                [
                    "0f553117-da4c-45a6-865e-669934b5b442",
                    "9bc5c00d-19c6-4954-a9ba-14b56feaccef",
                    "b8c185d4-f3f5-4b11-859c-8316060cd6a1"
                ],
                [
                    "0f553117-da4c-45a6-865e-669934b5b442",
                    "9bc5c00d-19c6-4954-a9ba-14b56feaccef",
                    "5321d895-c021-4b8c-af04-cc10d8e52f57"
                ]
            ]
        },
        {
            "output_tuple": [
                "Meichun Hsu"
            ],
            "tuple_id": "165acf19-e685-5006-87aa-f53315c76b53",
            "dnf": [
                [
                    "f0d74b98-6705-408c-8c9a-bb2ec0cebc52",
                    "9bc5c00d-19c6-4954-a9ba-14b56feaccef",
                    "f6dbef5c-ceec-42b5-9c35-2e5b7ac51bca"
                ]
            ]
        },
        {
            "output_tuple": [
                "Peter T. Wood"
            ],
            "tuple_id": "17b3c25f-1ff3-5962-bd7e-55a7ccd3fa76",
            "dnf": [
                [
                    "aaf3e8e5-b214-4389-a445-367abdcecea4",
                    "9bc5c00d-19c6-4954-a9ba-14b56feaccef",
                    "4f910311-1c21-4182-8584-16332f086410"
                ]
            ]
        },
        {
            "output_tuple": [
                "Robert H. Gerber"
            ],
            "tuple_id": "18833676-3be3-5014-9eb2-4fa2fe51e8d2",
            "dnf": [
                [
                    "51482344-6cf8-44f9-9c4d-2f61cf53413c",
                    "9bc5c00d-19c6-4954-a9ba-14b56feaccef",
                    "0be94585-02d5-43bc-b791-6dff9ed2a882"
                ],
                [
                    "51482344-6cf8-44f9-9c4d-2f61cf53413c",
                    "9bc5c00d-19c6-4954-a9ba-14b56feaccef",
                    "a2878be9-6464-4b3b-a097-4e92a2bca004"
                ]
            ]
        },
        {
            "output_tuple": [
                "H. V. Jagadish"
            ],
            "tuple_id": "18dce62a-3ee2-5c3b-b154-e78e4635b88f",
            "dnf": [
                [
                    "6a488b6b-8288-45d6-939d-6e7238d9a1c4",
                    "9bc5c00d-19c6-4954-a9ba-14b56feaccef",
                    "254c287b-3a1c-444d-9bb8-5eb8c4755486"
                ],
                [
                    "6a488b6b-8288-45d6-939d-6e7238d9a1c4",
                    "9bc5c00d-19c6-4954-a9ba-14b56feaccef",
                    "cf9fb7a0-ceb1-4477-a571-9e127e6df346"
                ],
                [
                    "6a488b6b-8288-45d6-939d-6e7238d9a1c4",
                    "9bc5c00d-19c6-4954-a9ba-14b56feaccef",
                    "99d83351-b323-4e71-8fc3-1e0f28a1eb99"
                ],
                [
                    "6a488b6b-8288-45d6-939d-6e7238d9a1c4",
                    "9bc5c00d-19c6-4954-a9ba-14b56feaccef",
                    "c6a46bb9-13b9-47da-83b3-1ee81f51bb88"
                ]
            ]
        },
        {
            "output_tuple": [
                "Dan Suciu"
            ],
            "tuple_id": "1b87c535-c308-5f89-950c-5beb1e9b3d2c",
            "dnf": [
                [
                    "13d7792e-8d42-4737-a4bc-1a2a4ccc39b5",
                    "9bc5c00d-19c6-4954-a9ba-14b56feaccef",
                    "115b66ab-d965-4324-bfb8-8a828da76e96"
                ],
                [
                    "13d7792e-8d42-4737-a4bc-1a2a4ccc39b5",
                    "9bc5c00d-19c6-4954-a9ba-14b56feaccef",
                    "d8ca8153-5012-49b2-a892-3b1a5c0c1d5b"
                ]
            ]
        },
        {
            "output_tuple": [
                "Parke Godfrey"
            ],
            "tuple_id": "1c475762-4546-514c-85aa-fbe17e00268b",
            "dnf": [
                [
                    "a513a975-447a-4a1f-9ae5-dd32c6aff8ce",
                    "9bc5c00d-19c6-4954-a9ba-14b56feaccef",
                    "599086d4-3ffd-4981-865c-deb0662dc47f"
                ]
            ]
        },
        {
            "output_tuple": [
                "Jarek Gryz"
            ],
            "tuple_id": "1e0cbc21-5a20-52a5-a904-2d1dbcd09546",
            "dnf": [
                [
                    "5d598493-8a7d-4714-84a3-1fdc69031890",
                    "9bc5c00d-19c6-4954-a9ba-14b56feaccef",
                    "599086d4-3ffd-4981-865c-deb0662dc47f"
                ]
            ]
        },
        {
            "output_tuple": [
                "Sakti P. Ghosh"
            ],
            "tuple_id": "1e19cbef-6e4b-52c5-b4cb-e63418e56e7f",
            "dnf": [
                [
                    "d175644b-a390-45a4-8174-c91ad2774754",
                    "9bc5c00d-19c6-4954-a9ba-14b56feaccef",
                    "5f20ed44-9d96-44d9-afe8-93a5c3e6c89b"
                ]
            ]
        },
        {
            "output_tuple": [
                "Calton Pu"
            ],
            "tuple_id": "2474f41a-1225-5c41-ae9f-352f69e3b0a1",
            "dnf": [
                [
                    "edc24b9a-f26c-4e36-b16f-997f32b1d4d7",
                    "9bc5c00d-19c6-4954-a9ba-14b56feaccef",
                    "87fd149c-4803-4404-9e95-c0d309af4288"
                ]
            ]
        },
        {
            "output_tuple": [
                "Joseph M. Hellerstein"
            ],
            "tuple_id": "2a457b35-ead0-5f78-89da-f8f1aaaf6f30",
            "dnf": [
                [
                    "cccba3d2-7ace-4dca-9881-bf8a8839c1ec",
                    "9bc5c00d-19c6-4954-a9ba-14b56feaccef",
                    "98b15bc0-c23d-45ca-a5f3-2123a8864aab"
                ],
                [
                    "cccba3d2-7ace-4dca-9881-bf8a8839c1ec",
                    "9bc5c00d-19c6-4954-a9ba-14b56feaccef",
                    "0b7ca39c-817a-4015-9232-1e14766e97d0"
                ]
            ]
        },
        {
            "output_tuple": [
                "Nick Cercone"
            ],
            "tuple_id": "2bd0e434-1163-5ed3-aa0f-36b148a736ac",
            "dnf": [
                [
                    "143b28c8-94f6-47d5-9b57-af4bbe35ef4a",
                    "9bc5c00d-19c6-4954-a9ba-14b56feaccef",
                    "f62fffd6-0aea-4733-8d81-ad5413bc6ccb"
                ]
            ]
        },
        {
            "output_tuple": [
                "V. Krishnaprasad"
            ],
            "tuple_id": "2c2ad3fe-4ad2-5cda-9c6c-895f35526d0c",
            "dnf": [
                [
                    "4d36d4ed-d9fd-4779-b1e9-a194d755656e",
                    "9bc5c00d-19c6-4954-a9ba-14b56feaccef",
                    "beb66fe3-9f16-40d5-894c-380b14cc8dfb"
                ]
            ]
        },
        {
            "output_tuple": [
                "Krishna B. Kumar"
            ],
            "tuple_id": "2c54baad-f32a-55ca-a94e-83232262e64b",
            "dnf": [
                [
                    "d8dcb5a8-009c-401e-9d89-49c097dbd72b",
                    "9bc5c00d-19c6-4954-a9ba-14b56feaccef",
                    "0be94585-02d5-43bc-b791-6dff9ed2a882"
                ]
            ]
        },
        {
            "output_tuple": [
                "Haifeng Jiang"
            ],
            "tuple_id": "2d22b5ba-9cdc-5a71-8337-db94d76e41f8",
            "dnf": [
                [
                    "b475ebcf-9540-406c-9cf3-02a345bbca09",
                    "9bc5c00d-19c6-4954-a9ba-14b56feaccef",
                    "ca56b63b-ba8f-4d3f-b551-4e358e53a51b"
                ]
            ]
        },
        {
            "output_tuple": [
                "Sharma Chakravarthy"
            ],
            "tuple_id": "2d61907e-1679-5e4d-8adb-ba52256aee72",
            "dnf": [
                [
                    "48b4115b-c570-44cf-9364-0af83b2cd6f9",
                    "9bc5c00d-19c6-4954-a9ba-14b56feaccef",
                    "beb66fe3-9f16-40d5-894c-380b14cc8dfb"
                ]
            ]
        },
        {
            "output_tuple": [
                "Jeffrey Xu Yu"
            ],
            "tuple_id": "2e9bb910-b64c-54a8-8c2e-f9ae47e5c529",
            "dnf": [
                [
                    "bd63f52a-84e8-47f9-8e2f-7bb7b4543a88",
                    "9bc5c00d-19c6-4954-a9ba-14b56feaccef",
                    "ca56b63b-ba8f-4d3f-b551-4e358e53a51b"
                ],
                [
                    "bd63f52a-84e8-47f9-8e2f-7bb7b4543a88",
                    "9bc5c00d-19c6-4954-a9ba-14b56feaccef",
                    "4649bd19-9004-481c-a212-a8ab39356c9c"
                ]
            ]
        },
        {
            "output_tuple": [
                "Yaron Kanza"
            ],
            "tuple_id": "3007a702-d5cf-5322-bb17-c80c0a6da9e3",
            "dnf": [
                [
                    "d2d7dd20-317b-4191-8922-d3ecb13f18ae",
                    "9bc5c00d-19c6-4954-a9ba-14b56feaccef",
                    "59ed072f-a30e-4af8-8fcb-6fe670b0ba5d"
                ]
            ]
        },
        {
            "output_tuple": [
                "Hrishikesh Karambelkar"
            ],
            "tuple_id": "346b08ba-3a7f-5ff2-bb2e-bbe39f45ab60",
            "dnf": [
                [
                    "eb335d00-64ac-4254-bed0-e15e75f5d1f5",
                    "9bc5c00d-19c6-4954-a9ba-14b56feaccef",
                    "61818672-3bfa-400d-81d5-f8519b8eb16b"
                ]
            ]
        },
        {
            "output_tuple": [
                "Stefano Ceri"
            ],
            "tuple_id": "34709d5d-3f49-55b1-a928-92361bb5b310",
            "dnf": [
                [
                    "49e60085-dbdb-44fa-8664-8ecb0646f380",
                    "9bc5c00d-19c6-4954-a9ba-14b56feaccef",
                    "4d641691-5162-45fd-8062-b18e7cc6a11c"
                ],
                [
                    "49e60085-dbdb-44fa-8664-8ecb0646f380",
                    "9bc5c00d-19c6-4954-a9ba-14b56feaccef",
                    "7cfc0bea-2505-4a31-af50-8c835d5685b9"
                ]
            ]
        },
        {
            "output_tuple": [
                "Nick Roussopoulos"
            ],
            "tuple_id": "351f75f7-0010-598b-8f3a-dd0d3f2d1129",
            "dnf": [
                [
                    "276b77a9-e365-46ae-aa08-d2f4b25eb809",
                    "9bc5c00d-19c6-4954-a9ba-14b56feaccef",
                    "54769ccb-8cfd-4dbb-8691-f3ab1c52bc6e"
                ]
            ]
        },
        {
            "output_tuple": [
                "Johannes Gehrke"
            ],
            "tuple_id": "35fcc601-0b24-5708-be8f-8c6550f6f323",
            "dnf": [
                [
                    "e83bba64-dccc-4da9-aa03-f42df92d069e",
                    "9bc5c00d-19c6-4954-a9ba-14b56feaccef",
                    "e9b3e7ba-d22e-4832-b966-9d50f28e66ad"
                ]
            ]
        },
        {
            "output_tuple": [
                "Ryan Shipley"
            ],
            "tuple_id": "36829f70-4e7b-5588-8622-a65edecf4a11",
            "dnf": [
                [
                    "d90a69c5-491a-4c43-9d95-97cf1bcd329d",
                    "9bc5c00d-19c6-4954-a9ba-14b56feaccef",
                    "599086d4-3ffd-4981-865c-deb0662dc47f"
                ]
            ]
        },
        {
            "output_tuple": [
                "Eliezer Levy"
            ],
            "tuple_id": "37704a4c-7521-53cf-ad1a-d4cd5db3f137",
            "dnf": [
                [
                    "8f23e689-326d-4dc1-965c-dae2f4b7d712",
                    "9bc5c00d-19c6-4954-a9ba-14b56feaccef",
                    "2b572df0-d9f9-416d-81ea-6a35a8ebc8dd"
                ]
            ]
        },
        {
            "output_tuple": [
                "S.-K. Kim"
            ],
            "tuple_id": "37a13081-9402-5e92-9ac8-72dae350a129",
            "dnf": [
                [
                    "32c3f277-43be-4701-91ba-5d630446a426",
                    "9bc5c00d-19c6-4954-a9ba-14b56feaccef",
                    "beb66fe3-9f16-40d5-894c-380b14cc8dfb"
                ]
            ]
        },
        {
            "output_tuple": [
                "Vagelis Hristidis"
            ],
            "tuple_id": "380c74dd-a968-5ef7-a88b-666259a3b898",
            "dnf": [
                [
                    "dd9abe20-97a8-4fb2-b898-d627e03e2112",
                    "9bc5c00d-19c6-4954-a9ba-14b56feaccef",
                    "77cfe618-18a6-469c-88e7-b79cded795fa"
                ],
                [
                    "dd9abe20-97a8-4fb2-b898-d627e03e2112",
                    "9bc5c00d-19c6-4954-a9ba-14b56feaccef",
                    "a7d4b5c7-6bbe-4d85-961b-5e40e1c0e32f"
                ]
            ]
        },
        {
            "output_tuple": [
                "Hongjun Lu"
            ],
            "tuple_id": "38372d2f-20b6-573d-a14f-7924025a8762",
            "dnf": [
                [
                    "013fffc9-f7f1-4c63-b502-e491ccb3e1c9",
                    "9bc5c00d-19c6-4954-a9ba-14b56feaccef",
                    "ca56b63b-ba8f-4d3f-b551-4e358e53a51b"
                ]
            ]
        },
        {
            "output_tuple": [
                "Jose A. Blakeley"
            ],
            "tuple_id": "387afc60-db63-52d9-8011-75c94514bc9d",
            "dnf": [
                [
                    "d563cf50-83be-4c74-b5e1-c9daa33125f1",
                    "9bc5c00d-19c6-4954-a9ba-14b56feaccef",
                    "29b996ac-2a1e-4e7d-b730-23e275c6b9d6"
                ]
            ]
        },
        {
            "output_tuple": [
                "Catriel Beeri"
            ],
            "tuple_id": "39ca8fa7-8db5-595d-b25f-a723e4f9dafd",
            "dnf": [
                [
                    "27b3361f-5fb9-43d5-827d-92cbc2929ed6",
                    "9bc5c00d-19c6-4954-a9ba-14b56feaccef",
                    "a53b29a8-07f1-4df4-a8bc-b4b330491743"
                ]
            ]
        },
        {
            "output_tuple": [
                "Yidong Yuan"
            ],
            "tuple_id": "3a09da29-7412-56ba-9518-830b0d89930b",
            "dnf": [
                [
                    "d22e4f7e-239e-4953-b942-a3d1d4a8079a",
                    "9bc5c00d-19c6-4954-a9ba-14b56feaccef",
                    "4649bd19-9004-481c-a212-a8ab39356c9c"
                ]
            ]
        },
        {
            "output_tuple": [
                "Goetz Graefe"
            ],
            "tuple_id": "3ac99464-52c0-5d9d-b066-10dae8e1cffd",
            "dnf": [
                [
                    "14d4113e-5c3e-4e73-acc6-cc548b04d4a4",
                    "9bc5c00d-19c6-4954-a9ba-14b56feaccef",
                    "0be94585-02d5-43bc-b791-6dff9ed2a882"
                ]
            ]
        },
        {
            "output_tuple": [
                "Jun Zhang"
            ],
            "tuple_id": "3b16caac-cf73-59c2-8268-8229876167ed",
            "dnf": [
                [
                    "169fc301-a902-4f75-8245-2f34c5e6688f",
                    "9bc5c00d-19c6-4954-a9ba-14b56feaccef",
                    "ba32a14f-151c-4eec-9d32-b7a98d92a2ea"
                ]
            ]
        },
        {
            "output_tuple": [
                "Quang Hieu Vu"
            ],
            "tuple_id": "3bc13c89-84a6-5416-8095-7acede66ebb7",
            "dnf": [
                [
                    "0a56d484-5169-4ae0-9f1e-cdb6901f4a95",
                    "9bc5c00d-19c6-4954-a9ba-14b56feaccef",
                    "cf9fb7a0-ceb1-4477-a571-9e127e6df346"
                ]
            ]
        },
        {
            "output_tuple": [
                "H. T. Kung"
            ],
            "tuple_id": "3e96261b-4a8a-578a-a869-6d6cae4d65fc",
            "dnf": [
                [
                    "b8a9d0b8-7f48-4217-8c39-edaacc677dcc",
                    "9bc5c00d-19c6-4954-a9ba-14b56feaccef",
                    "e645180c-9d74-45c1-9b60-5d76959ea529"
                ]
            ]
        },
        {
            "output_tuple": [
                "Zoltan Gyongyi"
            ],
            "tuple_id": "3e96bf81-69f5-543f-a942-7a70728e494c",
            "dnf": [
                [
                    "e0ab39bb-5be5-4180-a0f4-34501d9c67ae",
                    "9bc5c00d-19c6-4954-a9ba-14b56feaccef",
                    "51c241a1-98d8-4c6f-b708-174479106b39"
                ]
            ]
        },
        {
            "output_tuple": [
                "Henry F. Korth"
            ],
            "tuple_id": "432b15db-d7bb-511c-b415-ad6e9db27d9b",
            "dnf": [
                [
                    "a563b8d6-cf64-430a-be71-f28a10c4e053",
                    "9bc5c00d-19c6-4954-a9ba-14b56feaccef",
                    "2b572df0-d9f9-416d-81ea-6a35a8ebc8dd"
                ]
            ]
        },
        {
            "output_tuple": [
                "Haran Boral"
            ],
            "tuple_id": "46bdb0c5-1f37-59b8-a40b-5ce8af4a453b",
            "dnf": [
                [
                    "83e33861-b54f-47a6-9e8c-1fb99e1646e3",
                    "9bc5c00d-19c6-4954-a9ba-14b56feaccef",
                    "e240df4a-57dc-4d76-a940-27e569d677ce"
                ]
            ]
        },
        {
            "output_tuple": [
                "Diego Calvanese"
            ],
            "tuple_id": "47057698-73b8-50dd-8df7-82543a552fa6",
            "dnf": [
                [
                    "d0510dad-0f2d-4ae8-a77f-08460d172e9d",
                    "9bc5c00d-19c6-4954-a9ba-14b56feaccef",
                    "9ad62391-bea1-4c75-89ba-2d9a1286610e"
                ]
            ]
        },
        {
            "output_tuple": [
                "Mitch Cherniack"
            ],
            "tuple_id": "47164d4d-6ac7-5ce1-9824-6e7984f6fbf6",
            "dnf": [
                [
                    "02cd2e21-0b58-45e5-bdbb-8051c0d29304",
                    "9bc5c00d-19c6-4954-a9ba-14b56feaccef",
                    "db26618e-2893-4523-a107-034efa53b0ac"
                ],
                [
                    "02cd2e21-0b58-45e5-bdbb-8051c0d29304",
                    "9bc5c00d-19c6-4954-a9ba-14b56feaccef",
                    "1f9a5b6e-0b8e-40d0-88e6-eb11272fb0bc"
                ]
            ]
        },
        {
            "output_tuple": [
                "David J. DeWitt"
            ],
            "tuple_id": "47aced20-c933-5576-b0d3-0db2a4669a0a",
            "dnf": [
                [
                    "90b42b44-f2ba-4512-9ca6-d35861c8716c",
                    "9bc5c00d-19c6-4954-a9ba-14b56feaccef",
                    "cab97483-7f7c-4748-ac1a-354cba22890e"
                ],
                [
                    "90b42b44-f2ba-4512-9ca6-d35861c8716c",
                    "9bc5c00d-19c6-4954-a9ba-14b56feaccef",
                    "e81347cd-d389-4371-b2e2-117e14501012"
                ],
                [
                    "90b42b44-f2ba-4512-9ca6-d35861c8716c",
                    "9bc5c00d-19c6-4954-a9ba-14b56feaccef",
                    "a2878be9-6464-4b3b-a097-4e92a2bca004"
                ],
                [
                    "90b42b44-f2ba-4512-9ca6-d35861c8716c",
                    "9bc5c00d-19c6-4954-a9ba-14b56feaccef",
                    "6f6a7c3c-4ee8-4142-9eb0-3aebdc5e29f5"
                ],
                [
                    "90b42b44-f2ba-4512-9ca6-d35861c8716c",
                    "9bc5c00d-19c6-4954-a9ba-14b56feaccef",
                    "0be94585-02d5-43bc-b791-6dff9ed2a882"
                ],
                [
                    "90b42b44-f2ba-4512-9ca6-d35861c8716c",
                    "9bc5c00d-19c6-4954-a9ba-14b56feaccef",
                    "fa952892-14e9-4827-b200-fde7ccb9f8e5"
                ]
            ]
        },
        {
            "output_tuple": [
                "Nga Tran"
            ],
            "tuple_id": "4c31069d-a942-543f-a765-c7eff83d003c",
            "dnf": [
                [
                    "c50bda0f-1510-48e8-a9ec-a68e67e0c779",
                    "9bc5c00d-19c6-4954-a9ba-14b56feaccef",
                    "db26618e-2893-4523-a107-034efa53b0ac"
                ]
            ]
        },
        {
            "output_tuple": [
                "Gerome Miklau"
            ],
            "tuple_id": "4d14f19d-496a-574f-9ddf-ffdc279283a7",
            "dnf": [
                [
                    "965b2dc4-fa7c-4984-8174-a53456925e68",
                    "9bc5c00d-19c6-4954-a9ba-14b56feaccef",
                    "d8ca8153-5012-49b2-a892-3b1a5c0c1d5b"
                ]
            ]
        },
        {
            "output_tuple": [
                "Soumen Chakrabarti"
            ],
            "tuple_id": "4d586aac-f84f-58aa-b75c-8bd3b6e9f2f9",
            "dnf": [
                [
                    "304aa6fa-dc9a-4b29-a632-8c7793c61b30",
                    "9bc5c00d-19c6-4954-a9ba-14b56feaccef",
                    "61818672-3bfa-400d-81d5-f8519b8eb16b"
                ]
            ]
        },
        {
            "output_tuple": [
                "Boon Thau Loo"
            ],
            "tuple_id": "50fd1e85-42cd-5521-8b2e-85a8f2d94d4f",
            "dnf": [
                [
                    "7beae1d3-b0fc-4f61-9e6f-b49e5f984bb8",
                    "9bc5c00d-19c6-4954-a9ba-14b56feaccef",
                    "98b15bc0-c23d-45ca-a5f3-2123a8864aab"
                ]
            ]
        },
        {
            "output_tuple": [
                "Theodore Johnson"
            ],
            "tuple_id": "510a883b-a869-5f19-9112-c2a8198ed64d",
            "dnf": [
                [
                    "c1e19ebe-e1a7-448e-8d10-83bdab4272c0",
                    "9bc5c00d-19c6-4954-a9ba-14b56feaccef",
                    "524a6d54-581c-463a-bbf6-667656d15187"
                ]
            ]
        },
        {
            "output_tuple": [
                "Anish Das Sarma"
            ],
            "tuple_id": "514a1ed5-efcb-5f5b-bd4f-72adfa02637e",
            "dnf": [
                [
                    "88e38994-3c05-4715-9c64-dc40014b4eb0",
                    "9bc5c00d-19c6-4954-a9ba-14b56feaccef",
                    "5d0379e4-28da-4310-af74-5f18f2d2a1b3"
                ]
            ]
        },
        {
            "output_tuple": [
                "Oded Shmueli"
            ],
            "tuple_id": "51fa702b-58a6-513c-a933-7b3c3999fd7d",
            "dnf": [
                [
                    "2a7b5e8d-e416-4a17-9881-063622159690",
                    "9bc5c00d-19c6-4954-a9ba-14b56feaccef",
                    "c6a46bb9-13b9-47da-83b3-1ee81f51bb88"
                ]
            ]
        },
        {
            "output_tuple": [
                "Ion Stoica"
            ],
            "tuple_id": "5209a918-e450-5f36-8322-8fe4670907ee",
            "dnf": [
                [
                    "18c3c457-cc61-4ffb-938b-0c76f1ed2123",
                    "9bc5c00d-19c6-4954-a9ba-14b56feaccef",
                    "98b15bc0-c23d-45ca-a5f3-2123a8864aab"
                ]
            ]
        },
        {
            "output_tuple": [
                "Jiawei Han"
            ],
            "tuple_id": "5276fdf0-8594-52f7-ae68-6b6ebd4ff865",
            "dnf": [
                [
                    "45ec0e9a-9300-4fbe-a9c1-c2efc7b56eb6",
                    "9bc5c00d-19c6-4954-a9ba-14b56feaccef",
                    "14e651e1-6329-46ad-aa6d-e3b854725224"
                ],
                [
                    "45ec0e9a-9300-4fbe-a9c1-c2efc7b56eb6",
                    "9bc5c00d-19c6-4954-a9ba-14b56feaccef",
                    "f62fffd6-0aea-4733-8d81-ad5413bc6ccb"
                ],
                [
                    "45ec0e9a-9300-4fbe-a9c1-c2efc7b56eb6",
                    "9bc5c00d-19c6-4954-a9ba-14b56feaccef",
                    "f4674f80-95dd-4963-9fba-5cf254d41560"
                ]
            ]
        },
        {
            "output_tuple": [
                "Norman C. Hutchinson"
            ],
            "tuple_id": "528721ee-cead-51d0-858b-e83758c21584",
            "dnf": [
                [
                    "92d9f54a-fb4c-4f69-a8ac-331722af2720",
                    "9bc5c00d-19c6-4954-a9ba-14b56feaccef",
                    "87fd149c-4803-4404-9e95-c0d309af4288"
                ]
            ]
        },
        {
            "output_tuple": [
                "Robert K. Abbott"
            ],
            "tuple_id": "52eff538-f489-5c3d-bd61-91aeaf03e9d0",
            "dnf": [
                [
                    "2b08cd94-ad2d-4762-917b-d151dc35c021",
                    "9bc5c00d-19c6-4954-a9ba-14b56feaccef",
                    "685b2567-7a5d-44c7-b150-4124c8ea28a0"
                ]
            ]
        },
        {
            "output_tuple": [
                "Beng Chin Ooi"
            ],
            "tuple_id": "5803ebfc-47f3-531a-8ab0-3fa6ed16a9aa",
            "dnf": [
                [
                    "7ff293ff-aebb-4635-8b47-f4814608db78",
                    "9bc5c00d-19c6-4954-a9ba-14b56feaccef",
                    "cf9fb7a0-ceb1-4477-a571-9e127e6df346"
                ]
            ]
        },
        {
            "output_tuple": [
                "Massimo Mecella"
            ],
            "tuple_id": "58dc87aa-2aea-5d33-8402-03843b648cee",
            "dnf": [
                [
                    "ac3b8e0d-d14f-4955-a598-32f77d239237",
                    "9bc5c00d-19c6-4954-a9ba-14b56feaccef",
                    "9ad62391-bea1-4c75-89ba-2d9a1286610e"
                ]
            ]
        },
        {
            "output_tuple": [
                "Carlos Guestrin"
            ],
            "tuple_id": "59e674d8-598c-5974-b2aa-42c9a2a9e8e2",
            "dnf": [
                [
                    "f08f58fd-5b51-43db-b611-c3c88cf33468",
                    "9bc5c00d-19c6-4954-a9ba-14b56feaccef",
                    "0b7ca39c-817a-4015-9232-1e14766e97d0"
                ]
            ]
        },
        {
            "output_tuple": [
                "Andrey Balmin"
            ],
            "tuple_id": "5a4794d9-160e-5680-a2e6-b032ede40162",
            "dnf": [
                [
                    "540e9360-5a89-4718-af20-145debd8931b",
                    "9bc5c00d-19c6-4954-a9ba-14b56feaccef",
                    "a7d4b5c7-6bbe-4d85-961b-5e40e1c0e32f"
                ]
            ]
        },
        {
            "output_tuple": [
                "Yannis Papakonstantinou"
            ],
            "tuple_id": "5a69a43e-7d3d-5683-ac03-0ee78ed52b96",
            "dnf": [
                [
                    "4e252524-13ef-4c22-a20e-c99cccb36134",
                    "9bc5c00d-19c6-4954-a9ba-14b56feaccef",
                    "77cfe618-18a6-469c-88e7-b79cded795fa"
                ],
                [
                    "4e252524-13ef-4c22-a20e-c99cccb36134",
                    "9bc5c00d-19c6-4954-a9ba-14b56feaccef",
                    "a7d4b5c7-6bbe-4d85-961b-5e40e1c0e32f"
                ]
            ]
        },
        {
            "output_tuple": [
                "Qing Liu"
            ],
            "tuple_id": "5aafaa55-8e40-58d2-afd4-7ddfd1a3a3c8",
            "dnf": [
                [
                    "cae639fc-d5a0-4526-b63b-5350ba01f63c",
                    "9bc5c00d-19c6-4954-a9ba-14b56feaccef",
                    "4649bd19-9004-481c-a212-a8ab39356c9c"
                ]
            ]
        },
        {
            "output_tuple": [
                "Cong Yu"
            ],
            "tuple_id": "5bab32b0-cadb-55e6-9da7-b7546bd83e4f",
            "dnf": [
                [
                    "d66dcefe-bc2c-4313-a2cc-b4424f7edf9b",
                    "9bc5c00d-19c6-4954-a9ba-14b56feaccef",
                    "99d83351-b323-4e71-8fc3-1e0f28a1eb99"
                ]
            ]
        },
        {
            "output_tuple": [
                "Amerson Lin"
            ],
            "tuple_id": "5ec5ed12-7055-510f-a001-38296ccd608a",
            "dnf": [
                [
                    "4da05d15-cd58-4e3d-8597-dccc79a2b613",
                    "9bc5c00d-19c6-4954-a9ba-14b56feaccef",
                    "db26618e-2893-4523-a107-034efa53b0ac"
                ]
            ]
        },
        {
            "output_tuple": [
                "Timos K. Sellis"
            ],
            "tuple_id": "60048e0f-6258-541b-8eeb-873ca90571cf",
            "dnf": [
                [
                    "c957c95a-2f3c-46aa-85e5-b842c8d5b620",
                    "9bc5c00d-19c6-4954-a9ba-14b56feaccef",
                    "54769ccb-8cfd-4dbb-8691-f3ab1c52bc6e"
                ]
            ]
        },
        {
            "output_tuple": [
                "Edmond Lau"
            ],
            "tuple_id": "61645fec-07d9-5627-b2df-d35ee4e0b725",
            "dnf": [
                [
                    "c99ed443-9c54-4fbf-9af3-9e1047c04b70",
                    "9bc5c00d-19c6-4954-a9ba-14b56feaccef",
                    "db26618e-2893-4523-a107-034efa53b0ac"
                ]
            ]
        },
        {
            "output_tuple": [
                "Cyrus Shahabi"
            ],
            "tuple_id": "62375345-bd6a-570f-a091-595983ef3f5a",
            "dnf": [
                [
                    "b86cd66c-3a28-4e8d-8ec0-eb3b1791c315",
                    "9bc5c00d-19c6-4954-a9ba-14b56feaccef",
                    "0c6ba9bd-848c-4a3f-9eef-ae7293defe6b"
                ]
            ]
        },
        {
            "output_tuple": [
                "Jeffrey F. Naughton"
            ],
            "tuple_id": "64229135-7243-5624-9319-938777144d7f",
            "dnf": [
                [
                    "cb4577bc-9a94-4407-b97c-15eb107c944b",
                    "9bc5c00d-19c6-4954-a9ba-14b56feaccef",
                    "fa952892-14e9-4827-b200-fde7ccb9f8e5"
                ]
            ]
        },
        {
            "output_tuple": [
                "Elizabeth J. O'Neil"
            ],
            "tuple_id": "65cbc405-a824-5b6b-9bfb-5f4b7f676bd9",
            "dnf": [
                [
                    "de1da926-bb55-46be-8217-d73af56cd42b",
                    "9bc5c00d-19c6-4954-a9ba-14b56feaccef",
                    "db26618e-2893-4523-a107-034efa53b0ac"
                ]
            ]
        },
        {
            "output_tuple": [
                "Sara Cohen"
            ],
            "tuple_id": "673331df-262d-58b8-b115-7c15a86c5e4f",
            "dnf": [
                [
                    "91f0b7a4-c16a-4ab7-b0f7-aa45e7cac56f",
                    "9bc5c00d-19c6-4954-a9ba-14b56feaccef",
                    "59ed072f-a30e-4af8-8fcb-6fe670b0ba5d"
                ]
            ]
        },
        {
            "output_tuple": [
                "Xuedong Chen"
            ],
            "tuple_id": "687cc423-1911-5078-846e-7ba3989a126c",
            "dnf": [
                [
                    "5bdd5b9c-f996-4afd-90c8-85dafdf979d7",
                    "9bc5c00d-19c6-4954-a9ba-14b56feaccef",
                    "db26618e-2893-4523-a107-034efa53b0ac"
                ]
            ]
        },
        {
            "output_tuple": [
                "S. Seshadri"
            ],
            "tuple_id": "68fc9efc-25c0-58c9-813a-d6974316e752",
            "dnf": [
                [
                    "0b832b68-eec1-49c9-a133-65ab4eebbd9e",
                    "9bc5c00d-19c6-4954-a9ba-14b56feaccef",
                    "fa952892-14e9-4827-b200-fde7ccb9f8e5"
                ]
            ]
        },
        {
            "output_tuple": [
                "Mohamed F. Mokbel"
            ],
            "tuple_id": "69c0c256-dbb6-54ce-a7be-a12cb942f4eb",
            "dnf": [
                [
                    "3a8d0a63-ca43-4c64-a5b0-b69b2e39ff7a",
                    "9bc5c00d-19c6-4954-a9ba-14b56feaccef",
                    "a116f432-bd6c-45d1-9b9c-144886201775"
                ]
            ]
        },
        {
            "output_tuple": [
                "Marek Rusinkiewicz"
            ],
            "tuple_id": "6b3d235b-1d0c-5bb0-b87f-4d5fc62e3c5e",
            "dnf": [
                [
                    "56ca822b-b9d8-40d9-a154-697931d0c9bc",
                    "9bc5c00d-19c6-4954-a9ba-14b56feaccef",
                    "7043b24b-5ea6-4307-8bca-c6b989090122"
                ]
            ]
        },
        {
            "output_tuple": [
                "Per-Ake Larson"
            ],
            "tuple_id": "6dde24b4-5a50-5e06-96e7-5bcb54bb2e31",
            "dnf": [
                [
                    "c01eef1f-aee5-41c9-ae06-5b0f483ffd37",
                    "9bc5c00d-19c6-4954-a9ba-14b56feaccef",
                    "29b996ac-2a1e-4e7d-b730-23e275c6b9d6"
                ]
            ]
        },
        {
            "output_tuple": [
                "M. Muralikrishna"
            ],
            "tuple_id": "6eb9df33-f53a-51c1-8e03-3f810c26f867",
            "dnf": [
                [
                    "00206752-05ac-4131-8afb-98c3f32af41f",
                    "9bc5c00d-19c6-4954-a9ba-14b56feaccef",
                    "0be94585-02d5-43bc-b791-6dff9ed2a882"
                ]
            ]
        },
        {
            "output_tuple": [
                "Kjell Bratbergsengen"
            ],
            "tuple_id": "75848eeb-6bce-5d74-94ff-f69e219db3cf",
            "dnf": [
                [
                    "fbab0821-785c-4a49-b037-4f3fe1fb95f1",
                    "9bc5c00d-19c6-4954-a9ba-14b56feaccef",
                    "c899f09f-2c90-4128-9ae1-697f3bdc65d9"
                ]
            ]
        },
        {
            "output_tuple": [
                "Carolyn Turbyfill"
            ],
            "tuple_id": "75f667b6-a29f-5a08-9b67-1a8dca9621f8",
            "dnf": [
                [
                    "197fc56a-7e55-4db5-b5b8-8783040b6df6",
                    "9bc5c00d-19c6-4954-a9ba-14b56feaccef",
                    "cab97483-7f7c-4748-ac1a-354cba22890e"
                ]
            ]
        },
        {
            "output_tuple": [
                "Varun Kacholia"
            ],
            "tuple_id": "765e33cf-6455-5bf8-9f12-d93a89e954dd",
            "dnf": [
                [
                    "81a0dd53-d532-49f7-9079-b4e428342d23",
                    "9bc5c00d-19c6-4954-a9ba-14b56feaccef",
                    "61818672-3bfa-400d-81d5-f8519b8eb16b"
                ]
            ]
        },
        {
            "output_tuple": [
                "Jimeng Sun"
            ],
            "tuple_id": "769ad221-d5f6-5471-ad00-81935a44d06e",
            "dnf": [
                [
                    "b825aa5f-209d-4caf-82c5-74abf09cc7fb",
                    "9bc5c00d-19c6-4954-a9ba-14b56feaccef",
                    "6905dd2e-98b5-4caa-bebc-bfef9516cfae"
                ]
            ]
        },
        {
            "output_tuple": [
                "Ihab F. Ilyas"
            ],
            "tuple_id": "76cca698-b12a-54e2-8b2f-606302287f4a",
            "dnf": [
                [
                    "ded4889d-1429-47dc-9939-6538e651f2c5",
                    "9bc5c00d-19c6-4954-a9ba-14b56feaccef",
                    "3ad84f4d-42e0-4058-9da9-70a5c2820613"
                ]
            ]
        },
        {
            "output_tuple": [
                "Reynold Cheng"
            ],
            "tuple_id": "79c9c662-a824-5496-a931-e7360f163943",
            "dnf": [
                [
                    "06dd51f5-e30e-499e-be78-bb3212e1ec9a",
                    "9bc5c00d-19c6-4954-a9ba-14b56feaccef",
                    "8c4207fd-1f3c-4c17-aee9-6e58b3fb1176"
                ],
                [
                    "06dd51f5-e30e-499e-be78-bb3212e1ec9a",
                    "9bc5c00d-19c6-4954-a9ba-14b56feaccef",
                    "5321d895-c021-4b8c-af04-cc10d8e52f57"
                ]
            ]
        },
        {
            "output_tuple": [
                "Wang Kay Ngai"
            ],
            "tuple_id": "7c0c83ed-56a4-5e78-a4bc-01053f4120d5",
            "dnf": [
                [
                    "feeb4cbe-a2bb-44e6-997b-bef9856d7a2d",
                    "9bc5c00d-19c6-4954-a9ba-14b56feaccef",
                    "5321d895-c021-4b8c-af04-cc10d8e52f57"
                ]
            ]
        },
        {
            "output_tuple": [
                "Stanley B. Zdonik"
            ],
            "tuple_id": "7c931066-24be-5aa6-a675-f54d31e961ee",
            "dnf": [
                [
                    "29864a09-3717-402c-8e5c-2d32293878ee",
                    "9bc5c00d-19c6-4954-a9ba-14b56feaccef",
                    "1f9a5b6e-0b8e-40d0-88e6-eb11272fb0bc"
                ],
                [
                    "29864a09-3717-402c-8e5c-2d32293878ee",
                    "9bc5c00d-19c6-4954-a9ba-14b56feaccef",
                    "db26618e-2893-4523-a107-034efa53b0ac"
                ]
            ]
        },
        {
            "output_tuple": [
                "Narain H. Gehani"
            ],
            "tuple_id": "7caedd94-c92d-5f4b-8f2c-3fd4cbed4d85",
            "dnf": [
                [
                    "2bbf5a9d-7e7d-475c-93d6-e825dbbc2a8d",
                    "9bc5c00d-19c6-4954-a9ba-14b56feaccef",
                    "c6a46bb9-13b9-47da-83b3-1ee81f51bb88"
                ],
                [
                    "2bbf5a9d-7e7d-475c-93d6-e825dbbc2a8d",
                    "9bc5c00d-19c6-4954-a9ba-14b56feaccef",
                    "254c287b-3a1c-444d-9bb8-5eb8c4755486"
                ]
            ]
        },
        {
            "output_tuple": [
                "Daniel J. Abadi"
            ],
            "tuple_id": "7cbbdfba-5ec1-5242-bb72-c8926ddaed32",
            "dnf": [
                [
                    "fcb22e04-a244-4961-950f-d439992b2446",
                    "9bc5c00d-19c6-4954-a9ba-14b56feaccef",
                    "db26618e-2893-4523-a107-034efa53b0ac"
                ]
            ]
        },
        {
            "output_tuple": [
                "Yufei Tao"
            ],
            "tuple_id": "7d98c5ef-4e6b-5b9f-a250-e9392f5b8880",
            "dnf": [
                [
                    "cc88a3d7-0b74-4c82-81df-c2fa69f7f037",
                    "9bc5c00d-19c6-4954-a9ba-14b56feaccef",
                    "b8c185d4-f3f5-4b11-859c-8316060cd6a1"
                ],
                [
                    "cc88a3d7-0b74-4c82-81df-c2fa69f7f037",
                    "9bc5c00d-19c6-4954-a9ba-14b56feaccef",
                    "3a212f5d-1b32-4b01-a287-b5d98950982d"
                ],
                [
                    "cc88a3d7-0b74-4c82-81df-c2fa69f7f037",
                    "9bc5c00d-19c6-4954-a9ba-14b56feaccef",
                    "6905dd2e-98b5-4caa-bebc-bfef9516cfae"
                ],
                [
                    "cc88a3d7-0b74-4c82-81df-c2fa69f7f037",
                    "9bc5c00d-19c6-4954-a9ba-14b56feaccef",
                    "5321d895-c021-4b8c-af04-cc10d8e52f57"
                ]
            ]
        },
        {
            "output_tuple": [
                "Eman Anwar"
            ],
            "tuple_id": "8072a9f1-8a1b-5d48-a1e2-06ea3efc4142",
            "dnf": [
                [
                    "4079874c-83ca-4726-be31-74717d9cdcbd",
                    "9bc5c00d-19c6-4954-a9ba-14b56feaccef",
                    "beb66fe3-9f16-40d5-894c-380b14cc8dfb"
                ]
            ]
        },
        {
            "output_tuple": [
                "Ben Kao"
            ],
            "tuple_id": "8389a255-291b-5a4a-b318-59261f89c611",
            "dnf": [
                [
                    "94c78234-f4fa-46dd-b0f8-ea26e40ab3da",
                    "9bc5c00d-19c6-4954-a9ba-14b56feaccef",
                    "5321d895-c021-4b8c-af04-cc10d8e52f57"
                ]
            ]
        },
        {
            "output_tuple": [
                "Nesime Tatbul"
            ],
            "tuple_id": "84b3ce1a-c98a-5192-baf2-880fba4686fc",
            "dnf": [
                [
                    "9c2942c0-3149-427f-a934-0e173c8ee173",
                    "9bc5c00d-19c6-4954-a9ba-14b56feaccef",
                    "1f9a5b6e-0b8e-40d0-88e6-eb11272fb0bc"
                ]
            ]
        },
        {
            "output_tuple": [
                "Xin Dong"
            ],
            "tuple_id": "85447866-a9e8-5f68-b696-5488fd69f272",
            "dnf": [
                [
                    "56c15f32-62dc-4494-9acb-547c6a044607",
                    "9bc5c00d-19c6-4954-a9ba-14b56feaccef",
                    "ba32a14f-151c-4eec-9d32-b7a98d92a2ea"
                ]
            ]
        },
        {
            "output_tuple": [
                "Yungho Leu"
            ],
            "tuple_id": "8743e174-1032-5654-aa94-e277f008a121",
            "dnf": [
                [
                    "5a23837c-cf12-4ed0-bad3-6e681d9c4558",
                    "9bc5c00d-19c6-4954-a9ba-14b56feaccef",
                    "7043b24b-5ea6-4307-8bca-c6b989090122"
                ]
            ]
        },
        {
            "output_tuple": [
                "Michael Stonebraker"
            ],
            "tuple_id": "8b0308c5-44ed-5e8e-96e3-67a12b36e6d6",
            "dnf": [
                [
                    "bdbe6e19-e5c6-44a4-a480-671ea404bd4b",
                    "9bc5c00d-19c6-4954-a9ba-14b56feaccef",
                    "db26618e-2893-4523-a107-034efa53b0ac"
                ],
                [
                    "bdbe6e19-e5c6-44a4-a480-671ea404bd4b",
                    "9bc5c00d-19c6-4954-a9ba-14b56feaccef",
                    "1f9a5b6e-0b8e-40d0-88e6-eb11272fb0bc"
                ],
                [
                    "bdbe6e19-e5c6-44a4-a480-671ea404bd4b",
                    "9bc5c00d-19c6-4954-a9ba-14b56feaccef",
                    "f0ee79fa-8150-4f39-93ab-1787729365f4"
                ]
            ]
        },
        {
            "output_tuple": [
                "M. Tamer Ozsu"
            ],
            "tuple_id": "8b0ba0e8-c01c-5131-a7b6-951a8e2c78e1",
            "dnf": [
                [
                    "137c07d2-eb8e-43c9-b098-aad7371f27e0",
                    "9bc5c00d-19c6-4954-a9ba-14b56feaccef",
                    "c7a94d06-f715-414b-af8b-3fa017e19583"
                ]
            ]
        },
        {
            "output_tuple": [
                "Jianyong Wang"
            ],
            "tuple_id": "8b5c3cc4-e8d2-55c7-834c-2f648549a894",
            "dnf": [
                [
                    "1ca928f4-4480-415b-a1ae-2e7349c79a43",
                    "9bc5c00d-19c6-4954-a9ba-14b56feaccef",
                    "14e651e1-6329-46ad-aa6d-e3b854725224"
                ]
            ]
        },
        {
            "output_tuple": [
                "Roger Cavallo"
            ],
            "tuple_id": "8c798471-0bc5-5aab-9f21-f7afc1e0885d",
            "dnf": [
                [
                    "32e8b90b-42a7-415d-ad10-b3aa237dafed",
                    "9bc5c00d-19c6-4954-a9ba-14b56feaccef",
                    "70aac574-ca50-421a-916b-e2d91e30c1f9"
                ]
            ]
        },
        {
            "output_tuple": [
                "Charu C. Aggarwal"
            ],
            "tuple_id": "8d503e6d-7d7e-5b5a-9906-7f17fe460b49",
            "dnf": [
                [
                    "90445f35-9422-4d8a-98d4-a1fadb6f247b",
                    "9bc5c00d-19c6-4954-a9ba-14b56feaccef",
                    "14e651e1-6329-46ad-aa6d-e3b854725224"
                ]
            ]
        },
        {
            "output_tuple": [
                "Ibrahim Kamel"
            ],
            "tuple_id": "91be2263-87e9-55dc-865c-5319073dce06",
            "dnf": [
                [
                    "b63951a1-2cc5-43ac-898a-6e5686a0e754",
                    "9bc5c00d-19c6-4954-a9ba-14b56feaccef",
                    "bb198dfb-da30-4094-b8c4-eb3ffd2c559c"
                ]
            ]
        },
        {
            "output_tuple": [
                "Rahul Shah"
            ],
            "tuple_id": "9218e588-ca19-5b78-99ac-53200bcc1c9c",
            "dnf": [
                [
                    "2a639c3a-710d-4896-9422-cf50c7d4b676",
                    "9bc5c00d-19c6-4954-a9ba-14b56feaccef",
                    "8c4207fd-1f3c-4c17-aee9-6e58b3fb1176"
                ]
            ]
        },
        {
            "output_tuple": [
                "Ramakrishnan Srikant"
            ],
            "tuple_id": "939d827c-abf7-54b9-a6c7-b312ae1121a8",
            "dnf": [
                [
                    "f720bc0a-8af8-4be4-bd1a-921a8dc8bba2",
                    "9bc5c00d-19c6-4954-a9ba-14b56feaccef",
                    "82b83bb7-e45d-4ba9-9e91-28c5a8769d62"
                ]
            ]
        },
        {
            "output_tuple": [
                "Ugur Cetintemel"
            ],
            "tuple_id": "93adf603-3786-5752-b336-b16eaf89b849",
            "dnf": [
                [
                    "24f3d1a2-2fc4-4cdc-8c8b-71199d09fd08",
                    "9bc5c00d-19c6-4954-a9ba-14b56feaccef",
                    "1f9a5b6e-0b8e-40d0-88e6-eb11272fb0bc"
                ]
            ]
        },
        {
            "output_tuple": [
                "Carlo Zaniolo"
            ],
            "tuple_id": "95340fd6-d152-53b1-b3e2-c3283a11b2ee",
            "dnf": [
                [
                    "2b862b82-312a-4ef4-bacd-2e2a247cb3da",
                    "9bc5c00d-19c6-4954-a9ba-14b56feaccef",
                    "e240df4a-57dc-4d76-a940-27e569d677ce"
                ]
            ]
        },
        {
            "output_tuple": [
                "Elke A. Rundensteiner"
            ],
            "tuple_id": "95449ea3-3b0b-5728-8fcd-e9a7fffc6c61",
            "dnf": [
                [
                    "9e4be2a4-ac75-4ad8-9a36-76fab7bdffdb",
                    "9bc5c00d-19c6-4954-a9ba-14b56feaccef",
                    "633b653e-4da3-44c5-ada9-ce89d1f4e6d0"
                ]
            ]
        },
        {
            "output_tuple": [
                "Ravi Krishnamurthy"
            ],
            "tuple_id": "96236181-d6b9-502c-86b1-5e1808e1a731",
            "dnf": [
                [
                    "89144c02-1ba9-4dc4-b072-b8e1e08d10d4",
                    "9bc5c00d-19c6-4954-a9ba-14b56feaccef",
                    "e240df4a-57dc-4d76-a940-27e569d677ce"
                ]
            ]
        },
        {
            "output_tuple": [
                "Hong-Tai Chou"
            ],
            "tuple_id": "970289be-7634-556a-a07f-b9dc97eca08c",
            "dnf": [
                [
                    "a55264da-6b39-4350-89ff-51dbc8f5eedd",
                    "9bc5c00d-19c6-4954-a9ba-14b56feaccef",
                    "e81347cd-d389-4371-b2e2-117e14501012"
                ]
            ]
        },
        {
            "output_tuple": [
                "Omar Benjelloun"
            ],
            "tuple_id": "99e09591-3266-51df-931a-24b70b11a7ff",
            "dnf": [
                [
                    "f4d09949-778f-4a73-b772-7fd3ada566b3",
                    "9bc5c00d-19c6-4954-a9ba-14b56feaccef",
                    "5d0379e4-28da-4310-af74-5f18f2d2a1b3"
                ]
            ]
        },
        {
            "output_tuple": [
                "Neil Coburn"
            ],
            "tuple_id": "9d3a7ac9-5f91-517d-9990-8240567fa8d5",
            "dnf": [
                [
                    "1702ca80-ee76-4f84-9ead-bc62d8747e0f",
                    "9bc5c00d-19c6-4954-a9ba-14b56feaccef",
                    "29b996ac-2a1e-4e7d-b730-23e275c6b9d6"
                ]
            ]
        },
        {
            "output_tuple": [
                "Dennis Shasha"
            ],
            "tuple_id": "9f34dd75-052d-56fb-ad44-acd22ecbe85b",
            "dnf": [
                [
                    "7e35d284-4920-4643-a47d-47d71483ea7c",
                    "9bc5c00d-19c6-4954-a9ba-14b56feaccef",
                    "524a6d54-581c-463a-bbf6-667656d15187"
                ]
            ]
        },
        {
            "output_tuple": [
                "Philip A. Bernstein"
            ],
            "tuple_id": "a0b44ece-94c8-51e4-8eeb-e351e9a58334",
            "dnf": [
                [
                    "bfd9fb14-b062-4e93-8f8f-071f32b785b1",
                    "9bc5c00d-19c6-4954-a9ba-14b56feaccef",
                    "a53b29a8-07f1-4df4-a8bc-b4b330491743"
                ]
            ]
        },
        {
            "output_tuple": [
                "Nathan Goodman"
            ],
            "tuple_id": "a1f044e2-f847-51ee-a83c-6ce531c65619",
            "dnf": [
                [
                    "b9e9f0b6-c398-4306-8efb-aa9c3adf0db8",
                    "9bc5c00d-19c6-4954-a9ba-14b56feaccef",
                    "a53b29a8-07f1-4df4-a8bc-b4b330491743"
                ]
            ]
        },
        {
            "output_tuple": [
                "Amol Deshpande"
            ],
            "tuple_id": "a201b9da-d761-5352-8197-ce891e1674ba",
            "dnf": [
                [
                    "e5b8b051-caae-4d8c-98ad-52dc1350a7a9",
                    "9bc5c00d-19c6-4954-a9ba-14b56feaccef",
                    "0b7ca39c-817a-4015-9232-1e14766e97d0"
                ]
            ]
        },
        {
            "output_tuple": [
                "John T. Robinson"
            ],
            "tuple_id": "a3550077-970d-5f98-8b13-c8d4f931fe03",
            "dnf": [
                [
                    "c154122c-80d1-4173-b929-3dd9e6eb8e11",
                    "9bc5c00d-19c6-4954-a9ba-14b56feaccef",
                    "e645180c-9d74-45c1-9b60-5d76959ea529"
                ]
            ]
        },
        {
            "output_tuple": [
                "Rivka Ladin"
            ],
            "tuple_id": "a5431d52-f7d3-568e-a5ee-8770ae685ea9",
            "dnf": [
                [
                    "d5b77493-20b7-4d4c-858b-72d6995a0cb0",
                    "9bc5c00d-19c6-4954-a9ba-14b56feaccef",
                    "f6dbef5c-ceec-42b5-9c35-2e5b7ac51bca"
                ]
            ]
        },
        {
            "output_tuple": [
                "Gail E. Kaiser"
            ],
            "tuple_id": "a7f6eda1-fe2e-5090-ac1b-fded57d86442",
            "dnf": [
                [
                    "8cf90dfb-bc4e-4e55-9517-40b3e8216dbd",
                    "9bc5c00d-19c6-4954-a9ba-14b56feaccef",
                    "87fd149c-4803-4404-9e95-c0d309af4288"
                ]
            ]
        },
        {
            "output_tuple": [
                "Yehoshua Sagiv"
            ],
            "tuple_id": "a7fe49e0-ce84-5ce8-9626-3a0777fdab84",
            "dnf": [
                [
                    "2fc1804c-78c8-4f27-90d5-8413890bd9d7",
                    "9bc5c00d-19c6-4954-a9ba-14b56feaccef",
                    "c7e0bed2-ddba-451d-a5b4-7873c664acaf"
                ],
                [
                    "2fc1804c-78c8-4f27-90d5-8413890bd9d7",
                    "9bc5c00d-19c6-4954-a9ba-14b56feaccef",
                    "59ed072f-a30e-4af8-8fcb-6fe670b0ba5d"
                ]
            ]
        },
        {
            "output_tuple": [
                "Giuseppe De Giacomo"
            ],
            "tuple_id": "a973a482-8c45-556e-ada5-cac36463ce9a",
            "dnf": [
                [
                    "f9598d1a-a3ae-4bb3-a4bb-92414e938694",
                    "9bc5c00d-19c6-4954-a9ba-14b56feaccef",
                    "9ad62391-bea1-4c75-89ba-2d9a1286610e"
                ]
            ]
        },
        {
            "output_tuple": [
                "Tomasz Imielinski"
            ],
            "tuple_id": "abf17c65-0c64-5074-83e0-154d2d8c7789",
            "dnf": [
                [
                    "103668c6-fb3f-4c06-9697-3faf0818fe2d",
                    "9bc5c00d-19c6-4954-a9ba-14b56feaccef",
                    "5f20ed44-9d96-44d9-afe8-93a5c3e6c89b"
                ]
            ]
        },
        {
            "output_tuple": [
                "Yunyao Li"
            ],
            "tuple_id": "ac79d5d9-c948-59dd-915d-f03331ff08c1",
            "dnf": [
                [
                    "79fa073c-f662-483e-9fcf-35389ba49640",
                    "9bc5c00d-19c6-4954-a9ba-14b56feaccef",
                    "99d83351-b323-4e71-8fc3-1e0f28a1eb99"
                ]
            ]
        },
        {
            "output_tuple": [
                "Paolo Mancarella"
            ],
            "tuple_id": "ac9374c4-ef5f-51c8-995a-03a328392ba2",
            "dnf": [
                [
                    "ae6b5087-5869-4b2e-9ad5-a241a20c5e0c",
                    "9bc5c00d-19c6-4954-a9ba-14b56feaccef",
                    "b3cfbc42-b7d6-48be-b022-c6b36fd34cb3"
                ]
            ]
        },
        {
            "output_tuple": [
                "Mohammad R. Kolahdouzan"
            ],
            "tuple_id": "ae773d5b-3556-5079-ade5-8507d735ba04",
            "dnf": [
                [
                    "ff6f4f70-0008-4224-9132-83a4052e5ea0",
                    "9bc5c00d-19c6-4954-a9ba-14b56feaccef",
                    "0c6ba9bd-848c-4a3f-9eef-ae7293defe6b"
                ]
            ]
        },
        {
            "output_tuple": [
                "Nick Lanham"
            ],
            "tuple_id": "b07624a5-b6b7-5855-88b5-a03ea2464a63",
            "dnf": [
                [
                    "7c201ff3-9278-43b2-b7bc-cf7b18d2238d",
                    "9bc5c00d-19c6-4954-a9ba-14b56feaccef",
                    "98b15bc0-c23d-45ca-a5f3-2123a8864aab"
                ]
            ]
        },
        {
            "output_tuple": [
                "Samuel Madden"
            ],
            "tuple_id": "b0fa3af5-258b-5335-b271-45f430a7d280",
            "dnf": [
                [
                    "60696666-c42e-414b-bbb5-e0753d263fc1",
                    "9bc5c00d-19c6-4954-a9ba-14b56feaccef",
                    "0b7ca39c-817a-4015-9232-1e14766e97d0"
                ],
                [
                    "60696666-c42e-414b-bbb5-e0753d263fc1",
                    "9bc5c00d-19c6-4954-a9ba-14b56feaccef",
                    "db26618e-2893-4523-a107-034efa53b0ac"
                ]
            ]
        },
        {
            "output_tuple": [
                "Prasanna Ganesan"
            ],
            "tuple_id": "b3a4cf46-b083-513d-8abf-0bf3e40be493",
            "dnf": [
                [
                    "19863ce9-d362-48ba-8fdb-3c825b504a5c",
                    "9bc5c00d-19c6-4954-a9ba-14b56feaccef",
                    "e7c5ce9e-de3d-4f32-b7c3-c97b03fa6f63"
                ]
            ]
        },
        {
            "output_tuple": [
                "Wei Hong"
            ],
            "tuple_id": "b3ced9de-c843-5619-82c3-72ecb3f764d1",
            "dnf": [
                [
                    "0ceb0858-b3d4-4b3a-93c5-2af1eddf4f22",
                    "9bc5c00d-19c6-4954-a9ba-14b56feaccef",
                    "0b7ca39c-817a-4015-9232-1e14766e97d0"
                ]
            ]
        },
        {
            "output_tuple": [
                "Sunil Prabhakar"
            ],
            "tuple_id": "b56cabf5-4ca7-5847-af31-fab190f197ce",
            "dnf": [
                [
                    "862f94af-5afc-4b19-9ae7-11f50a22dee5",
                    "9bc5c00d-19c6-4954-a9ba-14b56feaccef",
                    "5321d895-c021-4b8c-af04-cc10d8e52f57"
                ],
                [
                    "862f94af-5afc-4b19-9ae7-11f50a22dee5",
                    "9bc5c00d-19c6-4954-a9ba-14b56feaccef",
                    "8c4207fd-1f3c-4c17-aee9-6e58b3fb1176"
                ]
            ]
        },
        {
            "output_tuple": [
                "Walid G. Aref"
            ],
            "tuple_id": "b78fd7d6-e10a-5138-911d-365726a1ac41",
            "dnf": [
                [
                    "ac167eeb-b038-4733-b8df-7e7720ac27b0",
                    "9bc5c00d-19c6-4954-a9ba-14b56feaccef",
                    "3ad84f4d-42e0-4058-9da9-70a5c2820613"
                ],
                [
                    "ac167eeb-b038-4733-b8df-7e7720ac27b0",
                    "9bc5c00d-19c6-4954-a9ba-14b56feaccef",
                    "a116f432-bd6c-45d1-9b9c-144886201775"
                ]
            ]
        },
        {
            "output_tuple": [
                "Witold Litwin"
            ],
            "tuple_id": "b7901570-cd81-5fe5-a150-1823fd1af997",
            "dnf": [
                [
                    "c5cd57a7-2dbc-403d-98fa-e0230a391e23",
                    "9bc5c00d-19c6-4954-a9ba-14b56feaccef",
                    "7043b24b-5ea6-4307-8bca-c6b989090122"
                ],
                [
                    "c5cd57a7-2dbc-403d-98fa-e0230a391e23",
                    "9bc5c00d-19c6-4954-a9ba-14b56feaccef",
                    "9131f227-1666-4e95-870f-22b9f8df33d6"
                ]
            ]
        },
        {
            "output_tuple": [
                "Mayank Bawa"
            ],
            "tuple_id": "b9253907-16cb-5f15-b7db-7f5177148579",
            "dnf": [
                [
                    "42f0bfe3-a830-4a1c-8caa-19d3ba2e4b71",
                    "9bc5c00d-19c6-4954-a9ba-14b56feaccef",
                    "e7c5ce9e-de3d-4f32-b7c3-c97b03fa6f63"
                ]
            ]
        },
        {
            "output_tuple": [
                "Ema Nemes"
            ],
            "tuple_id": "be1d2e58-dc90-5af3-b79a-fa3521936fb8",
            "dnf": [
                [
                    "ba181fc3-11d5-4972-a004-80bb335a4652",
                    "9bc5c00d-19c6-4954-a9ba-14b56feaccef",
                    "ba32a14f-151c-4eec-9d32-b7a98d92a2ea"
                ]
            ]
        },
        {
            "output_tuple": [
                "Miguel Ferreira"
            ],
            "tuple_id": "bea96cbd-8162-57f9-84f5-c2179afa8116",
            "dnf": [
                [
                    "f6aab5ba-649d-4871-9b00-010be5b720eb",
                    "9bc5c00d-19c6-4954-a9ba-14b56feaccef",
                    "db26618e-2893-4523-a107-034efa53b0ac"
                ]
            ]
        },
        {
            "output_tuple": [
                "Daniel Kifer"
            ],
            "tuple_id": "bfc53199-87ce-5a70-a3b7-8a74e84edb1e",
            "dnf": [
                [
                    "cf428c9d-072e-45c0-9234-4b31a8f9638d",
                    "9bc5c00d-19c6-4954-a9ba-14b56feaccef",
                    "e9b3e7ba-d22e-4832-b966-9d50f28e66ad"
                ]
            ]
        },
        {
            "output_tuple": [
                "Philip S. Yu"
            ],
            "tuple_id": "c6c78be7-db4a-537a-8b52-4f032a7d7c8b",
            "dnf": [
                [
                    "648ffefb-163b-4aaf-aee7-72abffa59a09",
                    "9bc5c00d-19c6-4954-a9ba-14b56feaccef",
                    "14e651e1-6329-46ad-aa6d-e3b854725224"
                ]
            ]
        },
        {
            "output_tuple": [
                "Eugene J. Shekita"
            ],
            "tuple_id": "c6caf87f-0dfc-57f5-83a8-9b9e85aa8891",
            "dnf": [
                [
                    "a9166f06-e2ef-418c-ac05-7a71f1cf2c8d",
                    "9bc5c00d-19c6-4954-a9ba-14b56feaccef",
                    "6f6a7c3c-4ee8-4142-9eb0-3aebdc5e29f5"
                ]
            ]
        },
        {
            "output_tuple": [
                "Raymond T. Ng"
            ],
            "tuple_id": "c770455f-717f-5019-98a5-8fdfeeb8408d",
            "dnf": [
                [
                    "785bdc29-3c52-4d95-a024-67b2628c909d",
                    "9bc5c00d-19c6-4954-a9ba-14b56feaccef",
                    "f4674f80-95dd-4963-9fba-5cf254d41560"
                ]
            ]
        },
        {
            "output_tuple": [
                "Abraham Silberschatz"
            ],
            "tuple_id": "ca891a3c-c2ff-5526-913b-a20a0334f877",
            "dnf": [
                [
                    "facce067-43d6-479a-a7e2-d349cf306e01",
                    "9bc5c00d-19c6-4954-a9ba-14b56feaccef",
                    "2b572df0-d9f9-416d-81ea-6a35a8ebc8dd"
                ]
            ]
        },
        {
            "output_tuple": [
                "Michael L. Heytens"
            ],
            "tuple_id": "cc572067-750d-5d02-b1a1-afbefc314cb6",
            "dnf": [
                [
                    "587b2ff0-c464-4bc4-9be7-2fb9d035f7d7",
                    "9bc5c00d-19c6-4954-a9ba-14b56feaccef",
                    "0be94585-02d5-43bc-b791-6dff9ed2a882"
                ]
            ]
        },
        {
            "output_tuple": [
                "Jim Gray"
            ],
            "tuple_id": "cf7607d2-82a9-59ec-8b4e-34c34b76eb3b",
            "dnf": [
                [
                    "bbd84cd6-770a-4d56-92fe-0d2444b7d55d",
                    "9bc5c00d-19c6-4954-a9ba-14b56feaccef",
                    "5f4e08f4-5a3a-4282-85b7-9109c3b67bcc"
                ],
                [
                    "bbd84cd6-770a-4d56-92fe-0d2444b7d55d",
                    "9bc5c00d-19c6-4954-a9ba-14b56feaccef",
                    "fb3c5c64-4742-4e78-991e-b321db598bae"
                ]
            ]
        },
        {
            "output_tuple": [
                "Lukasz Golab"
            ],
            "tuple_id": "cfb5917c-1f96-5242-936d-86bab8ddefcb",
            "dnf": [
                [
                    "f3a5aeda-120f-421c-a972-15fd9ab0fc12",
                    "9bc5c00d-19c6-4954-a9ba-14b56feaccef",
                    "c7a94d06-f715-414b-af8b-3fa017e19583"
                ]
            ]
        },
        {
            "output_tuple": [
                "Jayant Madhavan"
            ],
            "tuple_id": "cff34fa2-3b7f-5a4e-8f60-17306ee99070",
            "dnf": [
                [
                    "ee390e26-1402-4841-aab6-aed1e79cdb0b",
                    "9bc5c00d-19c6-4954-a9ba-14b56feaccef",
                    "ba32a14f-151c-4eec-9d32-b7a98d92a2ea"
                ],
                [
                    "ee390e26-1402-4841-aab6-aed1e79cdb0b",
                    "9bc5c00d-19c6-4954-a9ba-14b56feaccef",
                    "7b0fc30a-cb1b-4d86-a0c5-5c3123b25a1f"
                ]
            ]
        },
        {
            "output_tuple": [
                "Ryan Huebsch"
            ],
            "tuple_id": "d0b3fc1a-365f-5af2-9958-ecc461329951",
            "dnf": [
                [
                    "120d0da2-fb2e-4eb9-a150-79bf6e07301e",
                    "9bc5c00d-19c6-4954-a9ba-14b56feaccef",
                    "98b15bc0-c23d-45ca-a5f3-2123a8864aab"
                ]
            ]
        },
        {
            "output_tuple": [
                "Amit P. Sheth"
            ],
            "tuple_id": "d0c2b82c-8d70-534f-b19b-fa1360c18098",
            "dnf": [
                [
                    "525cf6fa-e413-4f06-b8b7-59e26871ba7c",
                    "9bc5c00d-19c6-4954-a9ba-14b56feaccef",
                    "544de455-4f23-4489-9aad-bab84fd5a71e"
                ]
            ]
        },
        {
            "output_tuple": [
                "Adam Batkin"
            ],
            "tuple_id": "d1ffd3ef-eb44-5b82-8d51-00b77eabd9fa",
            "dnf": [
                [
                    "928b2792-20c7-45a3-8fe0-e3922e634037",
                    "9bc5c00d-19c6-4954-a9ba-14b56feaccef",
                    "db26618e-2893-4523-a107-034efa53b0ac"
                ]
            ]
        },
        {
            "output_tuple": [
                "Alexander Rasin"
            ],
            "tuple_id": "d4d14470-b164-52b5-a938-02f5251f5ce8",
            "dnf": [
                [
                    "65170e4c-622d-4426-8946-6082e6059b39",
                    "9bc5c00d-19c6-4954-a9ba-14b56feaccef",
                    "db26618e-2893-4523-a107-034efa53b0ac"
                ]
            ]
        },
        {
            "output_tuple": [
                "Chi-Yin Chow"
            ],
            "tuple_id": "d5c8c461-e573-5c3d-b238-6d8847a9bc26",
            "dnf": [
                [
                    "e40db6b1-1ebf-4287-88d1-432c4ba2b5bd",
                    "9bc5c00d-19c6-4954-a9ba-14b56feaccef",
                    "a116f432-bd6c-45d1-9b9c-144886201775"
                ]
            ]
        },
        {
            "output_tuple": [
                "Michael J. Carey"
            ],
            "tuple_id": "d68c4a7d-d1e4-5f4a-8950-cfc6deaa846a",
            "dnf": [
                [
                    "bb098c63-5988-4eac-83e5-711e2c04cb6d",
                    "9bc5c00d-19c6-4954-a9ba-14b56feaccef",
                    "6f6a7c3c-4ee8-4142-9eb0-3aebdc5e29f5"
                ]
            ]
        },
        {
            "output_tuple": [
                "Yandong Cai"
            ],
            "tuple_id": "d9775118-3f83-5cc7-ab36-b34a1ca79b9c",
            "dnf": [
                [
                    "159ac480-bb64-4695-aefc-d1ca6bc72c8a",
                    "9bc5c00d-19c6-4954-a9ba-14b56feaccef",
                    "f62fffd6-0aea-4733-8d81-ad5413bc6ccb"
                ]
            ]
        },
        {
            "output_tuple": [
                "Hector Garcia-Molina"
            ],
            "tuple_id": "da5908f2-90df-5190-aae9-5551bae7b49a",
            "dnf": [
                [
                    "e615759a-516c-4a8e-8232-6d012de6a28e",
                    "9bc5c00d-19c6-4954-a9ba-14b56feaccef",
                    "685b2567-7a5d-44c7-b150-4124c8ea28a0"
                ],
                [
                    "e615759a-516c-4a8e-8232-6d012de6a28e",
                    "9bc5c00d-19c6-4954-a9ba-14b56feaccef",
                    "51c241a1-98d8-4c6f-b708-174479106b39"
                ],
                [
                    "e615759a-516c-4a8e-8232-6d012de6a28e",
                    "9bc5c00d-19c6-4954-a9ba-14b56feaccef",
                    "e7c5ce9e-de3d-4f32-b7c3-c97b03fa6f63"
                ]
            ]
        },
        {
            "output_tuple": [
                "Rushi Desai"
            ],
            "tuple_id": "db137fc8-1aa4-5015-b824-22df2a16771e",
            "dnf": [
                [
                    "6a57043f-464b-4f98-abb4-ae6bb34eec41",
                    "9bc5c00d-19c6-4954-a9ba-14b56feaccef",
                    "61818672-3bfa-400d-81d5-f8519b8eb16b"
                ]
            ]
        },
        {
            "output_tuple": [
                "Dina Bitton"
            ],
            "tuple_id": "db3329fd-a1d5-5bc1-96f4-2d45f42740e7",
            "dnf": [
                [
                    "c6ac93e5-952c-4576-8516-1a052051ac34",
                    "9bc5c00d-19c6-4954-a9ba-14b56feaccef",
                    "5f4e08f4-5a3a-4282-85b7-9109c3b67bcc"
                ],
                [
                    "c6ac93e5-952c-4576-8516-1a052051ac34",
                    "9bc5c00d-19c6-4954-a9ba-14b56feaccef",
                    "cab97483-7f7c-4748-ac1a-354cba22890e"
                ]
            ]
        },
        {
            "output_tuple": [
                "Rakesh Agrawal"
            ],
            "tuple_id": "db517bf4-2dab-5787-9bb7-97c106b93c98",
            "dnf": [
                [
                    "b04aefc3-af6b-4244-a4b6-03c84d0dc7b3",
                    "9bc5c00d-19c6-4954-a9ba-14b56feaccef",
                    "82b83bb7-e45d-4ba9-9e91-28c5a8769d62"
                ],
                [
                    "b04aefc3-af6b-4244-a4b6-03c84d0dc7b3",
                    "9bc5c00d-19c6-4954-a9ba-14b56feaccef",
                    "5f20ed44-9d96-44d9-afe8-93a5c3e6c89b"
                ]
            ]
        },
        {
            "output_tuple": [
                "Ahmed K. Elmagarmid"
            ],
            "tuple_id": "dd2cb8cc-e539-5c4a-aac1-808fe0cdc6aa",
            "dnf": [
                [
                    "5809262e-d9d1-459c-9804-ba8bea8db14c",
                    "9bc5c00d-19c6-4954-a9ba-14b56feaccef",
                    "3ad84f4d-42e0-4058-9da9-70a5c2820613"
                ],
                [
                    "5809262e-d9d1-459c-9804-ba8bea8db14c",
                    "9bc5c00d-19c6-4954-a9ba-14b56feaccef",
                    "7043b24b-5ea6-4307-8bca-c6b989090122"
                ]
            ]
        },
        {
            "output_tuple": [
                "Xuemin Lin"
            ],
            "tuple_id": "de167296-13e4-5d5c-b268-c405da4235b7",
            "dnf": [
                [
                    "77c0e586-5d29-4dcc-b42f-47e882774040",
                    "9bc5c00d-19c6-4954-a9ba-14b56feaccef",
                    "4649bd19-9004-481c-a212-a8ab39356c9c"
                ]
            ]
        },
        {
            "output_tuple": [
                "Patrick E. O'Neil"
            ],
            "tuple_id": "dece0699-09ce-51c8-95ff-8e8713e07972",
            "dnf": [
                [
                    "318b1882-4d7a-4e21-b758-79b35f582a51",
                    "9bc5c00d-19c6-4954-a9ba-14b56feaccef",
                    "db26618e-2893-4523-a107-034efa53b0ac"
                ]
            ]
        },
        {
            "output_tuple": [
                "Alberto O. Mendelzon"
            ],
            "tuple_id": "df38323d-796a-5bdf-84f9-a9c65c8c6571",
            "dnf": [
                [
                    "a35858bb-9d4b-4b02-8db4-8a0d7e8f2735",
                    "9bc5c00d-19c6-4954-a9ba-14b56feaccef",
                    "4f910311-1c21-4182-8584-16332f086410"
                ]
            ]
        },
        {
            "output_tuple": [
                "Arie Shoshani"
            ],
            "tuple_id": "df64fadb-e817-5896-b5d4-94a2c5253d67",
            "dnf": [
                [
                    "4f4bb18d-6958-4e3b-8931-f33b59590689",
                    "9bc5c00d-19c6-4954-a9ba-14b56feaccef",
                    "2a7ae7cc-c90c-4412-97a5-08270aef5d99"
                ]
            ]
        },
        {
            "output_tuple": [
                "Shai Ben-David"
            ],
            "tuple_id": "e0a7810a-20dc-5ead-860d-9b6db0993d27",
            "dnf": [
                [
                    "c1bb95fa-27db-4ab1-a229-415cc1bd60e1",
                    "9bc5c00d-19c6-4954-a9ba-14b56feaccef",
                    "e9b3e7ba-d22e-4832-b966-9d50f28e66ad"
                ]
            ]
        },
        {
            "output_tuple": [
                "Arun N. Swami"
            ],
            "tuple_id": "e6e84b36-0b8f-5366-b23e-9460fc05fa0e",
            "dnf": [
                [
                    "388a3b6c-c9ba-4b7d-9ca0-1810eb5153d4",
                    "9bc5c00d-19c6-4954-a9ba-14b56feaccef",
                    "5f20ed44-9d96-44d9-afe8-93a5c3e6c89b"
                ]
            ]
        },
        {
            "output_tuple": [
                "Yuni Xia"
            ],
            "tuple_id": "e6edf5a5-7da3-58bd-add4-3c6ad8a1e971",
            "dnf": [
                [
                    "48f20ea5-ef6f-41ab-b402-a37d238f1d93",
                    "9bc5c00d-19c6-4954-a9ba-14b56feaccef",
                    "8c4207fd-1f3c-4c17-aee9-6e58b3fb1176"
                ]
            ]
        },
        {
            "output_tuple": [
                "Nilesh N. Dalvi"
            ],
            "tuple_id": "e860ee95-8427-511b-be04-28e484cbe253",
            "dnf": [
                [
                    "d4a49167-3551-454f-953a-1d012ef28ba6",
                    "9bc5c00d-19c6-4954-a9ba-14b56feaccef",
                    "115b66ab-d965-4324-bfb8-8a828da76e96"
                ]
            ]
        },
        {
            "output_tuple": [
                "Scott Shenker"
            ],
            "tuple_id": "e97246fb-941d-5c35-aebb-3539fb4373a8",
            "dnf": [
                [
                    "01e7071d-123c-4200-ba36-c1f085986e31",
                    "9bc5c00d-19c6-4954-a9ba-14b56feaccef",
                    "98b15bc0-c23d-45ca-a5f3-2123a8864aab"
                ]
            ]
        },
        {
            "output_tuple": [
                "Nikos Mamoulis"
            ],
            "tuple_id": "ec552c62-494e-5a9e-9fbb-ea5cbf2e065e",
            "dnf": [
                [
                    "7af1cada-7a6c-4b22-8334-08a716e191a4",
                    "9bc5c00d-19c6-4954-a9ba-14b56feaccef",
                    "3a212f5d-1b32-4b01-a287-b5d98950982d"
                ]
            ]
        },
        {
            "output_tuple": [
                "Luis Gravano"
            ],
            "tuple_id": "ec62395f-76e9-5c34-9f5b-fcb8d192c802",
            "dnf": [
                [
                    "e71892d0-149f-4406-9447-004af2b22f34",
                    "9bc5c00d-19c6-4954-a9ba-14b56feaccef",
                    "77cfe618-18a6-469c-88e7-b79cded795fa"
                ]
            ]
        },
        {
            "output_tuple": [
                "Daniela Berardi"
            ],
            "tuple_id": "ed2d2e05-2a31-50cf-b842-14caa63025d6",
            "dnf": [
                [
                    "d8ae14ab-6400-4d0d-b4dc-1096ad4c6e43",
                    "9bc5c00d-19c6-4954-a9ba-14b56feaccef",
                    "9ad62391-bea1-4c75-89ba-2d9a1286610e"
                ]
            ]
        },
        {
            "output_tuple": [
                "Christos Faloutsos"
            ],
            "tuple_id": "ededea84-1b04-5bd6-9ab3-a8d1c7edf7aa",
            "dnf": [
                [
                    "0aa6794b-4a22-4198-acf1-9097f320616b",
                    "9bc5c00d-19c6-4954-a9ba-14b56feaccef",
                    "54769ccb-8cfd-4dbb-8691-f3ab1c52bc6e"
                ],
                [
                    "0aa6794b-4a22-4198-acf1-9097f320616b",
                    "9bc5c00d-19c6-4954-a9ba-14b56feaccef",
                    "bb198dfb-da30-4094-b8c4-eb3ffd2c559c"
                ]
            ]
        },
        {
            "output_tuple": [
                "Jennifer Widom"
            ],
            "tuple_id": "ee302bae-5dd6-58b1-8e4b-2db4dccfddf9",
            "dnf": [
                [
                    "99a9d2f7-ea08-458a-8817-5afb2a0ee59a",
                    "9bc5c00d-19c6-4954-a9ba-14b56feaccef",
                    "7cfc0bea-2505-4a31-af50-8c835d5685b9"
                ],
                [
                    "99a9d2f7-ea08-458a-8817-5afb2a0ee59a",
                    "9bc5c00d-19c6-4954-a9ba-14b56feaccef",
                    "4d641691-5162-45fd-8062-b18e7cc6a11c"
                ],
                [
                    "99a9d2f7-ea08-458a-8817-5afb2a0ee59a",
                    "9bc5c00d-19c6-4954-a9ba-14b56feaccef",
                    "5d0379e4-28da-4310-af74-5f18f2d2a1b3"
                ]
            ]
        },
        {
            "output_tuple": [
                "Jeffrey Scott Vitter"
            ],
            "tuple_id": "f82b10dd-9aeb-5347-8f5f-c56b2d6d4505",
            "dnf": [
                [
                    "3190f5d5-aeee-444f-b586-b30e318bf2d4",
                    "9bc5c00d-19c6-4954-a9ba-14b56feaccef",
                    "8c4207fd-1f3c-4c17-aee9-6e58b3fb1176"
                ]
            ]
        },
        {
            "output_tuple": [
                "Donovan A. Schneider"
            ],
            "tuple_id": "fab4b34e-7118-5cb4-82ad-3f6012468ace",
            "dnf": [
                [
                    "f2353192-dbea-4fee-960a-c0fae489f1e9",
                    "9bc5c00d-19c6-4954-a9ba-14b56feaccef",
                    "fa952892-14e9-4827-b200-fde7ccb9f8e5"
                ]
            ]
        },
        {
            "output_tuple": [
                "Mihalis Yannakakis"
            ],
            "tuple_id": "fbe7d1ac-3fb1-567e-b939-e2024d9c08f5",
            "dnf": [
                [
                    "7e980c23-c7a4-4f72-adad-070d618ae159",
                    "9bc5c00d-19c6-4954-a9ba-14b56feaccef",
                    "a621d331-17e9-4e28-a108-837612b39817"
                ]
            ]
        }
    ]
}