{
    "query_name": "3a_author_name",
    "query_sql": "SELECT \n\tauthor.name \nFROM \n\tauthor, organization, writes, publication, conference, domain_conference, domain \nWHERE\n\tauthor.oid = organization.oid\n\tAND author.aid = writes.aid\n    AND writes.pid = publication.pid\n    AND publication.cid = conference.cid\n    AND conference.cid = domain_conference.cid\n    AND domain_conference.did = domain.did\n    AND organization.name = 'Tel Aviv University'\n    AND publication.year > 2010\n    AND domain.name = 'Databases'\nGROUP BY author.name ",
    "results": [
        {
            "output_tuple": [
                "Noam Koenigstein"
            ],
            "tuple_id": "10827114-2ec0-51bf-bce4-1ef331baef73",
            "dnf": [
                [
                    "bdac8697-8fc2-4f29-9c7c-0cc021ed0a9e",
                    "ae7dece4-dbc4-48fc-96ca-fc6a7d070d35",
                    "4a9aa79d-cc33-493f-9676-c580b490f114",
                    "fd2ba6d0-41af-4def-ba69-5bd21662b3e0",
                    "0576060b-7298-40a6-b1d8-90a13ab86e6a"
                ]
            ]
        },
        {
            "output_tuple": [
                "Daniel Deutch"
            ],
            "tuple_id": "13971406-4f2b-54ed-835f-7406be99728b",
            "dnf": [
                [
                    "1cb7377a-20cf-44b1-a8d7-45868ecad051",
                    "ae7dece4-dbc4-48fc-96ca-fc6a7d070d35",
                    "1d5be8a4-9094-4ee8-9952-3cade1fe5a9f",
                    "7bf56238-4259-4058-ae94-df4ebfa36909",
                    "0576060b-7298-40a6-b1d8-90a13ab86e6a"
                ],
                [
                    "1cb7377a-20cf-44b1-a8d7-45868ecad051",
                    "ae7dece4-dbc4-48fc-96ca-fc6a7d070d35",
                    "fec9c241-53f9-4cca-bb3d-0401eea5055f",
                    "c083a454-77c5-4eec-8b4d-4500164920bb",
                    "0576060b-7298-40a6-b1d8-90a13ab86e6a"
                ],
                [
                    "1cb7377a-20cf-44b1-a8d7-45868ecad051",
                    "ae7dece4-dbc4-48fc-96ca-fc6a7d070d35",
                    "8b4e1357-a92f-4a0d-b9aa-ec181d86da5c",
                    "7bf56238-4259-4058-ae94-df4ebfa36909",
                    "0576060b-7298-40a6-b1d8-90a13ab86e6a"
                ],
                [
                    "1cb7377a-20cf-44b1-a8d7-45868ecad051",
                    "ae7dece4-dbc4-48fc-96ca-fc6a7d070d35",
                    "76b56150-95a4-4003-bb36-f7011e66df6a",
                    "87702e88-9871-486c-adfb-0129cfd1f210",
                    "0576060b-7298-40a6-b1d8-90a13ab86e6a"
                ],
                [
                    "1cb7377a-20cf-44b1-a8d7-45868ecad051",
                    "ae7dece4-dbc4-48fc-96ca-fc6a7d070d35",
                    "4928f05b-6593-40bc-963e-4e663500126f",
                    "87702e88-9871-486c-adfb-0129cfd1f210",
                    "0576060b-7298-40a6-b1d8-90a13ab86e6a"
                ],
                [
                    "1cb7377a-20cf-44b1-a8d7-45868ecad051",
                    "ae7dece4-dbc4-48fc-96ca-fc6a7d070d35",
                    "8784f378-a7ee-43c3-a5e8-4744f26b53df",
                    "9434dddd-456e-4a6b-8331-f63ecb2b446a",
                    "0576060b-7298-40a6-b1d8-90a13ab86e6a"
                ],
                [
                    "1cb7377a-20cf-44b1-a8d7-45868ecad051",
                    "ae7dece4-dbc4-48fc-96ca-fc6a7d070d35",
                    "86805d28-0a1f-4d15-b739-08d4c75f0b89",
                    "eccac072-2138-4d11-9f65-69acf295b9f2",
                    "0576060b-7298-40a6-b1d8-90a13ab86e6a"
                ],
                [
                    "1cb7377a-20cf-44b1-a8d7-45868ecad051",
                    "ae7dece4-dbc4-48fc-96ca-fc6a7d070d35",
                    "c8d7e0da-bf47-4a18-932e-9011286adfbe",
                    "582567cd-2e36-4197-98c7-53a9551669cd",
                    "0576060b-7298-40a6-b1d8-90a13ab86e6a"
                ],
                [
                    "1cb7377a-20cf-44b1-a8d7-45868ecad051",
                    "ae7dece4-dbc4-48fc-96ca-fc6a7d070d35",
                    "c06790b6-162b-46aa-8db7-87ce0307332f",
                    "7bf56238-4259-4058-ae94-df4ebfa36909",
                    "0576060b-7298-40a6-b1d8-90a13ab86e6a"
                ],
                [
                    "1cb7377a-20cf-44b1-a8d7-45868ecad051",
                    "ae7dece4-dbc4-48fc-96ca-fc6a7d070d35",
                    "66fbc713-ac16-42e8-a305-9699d46555b4",
                    "7bf56238-4259-4058-ae94-df4ebfa36909",
                    "0576060b-7298-40a6-b1d8-90a13ab86e6a"
                ],
                [
                    "1cb7377a-20cf-44b1-a8d7-45868ecad051",
                    "ae7dece4-dbc4-48fc-96ca-fc6a7d070d35",
                    "90f4891a-85a2-4608-9371-27e2021d2d0e",
                    "9434dddd-456e-4a6b-8331-f63ecb2b446a",
                    "0576060b-7298-40a6-b1d8-90a13ab86e6a"
                ],
                [
                    "1cb7377a-20cf-44b1-a8d7-45868ecad051",
                    "ae7dece4-dbc4-48fc-96ca-fc6a7d070d35",
                    "5eba3603-3eea-4237-9187-eed480152792",
                    "87702e88-9871-486c-adfb-0129cfd1f210",
                    "0576060b-7298-40a6-b1d8-90a13ab86e6a"
                ],
                [
                    "1cb7377a-20cf-44b1-a8d7-45868ecad051",
                    "ae7dece4-dbc4-48fc-96ca-fc6a7d070d35",
                    "993ed038-06f5-404e-be76-406884f1f76f",
                    "758a034e-e576-4916-ab47-1046882ce8b0",
                    "0576060b-7298-40a6-b1d8-90a13ab86e6a"
                ]
            ]
        },
        {
            "output_tuple": [
                "Haim Kaplan"
            ],
            "tuple_id": "3521660a-6956-59f2-b591-26f3b8bf1263",
            "dnf": [
                [
                    "a8945ed5-9e1b-4c60-81c6-09360a5904a0",
                    "ae7dece4-dbc4-48fc-96ca-fc6a7d070d35",
                    "d81404a5-d926-4cfe-8dbb-45ba4eec6932",
                    "87702e88-9871-486c-adfb-0129cfd1f210",
                    "0576060b-7298-40a6-b1d8-90a13ab86e6a"
                ]
            ]
        },
        {
            "output_tuple": [
                "Shmuel S. Tyszberowicz"
            ],
            "tuple_id": "383ee571-1b7e-540d-899b-2221752f8c8a",
            "dnf": [
                [
                    "96961b89-4f25-4f47-b94f-fceadf9f046d",
                    "ae7dece4-dbc4-48fc-96ca-fc6a7d070d35",
                    "dfb14c7f-3fca-4747-863b-6caf73cc9e8d",
                    "1e44b971-4dd5-4304-8a8e-5986efe07321",
                    "0576060b-7298-40a6-b1d8-90a13ab86e6a"
                ]
            ]
        },
        {
            "output_tuple": [
                "Ohad Greenshpan"
            ],
            "tuple_id": "394bc16b-213b-56c2-aa6c-f80500fd8cb0",
            "dnf": [
                [
                    "43c6ba77-f4d4-42a4-bcfd-6e603b9c2503",
                    "ae7dece4-dbc4-48fc-96ca-fc6a7d070d35",
                    "6c01f8fe-b9e6-4b81-bf45-0a975c400ca7",
                    "758a034e-e576-4916-ab47-1046882ce8b0",
                    "0576060b-7298-40a6-b1d8-90a13ab86e6a"
                ],
                [
                    "43c6ba77-f4d4-42a4-bcfd-6e603b9c2503",
                    "ae7dece4-dbc4-48fc-96ca-fc6a7d070d35",
                    "993ed038-06f5-404e-be76-406884f1f76f",
                    "758a034e-e576-4916-ab47-1046882ce8b0",
                    "0576060b-7298-40a6-b1d8-90a13ab86e6a"
                ]
            ]
        },
        {
            "output_tuple": [
                "Rubi Boim"
            ],
            "tuple_id": "413a2756-4c21-50bd-8491-27534e5f847b",
            "dnf": [
                [
                    "da923b09-a181-4692-a53a-1dcd15e6eabc",
                    "ae7dece4-dbc4-48fc-96ca-fc6a7d070d35",
                    "fc1412da-d97e-41d7-9a33-2486dc15cfdf",
                    "758a034e-e576-4916-ab47-1046882ce8b0",
                    "0576060b-7298-40a6-b1d8-90a13ab86e6a"
                ],
                [
                    "da923b09-a181-4692-a53a-1dcd15e6eabc",
                    "ae7dece4-dbc4-48fc-96ca-fc6a7d070d35",
                    "d4f8f6d5-3c6c-4c76-a012-d2d0508ee976",
                    "758a034e-e576-4916-ab47-1046882ce8b0",
                    "0576060b-7298-40a6-b1d8-90a13ab86e6a"
                ],
                [
                    "da923b09-a181-4692-a53a-1dcd15e6eabc",
                    "ae7dece4-dbc4-48fc-96ca-fc6a7d070d35",
                    "0fc2e849-2455-46f6-a151-7662e71b546b",
                    "0d960ad3-c06e-4218-acde-c8a20f235f01",
                    "0576060b-7298-40a6-b1d8-90a13ab86e6a"
                ],
                [
                    "da923b09-a181-4692-a53a-1dcd15e6eabc",
                    "ae7dece4-dbc4-48fc-96ca-fc6a7d070d35",
                    "06514334-df81-426e-9170-3c4b0b65106a",
                    "fd2ba6d0-41af-4def-ba69-5bd21662b3e0",
                    "0576060b-7298-40a6-b1d8-90a13ab86e6a"
                ],
                [
                    "da923b09-a181-4692-a53a-1dcd15e6eabc",
                    "ae7dece4-dbc4-48fc-96ca-fc6a7d070d35",
                    "6c01f8fe-b9e6-4b81-bf45-0a975c400ca7",
                    "758a034e-e576-4916-ab47-1046882ce8b0",
                    "0576060b-7298-40a6-b1d8-90a13ab86e6a"
                ]
            ]
        },
        {
            "output_tuple": [
                "Slava Novgorodov"
            ],
            "tuple_id": "45e23d86-236b-5c16-84a7-4b344cf19ab5",
            "dnf": [
                [
                    "c383863c-bc6a-4538-85c8-59c4e78ce799",
                    "ae7dece4-dbc4-48fc-96ca-fc6a7d070d35",
                    "4879963f-1cc5-42bb-a044-b70592b8bcb8",
                    "758a034e-e576-4916-ab47-1046882ce8b0",
                    "0576060b-7298-40a6-b1d8-90a13ab86e6a"
                ],
                [
                    "c383863c-bc6a-4538-85c8-59c4e78ce799",
                    "ae7dece4-dbc4-48fc-96ca-fc6a7d070d35",
                    "fc1412da-d97e-41d7-9a33-2486dc15cfdf",
                    "758a034e-e576-4916-ab47-1046882ce8b0",
                    "0576060b-7298-40a6-b1d8-90a13ab86e6a"
                ],
                [
                    "c383863c-bc6a-4538-85c8-59c4e78ce799",
                    "ae7dece4-dbc4-48fc-96ca-fc6a7d070d35",
                    "06514334-df81-426e-9170-3c4b0b65106a",
                    "fd2ba6d0-41af-4def-ba69-5bd21662b3e0",
                    "0576060b-7298-40a6-b1d8-90a13ab86e6a"
                ],
                [
                    "c383863c-bc6a-4538-85c8-59c4e78ce799",
                    "ae7dece4-dbc4-48fc-96ca-fc6a7d070d35",
                    "4fd4664d-9922-4c0c-890b-232a1f34277f",
                    "582567cd-2e36-4197-98c7-53a9551669cd",
                    "0576060b-7298-40a6-b1d8-90a13ab86e6a"
                ],
                [
                    "c383863c-bc6a-4538-85c8-59c4e78ce799",
                    "ae7dece4-dbc4-48fc-96ca-fc6a7d070d35",
                    "6c01f8fe-b9e6-4b81-bf45-0a975c400ca7",
                    "758a034e-e576-4916-ab47-1046882ce8b0",
                    "0576060b-7298-40a6-b1d8-90a13ab86e6a"
                ],
                [
                    "c383863c-bc6a-4538-85c8-59c4e78ce799",
                    "ae7dece4-dbc4-48fc-96ca-fc6a7d070d35",
                    "2951762c-3cd9-44ee-a28a-4cdb3dcd8733",
                    "eccac072-2138-4d11-9f65-69acf295b9f2",
                    "0576060b-7298-40a6-b1d8-90a13ab86e6a"
                ]
            ]
        },
        {
            "output_tuple": [
                "Yuval Shavitt"
            ],
            "tuple_id": "46e29c62-6343-566a-9ef5-b87008469e80",
            "dnf": [
                [
                    "2763e805-5043-48a9-9243-39f3becf6863",
                    "ae7dece4-dbc4-48fc-96ca-fc6a7d070d35",
                    "4a9aa79d-cc33-493f-9676-c580b490f114",
                    "fd2ba6d0-41af-4def-ba69-5bd21662b3e0",
                    "0576060b-7298-40a6-b1d8-90a13ab86e6a"
                ]
            ]
        },
        {
            "output_tuple": [
                "Yair Shimshoni"
            ],
            "tuple_id": "5a52d3f9-7bad-5e8a-b83b-dd4ab4d59b02",
            "dnf": [
                [
                    "9de6f0f5-beeb-4160-b7d7-cf1701fdf680",
                    "ae7dece4-dbc4-48fc-96ca-fc6a7d070d35",
                    "930044fd-48d6-4049-9a72-24bd5d3e598f",
                    "624c729a-be9d-4dd9-a1fc-dbb6553898ec",
                    "0576060b-7298-40a6-b1d8-90a13ab86e6a"
                ]
            ]
        },
        {
            "output_tuple": [
                "Amos Fiat"
            ],
            "tuple_id": "76585f2e-db0c-52b5-a8c7-c59ab556bc0f",
            "dnf": [
                [
                    "53b5a9d0-2fa8-4d8f-8e18-272089dd5aeb",
                    "ae7dece4-dbc4-48fc-96ca-fc6a7d070d35",
                    "350e4090-8c44-4f1a-a2f9-c3ad5fcf10c6",
                    "ca06d347-e447-4176-8710-df95c3c3cf23",
                    "0576060b-7298-40a6-b1d8-90a13ab86e6a"
                ]
            ]
        },
        {
            "output_tuple": [
                "Ohad Barzilay"
            ],
            "tuple_id": "7b69c265-bc67-5a6d-8320-49b6b1d0d15b",
            "dnf": [
                [
                    "982bc6b9-a664-4719-a6b6-ad6e332abf06",
                    "ae7dece4-dbc4-48fc-96ca-fc6a7d070d35",
                    "071c5849-0da2-40a3-abfb-723b10d39b32",
                    "624c729a-be9d-4dd9-a1fc-dbb6553898ec",
                    "0576060b-7298-40a6-b1d8-90a13ab86e6a"
                ]
            ]
        },
        {
            "output_tuple": [
                "Moshe Leshno"
            ],
            "tuple_id": "946e0c55-c027-5e3c-b730-4f05462a285a",
            "dnf": [
                [
                    "d2b88e76-a633-4489-9243-8697dc90981c",
                    "ae7dece4-dbc4-48fc-96ca-fc6a7d070d35",
                    "6b355474-d263-45d7-8068-f7c0434ed231",
                    "624c729a-be9d-4dd9-a1fc-dbb6553898ec",
                    "0576060b-7298-40a6-b1d8-90a13ab86e6a"
                ],
                [
                    "d2b88e76-a633-4489-9243-8697dc90981c",
                    "ae7dece4-dbc4-48fc-96ca-fc6a7d070d35",
                    "206647eb-33d5-4478-a4f3-bc6de5921ae5",
                    "624c729a-be9d-4dd9-a1fc-dbb6553898ec",
                    "0576060b-7298-40a6-b1d8-90a13ab86e6a"
                ],
                [
                    "d2b88e76-a633-4489-9243-8697dc90981c",
                    "ae7dece4-dbc4-48fc-96ca-fc6a7d070d35",
                    "c8a3cc1b-9c66-441c-be14-cce808af347b",
                    "913341f5-1901-459a-bcbb-4f9e6e9eead4",
                    "0576060b-7298-40a6-b1d8-90a13ab86e6a"
                ]
            ]
        },
        {
            "output_tuple": [
                "Dov Te'eni"
            ],
            "tuple_id": "a2292a2e-79d8-5988-8f57-b731c1ad2130",
            "dnf": [
                [
                    "9871365f-2a63-4ba9-ba5d-266f94a54973",
                    "ae7dece4-dbc4-48fc-96ca-fc6a7d070d35",
                    "7abbef01-940d-4744-af61-e0f593adbf54",
                    "624c729a-be9d-4dd9-a1fc-dbb6553898ec",
                    "0576060b-7298-40a6-b1d8-90a13ab86e6a"
                ],
                [
                    "9871365f-2a63-4ba9-ba5d-266f94a54973",
                    "ae7dece4-dbc4-48fc-96ca-fc6a7d070d35",
                    "47eb518c-efe3-4641-82d6-6e37a38fe45a",
                    "624c729a-be9d-4dd9-a1fc-dbb6553898ec",
                    "0576060b-7298-40a6-b1d8-90a13ab86e6a"
                ],
                [
                    "9871365f-2a63-4ba9-ba5d-266f94a54973",
                    "ae7dece4-dbc4-48fc-96ca-fc6a7d070d35",
                    "4010339b-02d5-4b2b-b1bc-289bf78f9c01",
                    "624c729a-be9d-4dd9-a1fc-dbb6553898ec",
                    "0576060b-7298-40a6-b1d8-90a13ab86e6a"
                ],
                [
                    "9871365f-2a63-4ba9-ba5d-266f94a54973",
                    "ae7dece4-dbc4-48fc-96ca-fc6a7d070d35",
                    "1ebcec25-0832-4d99-93ae-721baa748d8a",
                    "624c729a-be9d-4dd9-a1fc-dbb6553898ec",
                    "0576060b-7298-40a6-b1d8-90a13ab86e6a"
                ]
            ]
        },
        {
            "output_tuple": [
                "Anna Zamansky"
            ],
            "tuple_id": "c1b8037a-74d4-583b-ac07-cd15704b97d5",
            "dnf": [
                [
                    "187aaefd-4655-40e4-8c36-a25b861b8792",
                    "ae7dece4-dbc4-48fc-96ca-fc6a7d070d35",
                    "db1aebe4-7510-4df5-9a92-d1fed8dc52f9",
                    "aff3c690-0e6c-42c6-bd9d-1a5802c7a9b1",
                    "0576060b-7298-40a6-b1d8-90a13ab86e6a"
                ]
            ]
        },
        {
            "output_tuple": [
                "Boris Kostenko"
            ],
            "tuple_id": "c779f0f8-4420-5d7e-b3ba-9115baf04e30",
            "dnf": [
                [
                    "5d140113-9617-4f80-a713-85f2bafb46cf",
                    "ae7dece4-dbc4-48fc-96ca-fc6a7d070d35",
                    "993ed038-06f5-404e-be76-406884f1f76f",
                    "758a034e-e576-4916-ab47-1046882ce8b0",
                    "0576060b-7298-40a6-b1d8-90a13ab86e6a"
                ]
            ]
        },
        {
            "output_tuple": [
                "Eli Piasetzky"
            ],
            "tuple_id": "de9469b9-5ed0-5061-b413-64eeaa4f3e2e",
            "dnf": [
                [
                    "38a256e6-1f24-49da-87f7-7cbec7e71dc1",
                    "ae7dece4-dbc4-48fc-96ca-fc6a7d070d35",
                    "29f114e9-53e5-4308-8887-76174ce339a7",
                    "fc77d1bd-aaac-4bc6-b335-45a9fc38541b",
                    "0576060b-7298-40a6-b1d8-90a13ab86e6a"
                ]
            ]
        },
        {
            "output_tuple": [
                "Tova Milo"
            ],
            "tuple_id": "e81f9a04-40aa-5cb8-9cdd-e589b979eb2f",
            "dnf": [
                [
                    "1088ba6d-b4e0-41d4-a08e-51cb6bb85d90",
                    "ae7dece4-dbc4-48fc-96ca-fc6a7d070d35",
                    "3c3beaf6-922c-4363-8ed2-5b55cf33513f",
                    "582567cd-2e36-4197-98c7-53a9551669cd",
                    "0576060b-7298-40a6-b1d8-90a13ab86e6a"
                ],
                [
                    "1088ba6d-b4e0-41d4-a08e-51cb6bb85d90",
                    "ae7dece4-dbc4-48fc-96ca-fc6a7d070d35",
                    "431de542-c8c2-4f71-9370-bcabef3f4130",
                    "582567cd-2e36-4197-98c7-53a9551669cd",
                    "0576060b-7298-40a6-b1d8-90a13ab86e6a"
                ],
                [
                    "1088ba6d-b4e0-41d4-a08e-51cb6bb85d90",
                    "ae7dece4-dbc4-48fc-96ca-fc6a7d070d35",
                    "66fbc713-ac16-42e8-a305-9699d46555b4",
                    "7bf56238-4259-4058-ae94-df4ebfa36909",
                    "0576060b-7298-40a6-b1d8-90a13ab86e6a"
                ],
                [
                    "1088ba6d-b4e0-41d4-a08e-51cb6bb85d90",
                    "ae7dece4-dbc4-48fc-96ca-fc6a7d070d35",
                    "c06790b6-162b-46aa-8db7-87ce0307332f",
                    "7bf56238-4259-4058-ae94-df4ebfa36909",
                    "0576060b-7298-40a6-b1d8-90a13ab86e6a"
                ],
                [
                    "1088ba6d-b4e0-41d4-a08e-51cb6bb85d90",
                    "ae7dece4-dbc4-48fc-96ca-fc6a7d070d35",
                    "d2f35234-eb58-4b71-8cef-1c4e81e19aa5",
                    "08dc7f0b-0d72-42e2-a787-08b1e659ae7d",
                    "0576060b-7298-40a6-b1d8-90a13ab86e6a"
                ],
                [
                    "1088ba6d-b4e0-41d4-a08e-51cb6bb85d90",
                    "ae7dece4-dbc4-48fc-96ca-fc6a7d070d35",
                    "2bfab4a5-f13d-427c-bfd9-fea3ccb4b806",
                    "eccac072-2138-4d11-9f65-69acf295b9f2",
                    "0576060b-7298-40a6-b1d8-90a13ab86e6a"
                ],
                [
                    "1088ba6d-b4e0-41d4-a08e-51cb6bb85d90",
                    "ae7dece4-dbc4-48fc-96ca-fc6a7d070d35",
                    "2951762c-3cd9-44ee-a28a-4cdb3dcd8733",
                    "eccac072-2138-4d11-9f65-69acf295b9f2",
                    "0576060b-7298-40a6-b1d8-90a13ab86e6a"
                ],
                [
                    "1088ba6d-b4e0-41d4-a08e-51cb6bb85d90",
                    "ae7dece4-dbc4-48fc-96ca-fc6a7d070d35",
                    "6c01f8fe-b9e6-4b81-bf45-0a975c400ca7",
                    "758a034e-e576-4916-ab47-1046882ce8b0",
                    "0576060b-7298-40a6-b1d8-90a13ab86e6a"
                ],
                [
                    "1088ba6d-b4e0-41d4-a08e-51cb6bb85d90",
                    "ae7dece4-dbc4-48fc-96ca-fc6a7d070d35",
                    "c8d7e0da-bf47-4a18-932e-9011286adfbe",
                    "582567cd-2e36-4197-98c7-53a9551669cd",
                    "0576060b-7298-40a6-b1d8-90a13ab86e6a"
                ],
                [
                    "1088ba6d-b4e0-41d4-a08e-51cb6bb85d90",
                    "ae7dece4-dbc4-48fc-96ca-fc6a7d070d35",
                    "d1e694a8-182e-4333-b176-eb8a64a4a16f",
                    "f77cfcc8-7440-4081-b99b-f47107406eef",
                    "0576060b-7298-40a6-b1d8-90a13ab86e6a"
                ],
                [
                    "1088ba6d-b4e0-41d4-a08e-51cb6bb85d90",
                    "ae7dece4-dbc4-48fc-96ca-fc6a7d070d35",
                    "f932d10d-0b81-4711-8d18-151da579e73b",
                    "758a034e-e576-4916-ab47-1046882ce8b0",
                    "0576060b-7298-40a6-b1d8-90a13ab86e6a"
                ],
                [
                    "1088ba6d-b4e0-41d4-a08e-51cb6bb85d90",
                    "ae7dece4-dbc4-48fc-96ca-fc6a7d070d35",
                    "5034db9c-b5fa-472b-9585-d2953dd1933e",
                    "eccac072-2138-4d11-9f65-69acf295b9f2",
                    "0576060b-7298-40a6-b1d8-90a13ab86e6a"
                ],
                [
                    "1088ba6d-b4e0-41d4-a08e-51cb6bb85d90",
                    "ae7dece4-dbc4-48fc-96ca-fc6a7d070d35",
                    "0faede6e-6ab2-4a35-9d1d-d3b624b1da7d",
                    "0d960ad3-c06e-4218-acde-c8a20f235f01",
                    "0576060b-7298-40a6-b1d8-90a13ab86e6a"
                ],
                [
                    "1088ba6d-b4e0-41d4-a08e-51cb6bb85d90",
                    "ae7dece4-dbc4-48fc-96ca-fc6a7d070d35",
                    "76b56150-95a4-4003-bb36-f7011e66df6a",
                    "87702e88-9871-486c-adfb-0129cfd1f210",
                    "0576060b-7298-40a6-b1d8-90a13ab86e6a"
                ],
                [
                    "1088ba6d-b4e0-41d4-a08e-51cb6bb85d90",
                    "ae7dece4-dbc4-48fc-96ca-fc6a7d070d35",
                    "b11bbd2b-92b2-4412-ade9-f2a2fbe1079d",
                    "87702e88-9871-486c-adfb-0129cfd1f210",
                    "0576060b-7298-40a6-b1d8-90a13ab86e6a"
                ],
                [
                    "1088ba6d-b4e0-41d4-a08e-51cb6bb85d90",
                    "ae7dece4-dbc4-48fc-96ca-fc6a7d070d35",
                    "f7a75aba-baf5-495a-b548-abdaef5322ef",
                    "7bf56238-4259-4058-ae94-df4ebfa36909",
                    "0576060b-7298-40a6-b1d8-90a13ab86e6a"
                ],
                [
                    "1088ba6d-b4e0-41d4-a08e-51cb6bb85d90",
                    "ae7dece4-dbc4-48fc-96ca-fc6a7d070d35",
                    "e2d41e59-9775-4998-bc6d-b702302d1da9",
                    "eccac072-2138-4d11-9f65-69acf295b9f2",
                    "0576060b-7298-40a6-b1d8-90a13ab86e6a"
                ],
                [
                    "1088ba6d-b4e0-41d4-a08e-51cb6bb85d90",
                    "ae7dece4-dbc4-48fc-96ca-fc6a7d070d35",
                    "86805d28-0a1f-4d15-b739-08d4c75f0b89",
                    "eccac072-2138-4d11-9f65-69acf295b9f2",
                    "0576060b-7298-40a6-b1d8-90a13ab86e6a"
                ],
                [
                    "1088ba6d-b4e0-41d4-a08e-51cb6bb85d90",
                    "ae7dece4-dbc4-48fc-96ca-fc6a7d070d35",
                    "993ed038-06f5-404e-be76-406884f1f76f",
                    "758a034e-e576-4916-ab47-1046882ce8b0",
                    "0576060b-7298-40a6-b1d8-90a13ab86e6a"
                ],
                [
                    "1088ba6d-b4e0-41d4-a08e-51cb6bb85d90",
                    "ae7dece4-dbc4-48fc-96ca-fc6a7d070d35",
                    "5eba3603-3eea-4237-9187-eed480152792",
                    "87702e88-9871-486c-adfb-0129cfd1f210",
                    "0576060b-7298-40a6-b1d8-90a13ab86e6a"
                ],
                [
                    "1088ba6d-b4e0-41d4-a08e-51cb6bb85d90",
                    "ae7dece4-dbc4-48fc-96ca-fc6a7d070d35",
                    "6d7bfaa7-54b8-4de2-a951-7c5847257288",
                    "7bf56238-4259-4058-ae94-df4ebfa36909",
                    "0576060b-7298-40a6-b1d8-90a13ab86e6a"
                ],
                [
                    "1088ba6d-b4e0-41d4-a08e-51cb6bb85d90",
                    "ae7dece4-dbc4-48fc-96ca-fc6a7d070d35",
                    "7d05f2f5-1974-4f72-88d6-cefa6729e799",
                    "ae8761a5-4814-49ea-91cb-dfdca92e7475",
                    "0576060b-7298-40a6-b1d8-90a13ab86e6a"
                ],
                [
                    "1088ba6d-b4e0-41d4-a08e-51cb6bb85d90",
                    "ae7dece4-dbc4-48fc-96ca-fc6a7d070d35",
                    "4fd4664d-9922-4c0c-890b-232a1f34277f",
                    "582567cd-2e36-4197-98c7-53a9551669cd",
                    "0576060b-7298-40a6-b1d8-90a13ab86e6a"
                ],
                [
                    "1088ba6d-b4e0-41d4-a08e-51cb6bb85d90",
                    "ae7dece4-dbc4-48fc-96ca-fc6a7d070d35",
                    "af40064e-4902-488a-9b93-86cdcb970f7d",
                    "7bf56238-4259-4058-ae94-df4ebfa36909",
                    "0576060b-7298-40a6-b1d8-90a13ab86e6a"
                ],
                [
                    "1088ba6d-b4e0-41d4-a08e-51cb6bb85d90",
                    "ae7dece4-dbc4-48fc-96ca-fc6a7d070d35",
                    "5d2943fe-c820-4306-a5e4-49c72f4e65d3",
                    "0d960ad3-c06e-4218-acde-c8a20f235f01",
                    "0576060b-7298-40a6-b1d8-90a13ab86e6a"
                ],
                [
                    "1088ba6d-b4e0-41d4-a08e-51cb6bb85d90",
                    "ae7dece4-dbc4-48fc-96ca-fc6a7d070d35",
                    "fc1412da-d97e-41d7-9a33-2486dc15cfdf",
                    "758a034e-e576-4916-ab47-1046882ce8b0",
                    "0576060b-7298-40a6-b1d8-90a13ab86e6a"
                ],
                [
                    "1088ba6d-b4e0-41d4-a08e-51cb6bb85d90",
                    "ae7dece4-dbc4-48fc-96ca-fc6a7d070d35",
                    "7c7dccf9-7fd7-49bf-a132-3aadb8ec7544",
                    "eccac072-2138-4d11-9f65-69acf295b9f2",
                    "0576060b-7298-40a6-b1d8-90a13ab86e6a"
                ],
                [
                    "1088ba6d-b4e0-41d4-a08e-51cb6bb85d90",
                    "ae7dece4-dbc4-48fc-96ca-fc6a7d070d35",
                    "5e97e755-ddb2-4be2-9852-049b9e62757c",
                    "87702e88-9871-486c-adfb-0129cfd1f210",
                    "0576060b-7298-40a6-b1d8-90a13ab86e6a"
                ],
                [
                    "1088ba6d-b4e0-41d4-a08e-51cb6bb85d90",
                    "ae7dece4-dbc4-48fc-96ca-fc6a7d070d35",
                    "c4d8d835-f791-465f-8733-e5917ed7a9ef",
                    "8051b7a1-61f9-45b0-986f-f277e3620db3",
                    "0576060b-7298-40a6-b1d8-90a13ab86e6a"
                ],
                [
                    "1088ba6d-b4e0-41d4-a08e-51cb6bb85d90",
                    "ae7dece4-dbc4-48fc-96ca-fc6a7d070d35",
                    "acf2aeab-0c34-4dac-8186-89c1b1f60a35",
                    "7bf56238-4259-4058-ae94-df4ebfa36909",
                    "0576060b-7298-40a6-b1d8-90a13ab86e6a"
                ],
                [
                    "1088ba6d-b4e0-41d4-a08e-51cb6bb85d90",
                    "ae7dece4-dbc4-48fc-96ca-fc6a7d070d35",
                    "d4f8f6d5-3c6c-4c76-a012-d2d0508ee976",
                    "758a034e-e576-4916-ab47-1046882ce8b0",
                    "0576060b-7298-40a6-b1d8-90a13ab86e6a"
                ],
                [
                    "1088ba6d-b4e0-41d4-a08e-51cb6bb85d90",
                    "ae7dece4-dbc4-48fc-96ca-fc6a7d070d35",
                    "0fc2e849-2455-46f6-a151-7662e71b546b",
                    "0d960ad3-c06e-4218-acde-c8a20f235f01",
                    "0576060b-7298-40a6-b1d8-90a13ab86e6a"
                ],
                [
                    "1088ba6d-b4e0-41d4-a08e-51cb6bb85d90",
                    "ae7dece4-dbc4-48fc-96ca-fc6a7d070d35",
                    "4879963f-1cc5-42bb-a044-b70592b8bcb8",
                    "758a034e-e576-4916-ab47-1046882ce8b0",
                    "0576060b-7298-40a6-b1d8-90a13ab86e6a"
                ],
                [
                    "1088ba6d-b4e0-41d4-a08e-51cb6bb85d90",
                    "ae7dece4-dbc4-48fc-96ca-fc6a7d070d35",
                    "06514334-df81-426e-9170-3c4b0b65106a",
                    "fd2ba6d0-41af-4def-ba69-5bd21662b3e0",
                    "0576060b-7298-40a6-b1d8-90a13ab86e6a"
                ],
                [
                    "1088ba6d-b4e0-41d4-a08e-51cb6bb85d90",
                    "ae7dece4-dbc4-48fc-96ca-fc6a7d070d35",
                    "8784f378-a7ee-43c3-a5e8-4744f26b53df",
                    "9434dddd-456e-4a6b-8331-f63ecb2b446a",
                    "0576060b-7298-40a6-b1d8-90a13ab86e6a"
                ]
            ]
        },
        {
            "output_tuple": [
                "Arie Shaus"
            ],
            "tuple_id": "eb395ec2-2a3a-5281-a13b-eca9eb0c5f1e",
            "dnf": [
                [
                    "0c7da114-fdcf-4850-b40c-3f4e282ecdef",
                    "ae7dece4-dbc4-48fc-96ca-fc6a7d070d35",
                    "29f114e9-53e5-4308-8887-76174ce339a7",
                    "fc77d1bd-aaac-4bc6-b335-45a9fc38541b",
                    "0576060b-7298-40a6-b1d8-90a13ab86e6a"
                ]
            ]
        },
        {
            "output_tuple": [
                "Eli Turkel"
            ],
            "tuple_id": "fdac22a0-e194-5dad-9b0f-85aeebb84bfb",
            "dnf": [
                [
                    "474cc79a-aa93-4d94-abc8-b4bdd6af93a6",
                    "ae7dece4-dbc4-48fc-96ca-fc6a7d070d35",
                    "29f114e9-53e5-4308-8887-76174ce339a7",
                    "fc77d1bd-aaac-4bc6-b335-45a9fc38541b",
                    "0576060b-7298-40a6-b1d8-90a13ab86e6a"
                ]
            ]
        },
        {
            "output_tuple": [
                "Itzhak Omer"
            ],
            "tuple_id": "fe603743-1d67-5159-8cdf-449d7c390b25",
            "dnf": [
                [
                    "42e63029-a2c4-44b6-bfeb-bedd08bd20fe",
                    "ae7dece4-dbc4-48fc-96ca-fc6a7d070d35",
                    "de6fd4ac-3434-4787-a89c-a74c6e7cb599",
                    "f9afd45a-5108-48da-9a72-f9934a4d8a6e",
                    "0576060b-7298-40a6-b1d8-90a13ab86e6a"
                ],
                [
                    "42e63029-a2c4-44b6-bfeb-bedd08bd20fe",
                    "ae7dece4-dbc4-48fc-96ca-fc6a7d070d35",
                    "5bb6607b-6537-4061-99a8-6cc34b820b9e",
                    "f9afd45a-5108-48da-9a72-f9934a4d8a6e",
                    "0576060b-7298-40a6-b1d8-90a13ab86e6a"
                ]
            ]
        },
        {
            "output_tuple": [
                "Ofer Arieli"
            ],
            "tuple_id": "ff0e41e0-dfd8-56b3-a7c4-b3710e06a496",
            "dnf": [
                [
                    "851af5fe-b42c-49bf-af66-a79d3a8ac00e",
                    "ae7dece4-dbc4-48fc-96ca-fc6a7d070d35",
                    "db1aebe4-7510-4df5-9a92-d1fed8dc52f9",
                    "aff3c690-0e6c-42c6-bd9d-1a5802c7a9b1",
                    "0576060b-7298-40a6-b1d8-90a13ab86e6a"
                ]
            ]
        }
    ]
}