{
    "query_name": "3a_publication_citation_count",
    "query_sql": "SELECT \n\tpublication.citation_count \nFROM \n\tauthor, organization, writes, publication, conference, domain_conference, domain \nWHERE\n\tauthor.oid = organization.oid\n\tAND author.aid = writes.aid\n    AND writes.pid = publication.pid\n    AND publication.cid = conference.cid\n    AND conference.cid = domain_conference.cid\n    AND domain_conference.did = domain.did\n    AND organization.name = 'Tel Aviv University'\n    AND publication.year > 2010\n    AND domain.name = 'Databases'\nGROUP BY publication.citation_count ",
    "results": [
        {
            "output_tuple": [
                2
            ],
            "tuple_id": "6a8e614e-fbf3-588a-9ecd-ec8dc43dbb2e",
            "dnf": [
                [
                    "01d167f3-4ef8-46ef-8550-e6afc27fd078",
                    "0401505a-ab96-4a64-9276-ef563bb1d2a6",
                    "5b3c9d6c-2927-4028-9c36-bb7baa160386",
                    "f1b25053-5450-4471-ae0f-941aa481128e",
                    "362a5cd8-b838-42df-8ec9-8a393b180c84"
                ],
                [
                    "6b9e32fc-54e6-425d-bd11-2010002bd14d",
                    "0401505a-ab96-4a64-9276-ef563bb1d2a6",
                    "5b3c9d6c-2927-4028-9c36-bb7baa160386",
                    "f1b25053-5450-4471-ae0f-941aa481128e",
                    "362a5cd8-b838-42df-8ec9-8a393b180c84"
                ],
                [
                    "6d0c0896-5a69-41c0-be49-69d6a116feb7",
                    "0401505a-ab96-4a64-9276-ef563bb1d2a6",
                    "5b3c9d6c-2927-4028-9c36-bb7baa160386",
                    "f1b25053-5450-4471-ae0f-941aa481128e",
                    "362a5cd8-b838-42df-8ec9-8a393b180c84"
                ]
            ]
        },
        {
            "output_tuple": [
                0
            ],
            "tuple_id": "b5cd0457-e1ca-5951-8646-197eb5f5208b",
            "dnf": [
                [
                    "6d0c0896-5a69-41c0-be49-69d6a116feb7",
                    "0401505a-ab96-4a64-9276-ef563bb1d2a6",
                    "c819118b-9dba-47e9-9113-448f0e3a56b3",
                    "53bab805-bbe0-41bd-a009-1b5c7a65743a",
                    "362a5cd8-b838-42df-8ec9-8a393b180c84"
                ],
                [
                    "285d3916-3192-4bfa-9c98-f11c9bb45390",
                    "0401505a-ab96-4a64-9276-ef563bb1d2a6",
                    "cc0c2e88-256d-420c-8532-4d8fe3b9d357",
                    "693a953c-3de6-4f07-b678-086ba61826c0",
                    "362a5cd8-b838-42df-8ec9-8a393b180c84"
                ],
                [
                    "6b9e32fc-54e6-425d-bd11-2010002bd14d",
                    "0401505a-ab96-4a64-9276-ef563bb1d2a6",
                    "d22d3093-a446-4c12-aaa4-2d20fc1254f3",
                    "53bab805-bbe0-41bd-a009-1b5c7a65743a",
                    "362a5cd8-b838-42df-8ec9-8a393b180c84"
                ],
                [
                    "6b9e32fc-54e6-425d-bd11-2010002bd14d",
                    "0401505a-ab96-4a64-9276-ef563bb1d2a6",
                    "85d151c0-2483-49ad-85a4-38e55430f16b",
                    "fdec7532-8925-4444-8c81-7669a29bb599",
                    "362a5cd8-b838-42df-8ec9-8a393b180c84"
                ],
                [
                    "6d0c0896-5a69-41c0-be49-69d6a116feb7",
                    "0401505a-ab96-4a64-9276-ef563bb1d2a6",
                    "9d6fcb6d-d3bb-4086-a3dd-f599474fc377",
                    "a2a4ae4d-3c1e-4236-92bb-4187371d09b2",
                    "362a5cd8-b838-42df-8ec9-8a393b180c84"
                ],
                [
                    "6d0c0896-5a69-41c0-be49-69d6a116feb7",
                    "0401505a-ab96-4a64-9276-ef563bb1d2a6",
                    "c60f444b-a439-4afa-b018-258f5de7b35b",
                    "fdec7532-8925-4444-8c81-7669a29bb599",
                    "362a5cd8-b838-42df-8ec9-8a393b180c84"
                ],
                [
                    "6d0c0896-5a69-41c0-be49-69d6a116feb7",
                    "0401505a-ab96-4a64-9276-ef563bb1d2a6",
                    "2411daea-cfae-44c9-8448-eb83d9fa0b69",
                    "f1b25053-5450-4471-ae0f-941aa481128e",
                    "362a5cd8-b838-42df-8ec9-8a393b180c84"
                ],
                [
                    "285d3916-3192-4bfa-9c98-f11c9bb45390",
                    "0401505a-ab96-4a64-9276-ef563bb1d2a6",
                    "6e1f817c-30bd-418d-b0f3-935e13063d02",
                    "fdec7532-8925-4444-8c81-7669a29bb599",
                    "362a5cd8-b838-42df-8ec9-8a393b180c84"
                ],
                [
                    "cb08dde8-7969-4659-ab8c-30586b46515c",
                    "0401505a-ab96-4a64-9276-ef563bb1d2a6",
                    "2411daea-cfae-44c9-8448-eb83d9fa0b69",
                    "f1b25053-5450-4471-ae0f-941aa481128e",
                    "362a5cd8-b838-42df-8ec9-8a393b180c84"
                ],
                [
                    "285d3916-3192-4bfa-9c98-f11c9bb45390",
                    "0401505a-ab96-4a64-9276-ef563bb1d2a6",
                    "4058dccf-7a55-43dd-967c-34fefc860ff9",
                    "693a953c-3de6-4f07-b678-086ba61826c0",
                    "362a5cd8-b838-42df-8ec9-8a393b180c84"
                ],
                [
                    "6d0c0896-5a69-41c0-be49-69d6a116feb7",
                    "0401505a-ab96-4a64-9276-ef563bb1d2a6",
                    "86fce3e5-d7b1-4f88-bbda-fa45acaddb76",
                    "107a143b-3fee-4790-9d51-e98e12f1bd60",
                    "362a5cd8-b838-42df-8ec9-8a393b180c84"
                ],
                [
                    "6d0c0896-5a69-41c0-be49-69d6a116feb7",
                    "0401505a-ab96-4a64-9276-ef563bb1d2a6",
                    "4d41d57b-b02b-4a05-9dc6-72c70012105e",
                    "615799a7-e373-408f-b845-aed8d7619479",
                    "362a5cd8-b838-42df-8ec9-8a393b180c84"
                ],
                [
                    "36d3b57a-68ea-483f-9cc7-fc89308d5c6a",
                    "0401505a-ab96-4a64-9276-ef563bb1d2a6",
                    "7ec0a96b-e7f0-409c-b3f7-4e91aa61a93d",
                    "8039ec49-2cd9-4a24-a82a-54d89106a4fe",
                    "362a5cd8-b838-42df-8ec9-8a393b180c84"
                ],
                [
                    "6d0c0896-5a69-41c0-be49-69d6a116feb7",
                    "0401505a-ab96-4a64-9276-ef563bb1d2a6",
                    "fab1d117-8b36-44de-8293-62dc98d9b94d",
                    "f1b25053-5450-4471-ae0f-941aa481128e",
                    "362a5cd8-b838-42df-8ec9-8a393b180c84"
                ],
                [
                    "315bc335-b397-4967-bba0-c5ec690a255e",
                    "0401505a-ab96-4a64-9276-ef563bb1d2a6",
                    "1ebe0c36-3042-4227-8e55-3dfeb6af6b2f",
                    "e3de2e75-dd92-49e2-885c-a6de5f338afa",
                    "362a5cd8-b838-42df-8ec9-8a393b180c84"
                ],
                [
                    "5885b5c5-4e4b-484b-962c-1e10c1cf84c6",
                    "0401505a-ab96-4a64-9276-ef563bb1d2a6",
                    "e828bec6-421b-42e4-bdee-886f455ca6b1",
                    "ccd14a30-50bd-49c2-a696-9eae472eac3d",
                    "362a5cd8-b838-42df-8ec9-8a393b180c84"
                ],
                [
                    "5bbc082c-02c1-40e4-94ad-6f0cd9ce50f2",
                    "0401505a-ab96-4a64-9276-ef563bb1d2a6",
                    "0e52933c-bf78-42e4-8bd1-8efd6d9b55f9",
                    "e3de2e75-dd92-49e2-885c-a6de5f338afa",
                    "362a5cd8-b838-42df-8ec9-8a393b180c84"
                ],
                [
                    "285d3916-3192-4bfa-9c98-f11c9bb45390",
                    "0401505a-ab96-4a64-9276-ef563bb1d2a6",
                    "7d2dc21c-80a0-4da4-91ca-a3c9e09cc1fb",
                    "f1b25053-5450-4471-ae0f-941aa481128e",
                    "362a5cd8-b838-42df-8ec9-8a393b180c84"
                ],
                [
                    "e3b1af2c-8787-4443-94cb-b5b74063ac3f",
                    "0401505a-ab96-4a64-9276-ef563bb1d2a6",
                    "99f4549f-8e61-4e15-8f10-9c532d10ef34",
                    "604c59a6-c250-4ed4-98df-a7b318319447",
                    "362a5cd8-b838-42df-8ec9-8a393b180c84"
                ],
                [
                    "1f2df377-4464-4c69-a582-8caa41b8c713",
                    "0401505a-ab96-4a64-9276-ef563bb1d2a6",
                    "87486627-37a1-470c-9953-ef1d98ddc7c0",
                    "615799a7-e373-408f-b845-aed8d7619479",
                    "362a5cd8-b838-42df-8ec9-8a393b180c84"
                ],
                [
                    "5bbc082c-02c1-40e4-94ad-6f0cd9ce50f2",
                    "0401505a-ab96-4a64-9276-ef563bb1d2a6",
                    "cdf93026-838f-4296-b397-3827c9707aef",
                    "e3de2e75-dd92-49e2-885c-a6de5f338afa",
                    "362a5cd8-b838-42df-8ec9-8a393b180c84"
                ],
                [
                    "7033bfa9-33dd-46ea-af4f-5a22e3cda393",
                    "0401505a-ab96-4a64-9276-ef563bb1d2a6",
                    "8008e1f5-a225-4977-9aa0-3b99643f149c",
                    "e167fced-6f5c-48f5-9fb2-91f3467c182e",
                    "362a5cd8-b838-42df-8ec9-8a393b180c84"
                ],
                [
                    "6d0c0896-5a69-41c0-be49-69d6a116feb7",
                    "0401505a-ab96-4a64-9276-ef563bb1d2a6",
                    "38bd1fad-5e1e-4752-a321-9162d88c3f55",
                    "7f8a452c-be72-407f-b002-853b4f96e78f",
                    "362a5cd8-b838-42df-8ec9-8a393b180c84"
                ],
                [
                    "01d167f3-4ef8-46ef-8550-e6afc27fd078",
                    "0401505a-ab96-4a64-9276-ef563bb1d2a6",
                    "7850d834-dd05-4e06-8ac4-6e7aeca4b59d",
                    "8039ec49-2cd9-4a24-a82a-54d89106a4fe",
                    "362a5cd8-b838-42df-8ec9-8a393b180c84"
                ],
                [
                    "6d0c0896-5a69-41c0-be49-69d6a116feb7",
                    "0401505a-ab96-4a64-9276-ef563bb1d2a6",
                    "9e53a194-ffab-43ee-a9af-2d426b46681b",
                    "6f4cdf6a-54a5-4696-b42d-e2b45bbec4b6",
                    "362a5cd8-b838-42df-8ec9-8a393b180c84"
                ],
                [
                    "285d3916-3192-4bfa-9c98-f11c9bb45390",
                    "0401505a-ab96-4a64-9276-ef563bb1d2a6",
                    "e07c60ca-419e-4313-bf09-94a8cc49dc53",
                    "615799a7-e373-408f-b845-aed8d7619479",
                    "362a5cd8-b838-42df-8ec9-8a393b180c84"
                ],
                [
                    "01d167f3-4ef8-46ef-8550-e6afc27fd078",
                    "0401505a-ab96-4a64-9276-ef563bb1d2a6",
                    "fab1d117-8b36-44de-8293-62dc98d9b94d",
                    "f1b25053-5450-4471-ae0f-941aa481128e",
                    "362a5cd8-b838-42df-8ec9-8a393b180c84"
                ],
                [
                    "5bbc082c-02c1-40e4-94ad-6f0cd9ce50f2",
                    "0401505a-ab96-4a64-9276-ef563bb1d2a6",
                    "708fec2a-48dc-4469-8c3c-7cf1491b67a8",
                    "e3de2e75-dd92-49e2-885c-a6de5f338afa",
                    "362a5cd8-b838-42df-8ec9-8a393b180c84"
                ],
                [
                    "02ed2dfe-ba46-4844-afee-1caca6e66e69",
                    "0401505a-ab96-4a64-9276-ef563bb1d2a6",
                    "0ae591dd-093b-47bc-b015-e96cf699c5f2",
                    "7bf0a0d8-6674-46cb-a8e8-2c4023141e76",
                    "362a5cd8-b838-42df-8ec9-8a393b180c84"
                ],
                [
                    "285d3916-3192-4bfa-9c98-f11c9bb45390",
                    "0401505a-ab96-4a64-9276-ef563bb1d2a6",
                    "e99aacf1-03fa-4ef0-a913-fd61f5fd6a3d",
                    "a2a4ae4d-3c1e-4236-92bb-4187371d09b2",
                    "362a5cd8-b838-42df-8ec9-8a393b180c84"
                ],
                [
                    "6b9e32fc-54e6-425d-bd11-2010002bd14d",
                    "0401505a-ab96-4a64-9276-ef563bb1d2a6",
                    "7850d834-dd05-4e06-8ac4-6e7aeca4b59d",
                    "8039ec49-2cd9-4a24-a82a-54d89106a4fe",
                    "362a5cd8-b838-42df-8ec9-8a393b180c84"
                ],
                [
                    "3d998901-aca3-4a36-81c7-47e793ebb7db",
                    "0401505a-ab96-4a64-9276-ef563bb1d2a6",
                    "0ae591dd-093b-47bc-b015-e96cf699c5f2",
                    "7bf0a0d8-6674-46cb-a8e8-2c4023141e76",
                    "362a5cd8-b838-42df-8ec9-8a393b180c84"
                ],
                [
                    "6d0c0896-5a69-41c0-be49-69d6a116feb7",
                    "0401505a-ab96-4a64-9276-ef563bb1d2a6",
                    "e07c60ca-419e-4313-bf09-94a8cc49dc53",
                    "615799a7-e373-408f-b845-aed8d7619479",
                    "362a5cd8-b838-42df-8ec9-8a393b180c84"
                ],
                [
                    "6d0c0896-5a69-41c0-be49-69d6a116feb7",
                    "0401505a-ab96-4a64-9276-ef563bb1d2a6",
                    "8bc001c6-769e-46f2-9351-fee78356e73c",
                    "f1b25053-5450-4471-ae0f-941aa481128e",
                    "362a5cd8-b838-42df-8ec9-8a393b180c84"
                ],
                [
                    "285d3916-3192-4bfa-9c98-f11c9bb45390",
                    "0401505a-ab96-4a64-9276-ef563bb1d2a6",
                    "2bfeacb0-cc8d-4c72-8035-e74d8e802900",
                    "615799a7-e373-408f-b845-aed8d7619479",
                    "362a5cd8-b838-42df-8ec9-8a393b180c84"
                ],
                [
                    "6d0c0896-5a69-41c0-be49-69d6a116feb7",
                    "0401505a-ab96-4a64-9276-ef563bb1d2a6",
                    "73223628-7011-4418-add1-7bbe9f338e19",
                    "1eb2e22e-35df-4a94-a029-16cb0253cbf6",
                    "362a5cd8-b838-42df-8ec9-8a393b180c84"
                ],
                [
                    "812c8689-a3c0-480d-815e-cb45a6297dae",
                    "0401505a-ab96-4a64-9276-ef563bb1d2a6",
                    "7d2dc21c-80a0-4da4-91ca-a3c9e09cc1fb",
                    "f1b25053-5450-4471-ae0f-941aa481128e",
                    "362a5cd8-b838-42df-8ec9-8a393b180c84"
                ],
                [
                    "82234da8-83a4-4667-acf4-8b57348bca6b",
                    "0401505a-ab96-4a64-9276-ef563bb1d2a6",
                    "d60ecf7f-dad0-458c-bde3-ac764b6ac0cb",
                    "f5f05e97-e353-41cb-99e6-9b9195543434",
                    "362a5cd8-b838-42df-8ec9-8a393b180c84"
                ],
                [
                    "6d0c0896-5a69-41c0-be49-69d6a116feb7",
                    "0401505a-ab96-4a64-9276-ef563bb1d2a6",
                    "4afed857-0aa7-4242-9451-4b77ab12993b",
                    "fdec7532-8925-4444-8c81-7669a29bb599",
                    "362a5cd8-b838-42df-8ec9-8a393b180c84"
                ],
                [
                    "5885b5c5-4e4b-484b-962c-1e10c1cf84c6",
                    "0401505a-ab96-4a64-9276-ef563bb1d2a6",
                    "81da869a-d2eb-4e5c-9210-4e09b27a4133",
                    "ccd14a30-50bd-49c2-a696-9eae472eac3d",
                    "362a5cd8-b838-42df-8ec9-8a393b180c84"
                ],
                [
                    "6d0c0896-5a69-41c0-be49-69d6a116feb7",
                    "0401505a-ab96-4a64-9276-ef563bb1d2a6",
                    "4058dccf-7a55-43dd-967c-34fefc860ff9",
                    "693a953c-3de6-4f07-b678-086ba61826c0",
                    "362a5cd8-b838-42df-8ec9-8a393b180c84"
                ],
                [
                    "6d0c0896-5a69-41c0-be49-69d6a116feb7",
                    "0401505a-ab96-4a64-9276-ef563bb1d2a6",
                    "2bfeacb0-cc8d-4c72-8035-e74d8e802900",
                    "615799a7-e373-408f-b845-aed8d7619479",
                    "362a5cd8-b838-42df-8ec9-8a393b180c84"
                ],
                [
                    "01d167f3-4ef8-46ef-8550-e6afc27fd078",
                    "0401505a-ab96-4a64-9276-ef563bb1d2a6",
                    "2411daea-cfae-44c9-8448-eb83d9fa0b69",
                    "f1b25053-5450-4471-ae0f-941aa481128e",
                    "362a5cd8-b838-42df-8ec9-8a393b180c84"
                ],
                [
                    "6d0c0896-5a69-41c0-be49-69d6a116feb7",
                    "0401505a-ab96-4a64-9276-ef563bb1d2a6",
                    "6e1f817c-30bd-418d-b0f3-935e13063d02",
                    "fdec7532-8925-4444-8c81-7669a29bb599",
                    "362a5cd8-b838-42df-8ec9-8a393b180c84"
                ],
                [
                    "6d0c0896-5a69-41c0-be49-69d6a116feb7",
                    "0401505a-ab96-4a64-9276-ef563bb1d2a6",
                    "c9e2d68b-4741-4802-bd9c-aa55c60b24c6",
                    "693a953c-3de6-4f07-b678-086ba61826c0",
                    "362a5cd8-b838-42df-8ec9-8a393b180c84"
                ],
                [
                    "6d0c0896-5a69-41c0-be49-69d6a116feb7",
                    "0401505a-ab96-4a64-9276-ef563bb1d2a6",
                    "07436698-5ea0-48eb-9a37-70653b1c19dd",
                    "693a953c-3de6-4f07-b678-086ba61826c0",
                    "362a5cd8-b838-42df-8ec9-8a393b180c84"
                ],
                [
                    "6d0c0896-5a69-41c0-be49-69d6a116feb7",
                    "0401505a-ab96-4a64-9276-ef563bb1d2a6",
                    "7d2dc21c-80a0-4da4-91ca-a3c9e09cc1fb",
                    "f1b25053-5450-4471-ae0f-941aa481128e",
                    "362a5cd8-b838-42df-8ec9-8a393b180c84"
                ],
                [
                    "01d167f3-4ef8-46ef-8550-e6afc27fd078",
                    "0401505a-ab96-4a64-9276-ef563bb1d2a6",
                    "86fce3e5-d7b1-4f88-bbda-fa45acaddb76",
                    "107a143b-3fee-4790-9d51-e98e12f1bd60",
                    "362a5cd8-b838-42df-8ec9-8a393b180c84"
                ],
                [
                    "285d3916-3192-4bfa-9c98-f11c9bb45390",
                    "0401505a-ab96-4a64-9276-ef563bb1d2a6",
                    "b3814d8e-14a4-4674-8a0d-88517e6aa709",
                    "693a953c-3de6-4f07-b678-086ba61826c0",
                    "362a5cd8-b838-42df-8ec9-8a393b180c84"
                ],
                [
                    "d2487ffe-7dd1-4957-ab6d-a3b93e0e739d",
                    "0401505a-ab96-4a64-9276-ef563bb1d2a6",
                    "7ec0a96b-e7f0-409c-b3f7-4e91aa61a93d",
                    "8039ec49-2cd9-4a24-a82a-54d89106a4fe",
                    "362a5cd8-b838-42df-8ec9-8a393b180c84"
                ],
                [
                    "7033bfa9-33dd-46ea-af4f-5a22e3cda393",
                    "0401505a-ab96-4a64-9276-ef563bb1d2a6",
                    "2d10da64-84b9-4a1d-b284-22c0f03853e5",
                    "e3de2e75-dd92-49e2-885c-a6de5f338afa",
                    "362a5cd8-b838-42df-8ec9-8a393b180c84"
                ],
                [
                    "6d0c0896-5a69-41c0-be49-69d6a116feb7",
                    "0401505a-ab96-4a64-9276-ef563bb1d2a6",
                    "52d75617-b3f8-414e-98a1-292d232b9d6e",
                    "fdec7532-8925-4444-8c81-7669a29bb599",
                    "362a5cd8-b838-42df-8ec9-8a393b180c84"
                ],
                [
                    "cb08dde8-7969-4659-ab8c-30586b46515c",
                    "0401505a-ab96-4a64-9276-ef563bb1d2a6",
                    "7d2dc21c-80a0-4da4-91ca-a3c9e09cc1fb",
                    "f1b25053-5450-4471-ae0f-941aa481128e",
                    "362a5cd8-b838-42df-8ec9-8a393b180c84"
                ],
                [
                    "285d3916-3192-4bfa-9c98-f11c9bb45390",
                    "0401505a-ab96-4a64-9276-ef563bb1d2a6",
                    "461e3a2c-ad2e-43f9-a42a-8c6249a5cd0e",
                    "615799a7-e373-408f-b845-aed8d7619479",
                    "362a5cd8-b838-42df-8ec9-8a393b180c84"
                ],
                [
                    "6d0c0896-5a69-41c0-be49-69d6a116feb7",
                    "0401505a-ab96-4a64-9276-ef563bb1d2a6",
                    "e23dd492-05dd-42b4-b37a-fa2196854bcf",
                    "693a953c-3de6-4f07-b678-086ba61826c0",
                    "362a5cd8-b838-42df-8ec9-8a393b180c84"
                ],
                [
                    "6d0c0896-5a69-41c0-be49-69d6a116feb7",
                    "0401505a-ab96-4a64-9276-ef563bb1d2a6",
                    "b6432d4f-8032-431b-b0cd-a86109e19f4b",
                    "f1b25053-5450-4471-ae0f-941aa481128e",
                    "362a5cd8-b838-42df-8ec9-8a393b180c84"
                ],
                [
                    "5bbc082c-02c1-40e4-94ad-6f0cd9ce50f2",
                    "0401505a-ab96-4a64-9276-ef563bb1d2a6",
                    "b934aeda-b48a-42a0-9881-a6682b5ee6a7",
                    "e3de2e75-dd92-49e2-885c-a6de5f338afa",
                    "362a5cd8-b838-42df-8ec9-8a393b180c84"
                ],
                [
                    "6d0c0896-5a69-41c0-be49-69d6a116feb7",
                    "0401505a-ab96-4a64-9276-ef563bb1d2a6",
                    "3726fdd8-a764-47e4-b5e3-fe25203762e2",
                    "9faeb0d5-e404-4f40-96e3-38840e58bc29",
                    "362a5cd8-b838-42df-8ec9-8a393b180c84"
                ],
                [
                    "6b9e32fc-54e6-425d-bd11-2010002bd14d",
                    "0401505a-ab96-4a64-9276-ef563bb1d2a6",
                    "2411daea-cfae-44c9-8448-eb83d9fa0b69",
                    "f1b25053-5450-4471-ae0f-941aa481128e",
                    "362a5cd8-b838-42df-8ec9-8a393b180c84"
                ],
                [
                    "6d0c0896-5a69-41c0-be49-69d6a116feb7",
                    "0401505a-ab96-4a64-9276-ef563bb1d2a6",
                    "92d5d7f9-8b4f-4115-940b-ad0ddef425c5",
                    "107a143b-3fee-4790-9d51-e98e12f1bd60",
                    "362a5cd8-b838-42df-8ec9-8a393b180c84"
                ],
                [
                    "6d0c0896-5a69-41c0-be49-69d6a116feb7",
                    "0401505a-ab96-4a64-9276-ef563bb1d2a6",
                    "e0cc1ad0-1f95-47ef-a092-995ce9474eb1",
                    "615799a7-e373-408f-b845-aed8d7619479",
                    "362a5cd8-b838-42df-8ec9-8a393b180c84"
                ],
                [
                    "6d0c0896-5a69-41c0-be49-69d6a116feb7",
                    "0401505a-ab96-4a64-9276-ef563bb1d2a6",
                    "63d43df8-a953-4e1b-b7f7-f3e10f7b03d5",
                    "fdec7532-8925-4444-8c81-7669a29bb599",
                    "362a5cd8-b838-42df-8ec9-8a393b180c84"
                ],
                [
                    "6d0c0896-5a69-41c0-be49-69d6a116feb7",
                    "0401505a-ab96-4a64-9276-ef563bb1d2a6",
                    "b3814d8e-14a4-4674-8a0d-88517e6aa709",
                    "693a953c-3de6-4f07-b678-086ba61826c0",
                    "362a5cd8-b838-42df-8ec9-8a393b180c84"
                ],
                [
                    "ad41917c-4665-4ffd-8cdc-3e3b67005415",
                    "0401505a-ab96-4a64-9276-ef563bb1d2a6",
                    "cf4f79d1-7c1a-4e65-964f-6af4ca8b81b7",
                    "e3de2e75-dd92-49e2-885c-a6de5f338afa",
                    "362a5cd8-b838-42df-8ec9-8a393b180c84"
                ],
                [
                    "6b9e32fc-54e6-425d-bd11-2010002bd14d",
                    "0401505a-ab96-4a64-9276-ef563bb1d2a6",
                    "b6432d4f-8032-431b-b0cd-a86109e19f4b",
                    "f1b25053-5450-4471-ae0f-941aa481128e",
                    "362a5cd8-b838-42df-8ec9-8a393b180c84"
                ],
                [
                    "6d0c0896-5a69-41c0-be49-69d6a116feb7",
                    "0401505a-ab96-4a64-9276-ef563bb1d2a6",
                    "f2a6e658-f62f-40e8-998a-8be15bbaa2c3",
                    "53bab805-bbe0-41bd-a009-1b5c7a65743a",
                    "362a5cd8-b838-42df-8ec9-8a393b180c84"
                ],
                [
                    "285d3916-3192-4bfa-9c98-f11c9bb45390",
                    "0401505a-ab96-4a64-9276-ef563bb1d2a6",
                    "c7771114-630d-4d4b-8fc7-52f4ecae5460",
                    "506c2f00-a8bf-4ae7-8446-2cde964f36d4",
                    "362a5cd8-b838-42df-8ec9-8a393b180c84"
                ],
                [
                    "6d0c0896-5a69-41c0-be49-69d6a116feb7",
                    "0401505a-ab96-4a64-9276-ef563bb1d2a6",
                    "581d0c6a-67df-42a3-9eb4-9df997ce3565",
                    "693a953c-3de6-4f07-b678-086ba61826c0",
                    "362a5cd8-b838-42df-8ec9-8a393b180c84"
                ],
                [
                    "6d0c0896-5a69-41c0-be49-69d6a116feb7",
                    "0401505a-ab96-4a64-9276-ef563bb1d2a6",
                    "d22d3093-a446-4c12-aaa4-2d20fc1254f3",
                    "53bab805-bbe0-41bd-a009-1b5c7a65743a",
                    "362a5cd8-b838-42df-8ec9-8a393b180c84"
                ],
                [
                    "285d3916-3192-4bfa-9c98-f11c9bb45390",
                    "0401505a-ab96-4a64-9276-ef563bb1d2a6",
                    "9d6fcb6d-d3bb-4086-a3dd-f599474fc377",
                    "a2a4ae4d-3c1e-4236-92bb-4187371d09b2",
                    "362a5cd8-b838-42df-8ec9-8a393b180c84"
                ],
                [
                    "6d0c0896-5a69-41c0-be49-69d6a116feb7",
                    "0401505a-ab96-4a64-9276-ef563bb1d2a6",
                    "7850d834-dd05-4e06-8ac4-6e7aeca4b59d",
                    "8039ec49-2cd9-4a24-a82a-54d89106a4fe",
                    "362a5cd8-b838-42df-8ec9-8a393b180c84"
                ],
                [
                    "4ae96b10-2bc7-4be3-a788-ab50f33c63b4",
                    "0401505a-ab96-4a64-9276-ef563bb1d2a6",
                    "351e19ba-f9dd-46ef-b9bd-cb951d3acff7",
                    "1b9ff88c-247b-436a-95dd-c11e0e477c0f",
                    "362a5cd8-b838-42df-8ec9-8a393b180c84"
                ],
                [
                    "6d0c0896-5a69-41c0-be49-69d6a116feb7",
                    "0401505a-ab96-4a64-9276-ef563bb1d2a6",
                    "85d151c0-2483-49ad-85a4-38e55430f16b",
                    "fdec7532-8925-4444-8c81-7669a29bb599",
                    "362a5cd8-b838-42df-8ec9-8a393b180c84"
                ],
                [
                    "75a5b772-adab-4be6-b93c-3c96575bd961",
                    "0401505a-ab96-4a64-9276-ef563bb1d2a6",
                    "351e19ba-f9dd-46ef-b9bd-cb951d3acff7",
                    "1b9ff88c-247b-436a-95dd-c11e0e477c0f",
                    "362a5cd8-b838-42df-8ec9-8a393b180c84"
                ],
                [
                    "285d3916-3192-4bfa-9c98-f11c9bb45390",
                    "0401505a-ab96-4a64-9276-ef563bb1d2a6",
                    "4604245c-ec8f-449a-912f-cdc78aa8efb6",
                    "693a953c-3de6-4f07-b678-086ba61826c0",
                    "362a5cd8-b838-42df-8ec9-8a393b180c84"
                ],
                [
                    "7033bfa9-33dd-46ea-af4f-5a22e3cda393",
                    "0401505a-ab96-4a64-9276-ef563bb1d2a6",
                    "e3d91d86-b760-466e-b9f3-07b86c69c2f1",
                    "e3de2e75-dd92-49e2-885c-a6de5f338afa",
                    "362a5cd8-b838-42df-8ec9-8a393b180c84"
                ],
                [
                    "d95efac0-977b-4d27-a00f-2b6379c35f94",
                    "0401505a-ab96-4a64-9276-ef563bb1d2a6",
                    "0ae591dd-093b-47bc-b015-e96cf699c5f2",
                    "7bf0a0d8-6674-46cb-a8e8-2c4023141e76",
                    "362a5cd8-b838-42df-8ec9-8a393b180c84"
                ],
                [
                    "285d3916-3192-4bfa-9c98-f11c9bb45390",
                    "0401505a-ab96-4a64-9276-ef563bb1d2a6",
                    "f2a6e658-f62f-40e8-998a-8be15bbaa2c3",
                    "53bab805-bbe0-41bd-a009-1b5c7a65743a",
                    "362a5cd8-b838-42df-8ec9-8a393b180c84"
                ]
            ]
        },
        {
            "output_tuple": [
                1
            ],
            "tuple_id": "bdda56a5-215b-5256-9f11-c4e59036734a",
            "dnf": [
                [
                    "6d0c0896-5a69-41c0-be49-69d6a116feb7",
                    "0401505a-ab96-4a64-9276-ef563bb1d2a6",
                    "f789610a-0a82-4bd7-baf4-888ce993104b",
                    "53bab805-bbe0-41bd-a009-1b5c7a65743a",
                    "362a5cd8-b838-42df-8ec9-8a393b180c84"
                ],
                [
                    "6d0c0896-5a69-41c0-be49-69d6a116feb7",
                    "0401505a-ab96-4a64-9276-ef563bb1d2a6",
                    "e7c638b2-523c-49de-917b-4a5d004fb35f",
                    "107a143b-3fee-4790-9d51-e98e12f1bd60",
                    "362a5cd8-b838-42df-8ec9-8a393b180c84"
                ]
            ]
        }
    ]
}