{
    "query_name": "3b_author_name",
    "query_sql": "SELECT \n\tauthor.name \nFROM \n\tauthor, organization, writes, publication, conference, domain_conference, domain \nWHERE\n\tauthor.oid = organization.oid\n\tAND author.aid = writes.aid\n    AND writes.pid = publication.pid\n    AND publication.cid = conference.cid\n    AND conference.cid = domain_conference.cid\n    AND domain_conference.did = domain.did\n    AND organization.name = 'University of California San Diego'\n    AND publication.year > 2010\n    AND domain.name = 'Databases'\nGROUP BY author.name ",
    "results": [
        {
            "output_tuple": [
                "Ibrahim Burak Ozyurt"
            ],
            "tuple_id": "0702e57c-b75b-51c6-be75-6adf18b145a9",
            "dnf": [
                [
                    "836bb823-f485-454b-8ad6-62d0c3ee4540",
                    "3b4aa457-be37-4d47-b161-a59cceb4b768",
                    "15a84295-2a83-495f-8c9b-b7504012dba8",
                    "1a4d7d57-720a-4d91-941b-1a127fe06096",
                    "35b98f24-6243-4005-8215-cd3dc6af8a02"
                ]
            ]
        },
        {
            "output_tuple": [
                "Long Jiang"
            ],
            "tuple_id": "0841ab37-3349-5825-863b-6b67a91c4a04",
            "dnf": [
                [
                    "c1f698b4-6393-4737-9af4-e7da3c38e784",
                    "3b4aa457-be37-4d47-b161-a59cceb4b768",
                    "a2cfd482-970f-439c-94c4-1f925592180a",
                    "b3d22775-f64d-4474-a5f7-b28375daf35c",
                    "35b98f24-6243-4005-8215-cd3dc6af8a02"
                ]
            ]
        },
        {
            "output_tuple": [
                "Maryann E. Martone"
            ],
            "tuple_id": "0970ab33-d723-59ce-9b1f-c9f78e35461c",
            "dnf": [
                [
                    "09d78a15-a95d-49a4-95d1-10a87b826bf6",
                    "3b4aa457-be37-4d47-b161-a59cceb4b768",
                    "94b5b7be-c0e9-455b-a88c-216cd44da796",
                    "9141457c-2785-4701-9057-e5bde24f9f9f",
                    "35b98f24-6243-4005-8215-cd3dc6af8a02"
                ]
            ]
        },
        {
            "output_tuple": [
                "Qiang Zhu"
            ],
            "tuple_id": "0acc2117-6da8-517c-a308-7f840544c0c8",
            "dnf": [
                [
                    "943c2921-7d75-44c5-b562-09fa1cf648c2",
                    "3b4aa457-be37-4d47-b161-a59cceb4b768",
                    "412628c0-ca23-461e-a6f9-30ab1b1f07b6",
                    "4b7ef67a-149d-4ee6-aaf4-1e59b5308f7b",
                    "35b98f24-6243-4005-8215-cd3dc6af8a02"
                ],
                [
                    "943c2921-7d75-44c5-b562-09fa1cf648c2",
                    "3b4aa457-be37-4d47-b161-a59cceb4b768",
                    "9c6a4efc-32e5-426f-b7b6-17f9227c3623",
                    "90bda613-93d8-4e2e-867d-98ab11618e9b",
                    "35b98f24-6243-4005-8215-cd3dc6af8a02"
                ]
            ]
        },
        {
            "output_tuple": [
                "Son Doan"
            ],
            "tuple_id": "0d902d49-6d34-55d7-bac9-04cb654551b0",
            "dnf": [
                [
                    "1f316457-01ca-47b4-ae81-802bc07ba518",
                    "3b4aa457-be37-4d47-b161-a59cceb4b768",
                    "1d11659c-2e9d-447d-a6b8-45f427ba29a6",
                    "266ae922-b36d-44be-b4ea-ff6b39ab2fa6",
                    "35b98f24-6243-4005-8215-cd3dc6af8a02"
                ]
            ]
        },
        {
            "output_tuple": [
                "Yannis Papakonstantinou"
            ],
            "tuple_id": "0db32917-c6d0-5001-9464-39632860af37",
            "dnf": [
                [
                    "4e252524-13ef-4c22-a20e-c99cccb36134",
                    "3b4aa457-be37-4d47-b161-a59cceb4b768",
                    "6bd98eff-6e43-495a-a216-2f343a56b3e3",
                    "85405864-fdf1-4a6d-bf39-f51a5586a60e",
                    "35b98f24-6243-4005-8215-cd3dc6af8a02"
                ],
                [
                    "4e252524-13ef-4c22-a20e-c99cccb36134",
                    "3b4aa457-be37-4d47-b161-a59cceb4b768",
                    "4db70592-9450-4d38-b3da-efebbc934405",
                    "b1525268-9319-407d-b4bd-5b48387803ff",
                    "35b98f24-6243-4005-8215-cd3dc6af8a02"
                ],
                [
                    "4e252524-13ef-4c22-a20e-c99cccb36134",
                    "3b4aa457-be37-4d47-b161-a59cceb4b768",
                    "8309ca0c-d8c2-4d02-99a5-0329c4ba38f3",
                    "b1525268-9319-407d-b4bd-5b48387803ff",
                    "35b98f24-6243-4005-8215-cd3dc6af8a02"
                ],
                [
                    "4e252524-13ef-4c22-a20e-c99cccb36134",
                    "3b4aa457-be37-4d47-b161-a59cceb4b768",
                    "0eb09cef-3731-42d3-b2f5-4f62028b2e65",
                    "cec31a13-d14a-4ca7-ab63-b1262551dd12",
                    "35b98f24-6243-4005-8215-cd3dc6af8a02"
                ]
            ]
        },
        {
            "output_tuple": [
                "Kutila Gunasekera"
            ],
            "tuple_id": "12dbe31d-0371-593a-a572-b912e6689fc5",
            "dnf": [
                [
                    "f6d2e54d-1916-46b3-a3f8-6e7ca4cd0408",
                    "3b4aa457-be37-4d47-b161-a59cceb4b768",
                    "c7434770-359d-47f7-bdd5-f83e4cd5579a",
                    "758544a5-d973-4104-9400-34665aad5912",
                    "35b98f24-6243-4005-8215-cd3dc6af8a02"
                ]
            ]
        },
        {
            "output_tuple": [
                "Kevin Patrick"
            ],
            "tuple_id": "2819293d-3402-5f60-ba46-fe34eee65589",
            "dnf": [
                [
                    "88bd0200-91c8-4f90-9613-03dad2997773",
                    "3b4aa457-be37-4d47-b161-a59cceb4b768",
                    "1240e597-42f7-4ab3-a057-d85059fac789",
                    "758544a5-d973-4104-9400-34665aad5912",
                    "35b98f24-6243-4005-8215-cd3dc6af8a02"
                ],
                [
                    "88bd0200-91c8-4f90-9613-03dad2997773",
                    "3b4aa457-be37-4d47-b161-a59cceb4b768",
                    "41d31aa7-4332-46e1-932e-6346dbdfaf7e",
                    "758544a5-d973-4104-9400-34665aad5912",
                    "35b98f24-6243-4005-8215-cd3dc6af8a02"
                ]
            ]
        },
        {
            "output_tuple": [
                "Yu-Te Wang"
            ],
            "tuple_id": "31858c4a-b03e-5246-bb52-84d9c3af46fe",
            "dnf": [
                [
                    "7e329528-c580-44af-85d7-361531a7f08d",
                    "3b4aa457-be37-4d47-b161-a59cceb4b768",
                    "8f0def63-efc1-43f2-9f86-ae7eddce8a30",
                    "10cc35c6-287b-4134-bfcd-6d26e630d29e",
                    "35b98f24-6243-4005-8215-cd3dc6af8a02"
                ]
            ]
        },
        {
            "output_tuple": [
                "Barry Demchak"
            ],
            "tuple_id": "334acb1b-063d-58a0-a2e3-9359346ddab0",
            "dnf": [
                [
                    "8e271697-fa42-479d-87c7-20eae2222e8c",
                    "3b4aa457-be37-4d47-b161-a59cceb4b768",
                    "41d31aa7-4332-46e1-932e-6346dbdfaf7e",
                    "758544a5-d973-4104-9400-34665aad5912",
                    "35b98f24-6243-4005-8215-cd3dc6af8a02"
                ]
            ]
        },
        {
            "output_tuple": [
                "Jacqueline Kerr"
            ],
            "tuple_id": "37f43669-0616-5dd8-a531-06b28e1388e3",
            "dnf": [
                [
                    "10279d1e-3179-4118-b8c8-c158dfb79bc9",
                    "3b4aa457-be37-4d47-b161-a59cceb4b768",
                    "41d31aa7-4332-46e1-932e-6346dbdfaf7e",
                    "758544a5-d973-4104-9400-34665aad5912",
                    "35b98f24-6243-4005-8215-cd3dc6af8a02"
                ]
            ]
        },
        {
            "output_tuple": [
                "Yannis Katsis"
            ],
            "tuple_id": "38641c92-6baf-5249-ba7b-8379d2b6fa5d",
            "dnf": [
                [
                    "12454a56-8045-44c6-a0ff-b592c0f9c68c",
                    "3b4aa457-be37-4d47-b161-a59cceb4b768",
                    "c213d7a5-feb7-4e46-b936-15a25542ede0",
                    "cec31a13-d14a-4ca7-ab63-b1262551dd12",
                    "35b98f24-6243-4005-8215-cd3dc6af8a02"
                ],
                [
                    "12454a56-8045-44c6-a0ff-b592c0f9c68c",
                    "3b4aa457-be37-4d47-b161-a59cceb4b768",
                    "2ceaa916-6e15-471c-bf94-1df71a4c61cf",
                    "cec31a13-d14a-4ca7-ab63-b1262551dd12",
                    "35b98f24-6243-4005-8215-cd3dc6af8a02"
                ],
                [
                    "12454a56-8045-44c6-a0ff-b592c0f9c68c",
                    "3b4aa457-be37-4d47-b161-a59cceb4b768",
                    "4db70592-9450-4d38-b3da-efebbc934405",
                    "b1525268-9319-407d-b4bd-5b48387803ff",
                    "35b98f24-6243-4005-8215-cd3dc6af8a02"
                ],
                [
                    "12454a56-8045-44c6-a0ff-b592c0f9c68c",
                    "3b4aa457-be37-4d47-b161-a59cceb4b768",
                    "dfeba363-220d-4a44-86f4-5b420ec91e23",
                    "cec31a13-d14a-4ca7-ab63-b1262551dd12",
                    "35b98f24-6243-4005-8215-cd3dc6af8a02"
                ],
                [
                    "12454a56-8045-44c6-a0ff-b592c0f9c68c",
                    "3b4aa457-be37-4d47-b161-a59cceb4b768",
                    "5fd30bbb-2ad0-4189-9491-90e162ccb4a8",
                    "633446e9-4170-4022-9224-91107015bac6",
                    "35b98f24-6243-4005-8215-cd3dc6af8a02"
                ]
            ]
        },
        {
            "output_tuple": [
                "Paul Horn"
            ],
            "tuple_id": "3931c4c3-4f2f-54a0-8f0f-388da3060b59",
            "dnf": [
                [
                    "c3061417-f64c-4aef-aeda-433018b9c75b",
                    "3b4aa457-be37-4d47-b161-a59cceb4b768",
                    "27210e69-60a5-4412-9c3e-37cd6b8ab52b",
                    "b3d22775-f64d-4474-a5f7-b28375daf35c",
                    "35b98f24-6243-4005-8215-cd3dc6af8a02"
                ]
            ]
        },
        {
            "output_tuple": [
                "Dionysios Logothetis"
            ],
            "tuple_id": "4330bc3c-1824-5396-bed0-2d13cfca7db8",
            "dnf": [
                [
                    "b5d286cc-29c8-4e8b-af91-d25d93dd3546",
                    "3b4aa457-be37-4d47-b161-a59cceb4b768",
                    "4187a6c8-9460-4e07-953d-56ae54046a1f",
                    "b3d22775-f64d-4474-a5f7-b28375daf35c",
                    "35b98f24-6243-4005-8215-cd3dc6af8a02"
                ]
            ]
        },
        {
            "output_tuple": [
                "Elio Damaggio"
            ],
            "tuple_id": "48194b4d-03ba-5b10-8650-9c020dbfcbf5",
            "dnf": [
                [
                    "53b85318-c97e-44e9-8cac-297ba11ce940",
                    "3b4aa457-be37-4d47-b161-a59cceb4b768",
                    "d1adf4f6-2160-4ec8-ac9f-df53e7af74f6",
                    "db577c15-f24e-48c4-a370-4bb42ddd48bf",
                    "35b98f24-6243-4005-8215-cd3dc6af8a02"
                ],
                [
                    "53b85318-c97e-44e9-8cac-297ba11ce940",
                    "3b4aa457-be37-4d47-b161-a59cceb4b768",
                    "6e19f7ac-16d9-4e0c-bd35-cc168b22472d",
                    "db577c15-f24e-48c4-a370-4bb42ddd48bf",
                    "35b98f24-6243-4005-8215-cd3dc6af8a02"
                ],
                [
                    "53b85318-c97e-44e9-8cac-297ba11ce940",
                    "3b4aa457-be37-4d47-b161-a59cceb4b768",
                    "e14e2dd4-4904-4eb5-8328-711f407577be",
                    "cec31a13-d14a-4ca7-ab63-b1262551dd12",
                    "35b98f24-6243-4005-8215-cd3dc6af8a02"
                ],
                [
                    "53b85318-c97e-44e9-8cac-297ba11ce940",
                    "3b4aa457-be37-4d47-b161-a59cceb4b768",
                    "8334a9d9-f283-4c2a-ae3b-e41b13d2e1c6",
                    "633446e9-4170-4022-9224-91107015bac6",
                    "35b98f24-6243-4005-8215-cd3dc6af8a02"
                ]
            ]
        },
        {
            "output_tuple": [
                "Lijun Liu"
            ],
            "tuple_id": "4d2080a2-ed6e-51f8-9a18-bac2cfa66268",
            "dnf": [
                [
                    "dce9e6be-fab6-48a9-be6d-76847de2d5a7",
                    "3b4aa457-be37-4d47-b161-a59cceb4b768",
                    "fd16613b-c058-4503-8f2a-e8eec8ad9d13",
                    "10cc35c6-287b-4134-bfcd-6d26e630d29e",
                    "35b98f24-6243-4005-8215-cd3dc6af8a02"
                ]
            ]
        },
        {
            "output_tuple": [
                "Victor Vianu"
            ],
            "tuple_id": "50e22edc-81b9-5a18-aabb-35e6ec9aeac5",
            "dnf": [
                [
                    "3f1273bf-ea31-4cf7-85e3-a36826e61968",
                    "3b4aa457-be37-4d47-b161-a59cceb4b768",
                    "feb9ad31-6308-426e-9df4-bf4f831157c4",
                    "8241e1d5-3f01-4443-a795-9876b225fcfe",
                    "35b98f24-6243-4005-8215-cd3dc6af8a02"
                ],
                [
                    "3f1273bf-ea31-4cf7-85e3-a36826e61968",
                    "3b4aa457-be37-4d47-b161-a59cceb4b768",
                    "b703db38-45bc-4ca0-a141-aa41816277c4",
                    "633446e9-4170-4022-9224-91107015bac6",
                    "35b98f24-6243-4005-8215-cd3dc6af8a02"
                ],
                [
                    "3f1273bf-ea31-4cf7-85e3-a36826e61968",
                    "3b4aa457-be37-4d47-b161-a59cceb4b768",
                    "5f5454c0-c2ef-459f-b369-f34bfba629eb",
                    "633446e9-4170-4022-9224-91107015bac6",
                    "35b98f24-6243-4005-8215-cd3dc6af8a02"
                ],
                [
                    "3f1273bf-ea31-4cf7-85e3-a36826e61968",
                    "3b4aa457-be37-4d47-b161-a59cceb4b768",
                    "ba6597bb-467c-4119-9d4d-8e46a9b9737e",
                    "633446e9-4170-4022-9224-91107015bac6",
                    "35b98f24-6243-4005-8215-cd3dc6af8a02"
                ],
                [
                    "3f1273bf-ea31-4cf7-85e3-a36826e61968",
                    "3b4aa457-be37-4d47-b161-a59cceb4b768",
                    "8334a9d9-f283-4c2a-ae3b-e41b13d2e1c6",
                    "633446e9-4170-4022-9224-91107015bac6",
                    "35b98f24-6243-4005-8215-cd3dc6af8a02"
                ],
                [
                    "3f1273bf-ea31-4cf7-85e3-a36826e61968",
                    "3b4aa457-be37-4d47-b161-a59cceb4b768",
                    "e1eb78d8-29a8-40d9-8602-443ad6401012",
                    "633446e9-4170-4022-9224-91107015bac6",
                    "35b98f24-6243-4005-8215-cd3dc6af8a02"
                ],
                [
                    "3f1273bf-ea31-4cf7-85e3-a36826e61968",
                    "3b4aa457-be37-4d47-b161-a59cceb4b768",
                    "6e19f7ac-16d9-4e0c-bd35-cc168b22472d",
                    "db577c15-f24e-48c4-a370-4bb42ddd48bf",
                    "35b98f24-6243-4005-8215-cd3dc6af8a02"
                ]
            ]
        },
        {
            "output_tuple": [
                "Weizhong Li"
            ],
            "tuple_id": "5164a8c4-55fd-514b-ad6e-48e894e66dcf",
            "dnf": [
                [
                    "0291a816-79a2-47b2-aa9f-5d23e42fd686",
                    "3b4aa457-be37-4d47-b161-a59cceb4b768",
                    "9080562c-91aa-434c-9ecd-099603fb0a3f",
                    "ad2e3906-820e-4a51-90ea-6958543ab8b6",
                    "35b98f24-6243-4005-8215-cd3dc6af8a02"
                ]
            ]
        },
        {
            "output_tuple": [
                "Ingolf Kruger"
            ],
            "tuple_id": "52a769d0-446a-5c5e-972f-f9112c4a72c0",
            "dnf": [
                [
                    "ac1416f6-3f78-465c-b4fe-14d7fd84402e",
                    "3b4aa457-be37-4d47-b161-a59cceb4b768",
                    "41d31aa7-4332-46e1-932e-6346dbdfaf7e",
                    "758544a5-d973-4104-9400-34665aad5912",
                    "35b98f24-6243-4005-8215-cd3dc6af8a02"
                ]
            ]
        },
        {
            "output_tuple": [
                "Salih Ergut"
            ],
            "tuple_id": "7969615f-e51e-5f24-ae50-770ff4750341",
            "dnf": [
                [
                    "c7777950-3ea2-4177-b746-b79798b02f35",
                    "3b4aa457-be37-4d47-b161-a59cceb4b768",
                    "e2888919-fd6c-4641-9bf7-ec2a9c6dd37f",
                    "35d6f7d4-fa58-49c5-8f5e-077062bedfe3",
                    "35b98f24-6243-4005-8215-cd3dc6af8a02"
                ]
            ]
        },
        {
            "output_tuple": [
                "Vivien P. S. Chan"
            ],
            "tuple_id": "7c23ab86-2242-5003-9e25-9ec41316a30c",
            "dnf": [
                [
                    "c438e6f9-0d6d-4446-ad54-a5df78af8803",
                    "3b4aa457-be37-4d47-b161-a59cceb4b768",
                    "ef2a6dd7-ac78-495d-8cb0-719dc54eb4b4",
                    "7bff62a2-6db8-4bcd-b453-9b0b8925b6df",
                    "35b98f24-6243-4005-8215-cd3dc6af8a02"
                ],
                [
                    "c438e6f9-0d6d-4446-ad54-a5df78af8803",
                    "3b4aa457-be37-4d47-b161-a59cceb4b768",
                    "db3cfdf6-01aa-4dbb-b572-f0d2d72b8cd7",
                    "7bff62a2-6db8-4bcd-b453-9b0b8925b6df",
                    "35b98f24-6243-4005-8215-cd3dc6af8a02"
                ]
            ]
        },
        {
            "output_tuple": [
                "Tzyy-Ping Jung"
            ],
            "tuple_id": "8305089c-ab94-54c0-afc5-be620b00fde6",
            "dnf": [
                [
                    "4f4056de-4224-4363-86ec-4b8e239dd538",
                    "3b4aa457-be37-4d47-b161-a59cceb4b768",
                    "8f0def63-efc1-43f2-9f86-ae7eddce8a30",
                    "10cc35c6-287b-4134-bfcd-6d26e630d29e",
                    "35b98f24-6243-4005-8215-cd3dc6af8a02"
                ]
            ]
        },
        {
            "output_tuple": [
                "Kian Win Ong"
            ],
            "tuple_id": "8a306d6c-b526-5f24-a7bc-5cabcc6f880e",
            "dnf": [
                [
                    "aa9e04ff-154c-4d35-aa17-34d9fd36847b",
                    "3b4aa457-be37-4d47-b161-a59cceb4b768",
                    "6bd98eff-6e43-495a-a216-2f343a56b3e3",
                    "85405864-fdf1-4a6d-bf39-f51a5586a60e",
                    "35b98f24-6243-4005-8215-cd3dc6af8a02"
                ],
                [
                    "aa9e04ff-154c-4d35-aa17-34d9fd36847b",
                    "3b4aa457-be37-4d47-b161-a59cceb4b768",
                    "8309ca0c-d8c2-4d02-99a5-0329c4ba38f3",
                    "b1525268-9319-407d-b4bd-5b48387803ff",
                    "35b98f24-6243-4005-8215-cd3dc6af8a02"
                ]
            ]
        },
        {
            "output_tuple": [
                "Ke Sun"
            ],
            "tuple_id": "8acc36dd-3712-596c-85cb-3b732d67883f",
            "dnf": [
                [
                    "cd2c19eb-3987-45c0-9d25-3753d9f4562e",
                    "3b4aa457-be37-4d47-b161-a59cceb4b768",
                    "0b7494b4-2c9c-4222-a32d-d464d936d5f2",
                    "10cc35c6-287b-4134-bfcd-6d26e630d29e",
                    "35b98f24-6243-4005-8215-cd3dc6af8a02"
                ]
            ]
        },
        {
            "output_tuple": [
                "Jeffrey S. Grethe"
            ],
            "tuple_id": "936fb2ce-b7c2-56fe-b1d8-63d326e62f11",
            "dnf": [
                [
                    "e651833b-c861-4923-89f4-e9191e184006",
                    "3b4aa457-be37-4d47-b161-a59cceb4b768",
                    "94b5b7be-c0e9-455b-a88c-216cd44da796",
                    "9141457c-2785-4701-9057-e5bde24f9f9f",
                    "35b98f24-6243-4005-8215-cd3dc6af8a02"
                ]
            ]
        },
        {
            "output_tuple": [
                "Chaitanya K. Baru"
            ],
            "tuple_id": "a04d7365-85eb-5adf-b5c0-602f54c37173",
            "dnf": [
                [
                    "bcc04b24-0dde-4244-9aab-b12fb4a0597d",
                    "3b4aa457-be37-4d47-b161-a59cceb4b768",
                    "1240e597-42f7-4ab3-a057-d85059fac789",
                    "758544a5-d973-4104-9400-34665aad5912",
                    "35b98f24-6243-4005-8215-cd3dc6af8a02"
                ]
            ]
        },
        {
            "output_tuple": [
                "David Kauchak"
            ],
            "tuple_id": "a41febb0-2fb3-535d-ad6d-0ddf5acdd5a7",
            "dnf": [
                [
                    "f31a355d-e461-4538-ba3a-3de49706f04d",
                    "3b4aa457-be37-4d47-b161-a59cceb4b768",
                    "f4da5be3-cbfa-49ef-af91-ce8542c571c4",
                    "758544a5-d973-4104-9400-34665aad5912",
                    "35b98f24-6243-4005-8215-cd3dc6af8a02"
                ],
                [
                    "f31a355d-e461-4538-ba3a-3de49706f04d",
                    "3b4aa457-be37-4d47-b161-a59cceb4b768",
                    "188da987-274b-4459-9ccf-3c0022c784c9",
                    "758544a5-d973-4104-9400-34665aad5912",
                    "35b98f24-6243-4005-8215-cd3dc6af8a02"
                ]
            ]
        },
        {
            "output_tuple": [
                "Eric Parker"
            ],
            "tuple_id": "ae8b3a33-c21c-5e05-a68b-f7ace96be174",
            "dnf": [
                [
                    "5293c6a6-94e9-4291-b12b-fabf42db5503",
                    "3b4aa457-be37-4d47-b161-a59cceb4b768",
                    "1637d123-43a8-409d-9f99-fc6d56dab2a4",
                    "758544a5-d973-4104-9400-34665aad5912",
                    "35b98f24-6243-4005-8215-cd3dc6af8a02"
                ]
            ]
        },
        {
            "output_tuple": [
                "Amin Vahdat"
            ],
            "tuple_id": "ba2cdcb0-bfc8-5a46-ad56-c49708d13c8d",
            "dnf": [
                [
                    "c7c3499b-e5bd-4067-96dd-01c4639d0c65",
                    "3b4aa457-be37-4d47-b161-a59cceb4b768",
                    "9124d095-c880-4e43-8c71-6ec3e15b6e22",
                    "cec31a13-d14a-4ca7-ab63-b1262551dd12",
                    "35b98f24-6243-4005-8215-cd3dc6af8a02"
                ]
            ]
        },
        {
            "output_tuple": [
                "Yoav Freund"
            ],
            "tuple_id": "bead9e6c-1287-56d4-aa66-cf845722d146",
            "dnf": [
                [
                    "b55d1292-84df-4ba9-878c-afd5a189d227",
                    "3b4aa457-be37-4d47-b161-a59cceb4b768",
                    "4db70592-9450-4d38-b3da-efebbc934405",
                    "b1525268-9319-407d-b4bd-5b48387803ff",
                    "35b98f24-6243-4005-8215-cd3dc6af8a02"
                ]
            ]
        },
        {
            "output_tuple": [
                "Dayou Zhou"
            ],
            "tuple_id": "bf0c0afa-2ba7-514c-b435-341534c988c3",
            "dnf": [
                [
                    "58492dad-009c-4689-bc3f-a145156fbcaf",
                    "3b4aa457-be37-4d47-b161-a59cceb4b768",
                    "e14e2dd4-4904-4eb5-8328-711f407577be",
                    "cec31a13-d14a-4ca7-ab63-b1262551dd12",
                    "35b98f24-6243-4005-8215-cd3dc6af8a02"
                ]
            ]
        },
        {
            "output_tuple": [
                "Paul Mineiro"
            ],
            "tuple_id": "d1c1be95-1247-5667-98f6-44473cd83ff6",
            "dnf": [
                [
                    "a80dda50-9f83-4398-a29b-9435c2edf931",
                    "3b4aa457-be37-4d47-b161-a59cceb4b768",
                    "a2a32306-7d5e-45bc-9507-79d6d9668d24",
                    "cec31a13-d14a-4ca7-ab63-b1262551dd12",
                    "35b98f24-6243-4005-8215-cd3dc6af8a02"
                ],
                [
                    "a80dda50-9f83-4398-a29b-9435c2edf931",
                    "3b4aa457-be37-4d47-b161-a59cceb4b768",
                    "e919c73e-34ab-4883-9d3a-23fba6c366f6",
                    "4b7ef67a-149d-4ee6-aaf4-1e59b5308f7b",
                    "35b98f24-6243-4005-8215-cd3dc6af8a02"
                ]
            ]
        },
        {
            "output_tuple": [
                "Terry Gaasterland"
            ],
            "tuple_id": "d660c2bd-fa23-554a-9c44-40a84b995094",
            "dnf": [
                [
                    "fef392ab-d77b-4969-a6d8-13ea55137f13",
                    "3b4aa457-be37-4d47-b161-a59cceb4b768",
                    "363d12b5-c83c-4baa-a3aa-14bcba7b5248",
                    "0b8f21ce-5bdd-4cfb-b936-11223dcbb0dd",
                    "35b98f24-6243-4005-8215-cd3dc6af8a02"
                ]
            ]
        },
        {
            "output_tuple": [
                "Kevin Keliang Zhao"
            ],
            "tuple_id": "d7ad2d7a-17b9-5d4f-8aa6-56b083d6f162",
            "dnf": [
                [
                    "a78cd685-f077-4e62-870e-5274c71c7754",
                    "3b4aa457-be37-4d47-b161-a59cceb4b768",
                    "4cc33732-f103-45c0-9c9e-6d2dfa001b03",
                    "cec31a13-d14a-4ca7-ab63-b1262551dd12",
                    "35b98f24-6243-4005-8215-cd3dc6af8a02"
                ]
            ]
        },
        {
            "output_tuple": [
                "Ying Luo"
            ],
            "tuple_id": "d9349d73-0ac9-541f-bbaa-17cdaa4800fc",
            "dnf": [
                [
                    "4a714b44-8cb9-4a17-884f-5e775fb4f52b",
                    "3b4aa457-be37-4d47-b161-a59cceb4b768",
                    "9d8f4a27-9be5-4001-a2a1-0f832d4e7254",
                    "f0146fec-a5b7-4002-9824-facf60bd18b3",
                    "35b98f24-6243-4005-8215-cd3dc6af8a02"
                ]
            ]
        },
        {
            "output_tuple": [
                "Markus Plank"
            ],
            "tuple_id": "d998d9fe-2b21-5f5c-9283-3065bf6e55b1",
            "dnf": [
                [
                    "44f2feee-77e6-4c00-bbb9-c3eadc9f8627",
                    "3b4aa457-be37-4d47-b161-a59cceb4b768",
                    "dbeae07f-27e1-4599-b574-fb9d396f0e42",
                    "10cc35c6-287b-4134-bfcd-6d26e630d29e",
                    "35b98f24-6243-4005-8215-cd3dc6af8a02"
                ]
            ]
        },
        {
            "output_tuple": [
                "Christopher P. Holland"
            ],
            "tuple_id": "de3915b2-8ea6-54cd-997e-a88c0071fb5c",
            "dnf": [
                [
                    "68c20758-bfdd-4a2e-8175-35d62e1a5cfa",
                    "3b4aa457-be37-4d47-b161-a59cceb4b768",
                    "b8ae21fc-1b1d-4bc1-8faa-45d069bb43d2",
                    "758544a5-d973-4104-9400-34665aad5912",
                    "35b98f24-6243-4005-8215-cd3dc6af8a02"
                ],
                [
                    "68c20758-bfdd-4a2e-8175-35d62e1a5cfa",
                    "3b4aa457-be37-4d47-b161-a59cceb4b768",
                    "d81fb16c-3548-4b6a-8cfa-641dfb79db09",
                    "758544a5-d973-4104-9400-34665aad5912",
                    "35b98f24-6243-4005-8215-cd3dc6af8a02"
                ]
            ]
        },
        {
            "output_tuple": [
                "Howard Poizner"
            ],
            "tuple_id": "e1c57a7e-74cd-5822-abe5-23b89e1dd711",
            "dnf": [
                [
                    "f0ffe518-9d7d-434e-a702-8429b9d8ad27",
                    "3b4aa457-be37-4d47-b161-a59cceb4b768",
                    "dbeae07f-27e1-4599-b574-fb9d396f0e42",
                    "10cc35c6-287b-4134-bfcd-6d26e630d29e",
                    "35b98f24-6243-4005-8215-cd3dc6af8a02"
                ]
            ]
        },
        {
            "output_tuple": [
                "George Varghese"
            ],
            "tuple_id": "fb53f4c3-ada8-57c4-aa4f-dc2989c900e3",
            "dnf": [
                [
                    "ffab5117-3367-4b83-ad83-cdb534ac1190",
                    "3b4aa457-be37-4d47-b161-a59cceb4b768",
                    "ad5aa089-f849-472f-aa72-73968fd96dff",
                    "b1525268-9319-407d-b4bd-5b48387803ff",
                    "35b98f24-6243-4005-8215-cd3dc6af8a02"
                ],
                [
                    "ffab5117-3367-4b83-ad83-cdb534ac1190",
                    "3b4aa457-be37-4d47-b161-a59cceb4b768",
                    "f7157927-9a5d-4ffb-9d09-5fe9454c9064",
                    "b1525268-9319-407d-b4bd-5b48387803ff",
                    "35b98f24-6243-4005-8215-cd3dc6af8a02"
                ],
                [
                    "ffab5117-3367-4b83-ad83-cdb534ac1190",
                    "3b4aa457-be37-4d47-b161-a59cceb4b768",
                    "b3b23365-6a23-423b-be2e-333225e3c606",
                    "b1525268-9319-407d-b4bd-5b48387803ff",
                    "35b98f24-6243-4005-8215-cd3dc6af8a02"
                ]
            ]
        },
        {
            "output_tuple": [
                "Alin Deutsch"
            ],
            "tuple_id": "fb96a88e-a9ed-5857-9a6d-bc39da744e91",
            "dnf": [
                [
                    "c2acb03b-64c5-4101-a66f-032586767db7",
                    "3b4aa457-be37-4d47-b161-a59cceb4b768",
                    "f59d3a53-2112-429b-b877-432b6b9e0562",
                    "b1525268-9319-407d-b4bd-5b48387803ff",
                    "35b98f24-6243-4005-8215-cd3dc6af8a02"
                ],
                [
                    "c2acb03b-64c5-4101-a66f-032586767db7",
                    "3b4aa457-be37-4d47-b161-a59cceb4b768",
                    "99b4703d-4c5c-4d38-a845-bf08402b89d5",
                    "8241e1d5-3f01-4443-a795-9876b225fcfe",
                    "35b98f24-6243-4005-8215-cd3dc6af8a02"
                ],
                [
                    "c2acb03b-64c5-4101-a66f-032586767db7",
                    "3b4aa457-be37-4d47-b161-a59cceb4b768",
                    "e14e2dd4-4904-4eb5-8328-711f407577be",
                    "cec31a13-d14a-4ca7-ab63-b1262551dd12",
                    "35b98f24-6243-4005-8215-cd3dc6af8a02"
                ],
                [
                    "c2acb03b-64c5-4101-a66f-032586767db7",
                    "3b4aa457-be37-4d47-b161-a59cceb4b768",
                    "4466b4bd-a587-49a3-8a45-6a2a863eb703",
                    "cec31a13-d14a-4ca7-ab63-b1262551dd12",
                    "35b98f24-6243-4005-8215-cd3dc6af8a02"
                ],
                [
                    "c2acb03b-64c5-4101-a66f-032586767db7",
                    "3b4aa457-be37-4d47-b161-a59cceb4b768",
                    "6e19f7ac-16d9-4e0c-bd35-cc168b22472d",
                    "db577c15-f24e-48c4-a370-4bb42ddd48bf",
                    "35b98f24-6243-4005-8215-cd3dc6af8a02"
                ],
                [
                    "c2acb03b-64c5-4101-a66f-032586767db7",
                    "3b4aa457-be37-4d47-b161-a59cceb4b768",
                    "dfeba363-220d-4a44-86f4-5b420ec91e23",
                    "cec31a13-d14a-4ca7-ab63-b1262551dd12",
                    "35b98f24-6243-4005-8215-cd3dc6af8a02"
                ],
                [
                    "c2acb03b-64c5-4101-a66f-032586767db7",
                    "3b4aa457-be37-4d47-b161-a59cceb4b768",
                    "8334a9d9-f283-4c2a-ae3b-e41b13d2e1c6",
                    "633446e9-4170-4022-9224-91107015bac6",
                    "35b98f24-6243-4005-8215-cd3dc6af8a02"
                ]
            ]
        }
    ]
}