{
    "query_name": "3b_publication_citation_count",
    "query_sql": "SELECT \n\tpublication.citation_count \nFROM \n\tauthor, organization, writes, publication, conference, domain_conference, domain \nWHERE\n\tauthor.oid = organization.oid\n\tAND author.aid = writes.aid\n    AND writes.pid = publication.pid\n    AND publication.cid = conference.cid\n    AND conference.cid = domain_conference.cid\n    AND domain_conference.did = domain.did\n    AND organization.name = 'University of California San Diego'\n    AND publication.year > 2010\n    AND domain.name = 'Databases'\nGROUP BY publication.citation_count  ",
    "results": [
        {
            "output_tuple": [
                9
            ],
            "tuple_id": "60f32f9c-5bd0-5b0d-83a9-d816da8a6d53",
            "dnf": [
                [
                    "0187850d-5f66-4414-a741-ac9a0b8509fd",
                    "92bdeabe-192c-459a-a01a-b902631f5294",
                    "56a860aa-001e-47fa-a04d-ee85729fef27",
                    "4e011469-b114-48cd-bd10-12051a2245ad",
                    "0576060b-7298-40a6-b1d8-90a13ab86e6a"
                ]
            ]
        },
        {
            "output_tuple": [
                1
            ],
            "tuple_id": "b76cc9a6-d767-5ab8-a1ae-edbf2251d827",
            "dnf": [
                [
                    "cf39581d-2e20-47c8-8c1e-39a2a9658234",
                    "92bdeabe-192c-459a-a01a-b902631f5294",
                    "54b1ff43-993f-4331-90e6-44b72e3ad40f",
                    "8051b7a1-61f9-45b0-986f-f277e3620db3",
                    "0576060b-7298-40a6-b1d8-90a13ab86e6a"
                ]
            ]
        },
        {
            "output_tuple": [
                0
            ],
            "tuple_id": "c51df2b2-18e7-5793-8edb-727b7a361528",
            "dnf": [
                [
                    "cfcf6a14-2e6a-4f06-9c98-d6ad5d8ffdc4",
                    "92bdeabe-192c-459a-a01a-b902631f5294",
                    "470bed5c-c49f-4b9a-bf0b-93b234115d1a",
                    "eccac072-2138-4d11-9f65-69acf295b9f2",
                    "0576060b-7298-40a6-b1d8-90a13ab86e6a"
                ],
                [
                    "64452080-18dd-4768-a803-3cb204a84eb8",
                    "92bdeabe-192c-459a-a01a-b902631f5294",
                    "bc4182e3-1fc6-4491-b249-141c2e229236",
                    "f1ee7927-ec2b-4c8a-96be-84718cfe23a1",
                    "0576060b-7298-40a6-b1d8-90a13ab86e6a"
                ],
                [
                    "b7a7250c-a455-4da9-adf3-90daf0aeaf78",
                    "92bdeabe-192c-459a-a01a-b902631f5294",
                    "61f3ea4d-3d36-44ee-a0a1-026bad2060d4",
                    "758a034e-e576-4916-ab47-1046882ce8b0",
                    "0576060b-7298-40a6-b1d8-90a13ab86e6a"
                ],
                [
                    "be8c6271-e197-4450-9745-6eece8517341",
                    "92bdeabe-192c-459a-a01a-b902631f5294",
                    "57799d1c-4606-485f-9c7c-6df12aaa90bc",
                    "ca06d347-e447-4176-8710-df95c3c3cf23",
                    "0576060b-7298-40a6-b1d8-90a13ab86e6a"
                ],
                [
                    "3cc06473-c26d-4bb1-b425-08435a25ce56",
                    "92bdeabe-192c-459a-a01a-b902631f5294",
                    "093d7678-0ad1-49e5-ad7d-216a5b9ddb77",
                    "eccac072-2138-4d11-9f65-69acf295b9f2",
                    "0576060b-7298-40a6-b1d8-90a13ab86e6a"
                ],
                [
                    "681b606a-ca4f-4822-a1c7-280c370101a5",
                    "92bdeabe-192c-459a-a01a-b902631f5294",
                    "76fae008-8367-4779-9808-54ebe44ac873",
                    "eccac072-2138-4d11-9f65-69acf295b9f2",
                    "0576060b-7298-40a6-b1d8-90a13ab86e6a"
                ],
                [
                    "17eceb91-9895-4a7b-a49d-9e967d28cacc",
                    "92bdeabe-192c-459a-a01a-b902631f5294",
                    "f525af33-0385-4a85-8283-a7a789fdb72f",
                    "eccac072-2138-4d11-9f65-69acf295b9f2",
                    "0576060b-7298-40a6-b1d8-90a13ab86e6a"
                ],
                [
                    "b89d1906-e1ab-428e-8523-c65ad170cf71",
                    "92bdeabe-192c-459a-a01a-b902631f5294",
                    "577d3a96-36ac-44ac-8354-29014b414765",
                    "669e64cc-fa85-4fae-b0af-7fe82a8cc870",
                    "0576060b-7298-40a6-b1d8-90a13ab86e6a"
                ],
                [
                    "681b606a-ca4f-4822-a1c7-280c370101a5",
                    "92bdeabe-192c-459a-a01a-b902631f5294",
                    "07a2e8f0-3488-460a-a04c-e2cd8d39975a",
                    "eccac072-2138-4d11-9f65-69acf295b9f2",
                    "0576060b-7298-40a6-b1d8-90a13ab86e6a"
                ],
                [
                    "2a1a4d7f-2fa8-41c0-956a-c518a310c5f8",
                    "92bdeabe-192c-459a-a01a-b902631f5294",
                    "630928c0-fd6e-48f5-930a-b15a52c3df9f",
                    "f1ee7927-ec2b-4c8a-96be-84718cfe23a1",
                    "0576060b-7298-40a6-b1d8-90a13ab86e6a"
                ],
                [
                    "f57c4cde-b0f0-43a0-aca0-c99db6ebd05f",
                    "92bdeabe-192c-459a-a01a-b902631f5294",
                    "bc30d2ec-8566-430a-ade8-039306d071a4",
                    "7bf56238-4259-4058-ae94-df4ebfa36909",
                    "0576060b-7298-40a6-b1d8-90a13ab86e6a"
                ],
                [
                    "f57c4cde-b0f0-43a0-aca0-c99db6ebd05f",
                    "92bdeabe-192c-459a-a01a-b902631f5294",
                    "8684cfd7-2fda-4a94-a4ff-ee2e5a92d489",
                    "7bf56238-4259-4058-ae94-df4ebfa36909",
                    "0576060b-7298-40a6-b1d8-90a13ab86e6a"
                ],
                [
                    "e315da84-a7c2-4f8f-b6f1-d14d29f97743",
                    "92bdeabe-192c-459a-a01a-b902631f5294",
                    "ea84d595-61fd-4d91-b6fa-44f91e27c657",
                    "6ce6d3c8-ebe6-44f4-99d2-1f22d8c2c715",
                    "0576060b-7298-40a6-b1d8-90a13ab86e6a"
                ],
                [
                    "a411974d-2538-4164-98e7-f83deac41c8b",
                    "92bdeabe-192c-459a-a01a-b902631f5294",
                    "8644c3d8-0954-4620-9b04-7dbd4f3b670b",
                    "772c5ddb-bd9a-44dc-96b9-0d1700adaac8",
                    "0576060b-7298-40a6-b1d8-90a13ab86e6a"
                ],
                [
                    "1823b443-b2ee-4ffb-92f4-aabb78089bbe",
                    "92bdeabe-192c-459a-a01a-b902631f5294",
                    "0f7c42c1-0be2-48d4-b5d8-23cf9b9e4bdf",
                    "f1ee7927-ec2b-4c8a-96be-84718cfe23a1",
                    "0576060b-7298-40a6-b1d8-90a13ab86e6a"
                ],
                [
                    "08810500-214f-4e1f-af66-a6dbf0f4ee66",
                    "92bdeabe-192c-459a-a01a-b902631f5294",
                    "92ab9fbb-63c4-4fa4-958f-bd98a9b71711",
                    "fd2ba6d0-41af-4def-ba69-5bd21662b3e0",
                    "0576060b-7298-40a6-b1d8-90a13ab86e6a"
                ],
                [
                    "681b606a-ca4f-4822-a1c7-280c370101a5",
                    "92bdeabe-192c-459a-a01a-b902631f5294",
                    "a1684265-f944-466c-a13a-adb5f35af2c1",
                    "87702e88-9871-486c-adfb-0129cfd1f210",
                    "0576060b-7298-40a6-b1d8-90a13ab86e6a"
                ],
                [
                    "fef16c4b-227d-4ff8-80c3-edb1b9983095",
                    "92bdeabe-192c-459a-a01a-b902631f5294",
                    "8644c3d8-0954-4620-9b04-7dbd4f3b670b",
                    "772c5ddb-bd9a-44dc-96b9-0d1700adaac8",
                    "0576060b-7298-40a6-b1d8-90a13ab86e6a"
                ],
                [
                    "b17ce5bc-3163-41b8-84c2-e9c9094d15f5",
                    "92bdeabe-192c-459a-a01a-b902631f5294",
                    "a965b994-39bc-4a50-a2d2-3f2665e075c3",
                    "49c24f28-cbea-4ada-a54d-0abc3625a4e0",
                    "0576060b-7298-40a6-b1d8-90a13ab86e6a"
                ],
                [
                    "f57c4cde-b0f0-43a0-aca0-c99db6ebd05f",
                    "92bdeabe-192c-459a-a01a-b902631f5294",
                    "0a1c53c9-f4be-441d-8d9d-14eb0b0782de",
                    "7bf56238-4259-4058-ae94-df4ebfa36909",
                    "0576060b-7298-40a6-b1d8-90a13ab86e6a"
                ],
                [
                    "3cc06473-c26d-4bb1-b425-08435a25ce56",
                    "92bdeabe-192c-459a-a01a-b902631f5294",
                    "7a0c2b27-3a31-4544-a5b6-420b4039f14f",
                    "eccac072-2138-4d11-9f65-69acf295b9f2",
                    "0576060b-7298-40a6-b1d8-90a13ab86e6a"
                ],
                [
                    "104a7627-aa81-4be6-88ab-ba0e2a82586c",
                    "92bdeabe-192c-459a-a01a-b902631f5294",
                    "6cfb346c-c77b-4455-82b2-a4d6d8ea51ae",
                    "fd2ba6d0-41af-4def-ba69-5bd21662b3e0",
                    "0576060b-7298-40a6-b1d8-90a13ab86e6a"
                ],
                [
                    "7ce61323-d07f-478e-99a4-db83bc3eb42c",
                    "92bdeabe-192c-459a-a01a-b902631f5294",
                    "99ec99d2-7223-4e00-bc3a-f77c6e959c05",
                    "582567cd-2e36-4197-98c7-53a9551669cd",
                    "0576060b-7298-40a6-b1d8-90a13ab86e6a"
                ],
                [
                    "f00d4e25-d141-4a05-94b5-a58fafbbdebd",
                    "92bdeabe-192c-459a-a01a-b902631f5294",
                    "19432dcf-bd2b-4c07-808b-3d7f168bc1be",
                    "49c24f28-cbea-4ada-a54d-0abc3625a4e0",
                    "0576060b-7298-40a6-b1d8-90a13ab86e6a"
                ],
                [
                    "b7a7250c-a455-4da9-adf3-90daf0aeaf78",
                    "92bdeabe-192c-459a-a01a-b902631f5294",
                    "1a3de73c-a81f-4be6-b19f-889c01110db8",
                    "eccac072-2138-4d11-9f65-69acf295b9f2",
                    "0576060b-7298-40a6-b1d8-90a13ab86e6a"
                ],
                [
                    "2e0a650d-1687-4cfc-92f9-0f832af575fd",
                    "92bdeabe-192c-459a-a01a-b902631f5294",
                    "8e0375a3-c232-48a1-a7ac-128c3036cee4",
                    "f1ee7927-ec2b-4c8a-96be-84718cfe23a1",
                    "0576060b-7298-40a6-b1d8-90a13ab86e6a"
                ],
                [
                    "c9d51eeb-2b09-45f3-a76f-be46f24b5684",
                    "92bdeabe-192c-459a-a01a-b902631f5294",
                    "7039179f-22d5-4750-90d5-d48f10b8b6c5",
                    "f1ee7927-ec2b-4c8a-96be-84718cfe23a1",
                    "0576060b-7298-40a6-b1d8-90a13ab86e6a"
                ],
                [
                    "681b606a-ca4f-4822-a1c7-280c370101a5",
                    "92bdeabe-192c-459a-a01a-b902631f5294",
                    "bc30d2ec-8566-430a-ade8-039306d071a4",
                    "7bf56238-4259-4058-ae94-df4ebfa36909",
                    "0576060b-7298-40a6-b1d8-90a13ab86e6a"
                ],
                [
                    "7ce61323-d07f-478e-99a4-db83bc3eb42c",
                    "92bdeabe-192c-459a-a01a-b902631f5294",
                    "f2058306-54e8-4c4f-be10-029e7095593a",
                    "582567cd-2e36-4197-98c7-53a9551669cd",
                    "0576060b-7298-40a6-b1d8-90a13ab86e6a"
                ],
                [
                    "681b606a-ca4f-4822-a1c7-280c370101a5",
                    "92bdeabe-192c-459a-a01a-b902631f5294",
                    "0168db1b-86f1-4583-99f3-7f8038de1170",
                    "669e64cc-fa85-4fae-b0af-7fe82a8cc870",
                    "0576060b-7298-40a6-b1d8-90a13ab86e6a"
                ],
                [
                    "3cc06473-c26d-4bb1-b425-08435a25ce56",
                    "92bdeabe-192c-459a-a01a-b902631f5294",
                    "07a2e8f0-3488-460a-a04c-e2cd8d39975a",
                    "eccac072-2138-4d11-9f65-69acf295b9f2",
                    "0576060b-7298-40a6-b1d8-90a13ab86e6a"
                ],
                [
                    "67b017fa-d716-41a6-ad3a-ec774d842e60",
                    "92bdeabe-192c-459a-a01a-b902631f5294",
                    "078753cc-2bda-4cd3-8e84-9a5b3ddb0e24",
                    "9b7b8a17-06e2-4c5e-a1a1-a0d2d3324dc3",
                    "0576060b-7298-40a6-b1d8-90a13ab86e6a"
                ],
                [
                    "b89d1906-e1ab-428e-8523-c65ad170cf71",
                    "92bdeabe-192c-459a-a01a-b902631f5294",
                    "bc30d2ec-8566-430a-ade8-039306d071a4",
                    "7bf56238-4259-4058-ae94-df4ebfa36909",
                    "0576060b-7298-40a6-b1d8-90a13ab86e6a"
                ],
                [
                    "f01825ef-786e-4f4d-94a4-53ee0bd02801",
                    "92bdeabe-192c-459a-a01a-b902631f5294",
                    "927d3deb-5595-4b5a-ad0a-fe2da2033dd3",
                    "6977dd47-ecb4-4525-864f-1c7158e852aa",
                    "0576060b-7298-40a6-b1d8-90a13ab86e6a"
                ],
                [
                    "86d8522f-29d9-4d60-9eb0-43926664e917",
                    "92bdeabe-192c-459a-a01a-b902631f5294",
                    "760d964e-3ada-4889-aa97-c8af996ab6be",
                    "419a52d0-7e6f-43b3-81cf-9aa29d0a03ce",
                    "0576060b-7298-40a6-b1d8-90a13ab86e6a"
                ],
                [
                    "f57c4cde-b0f0-43a0-aca0-c99db6ebd05f",
                    "92bdeabe-192c-459a-a01a-b902631f5294",
                    "0168db1b-86f1-4583-99f3-7f8038de1170",
                    "669e64cc-fa85-4fae-b0af-7fe82a8cc870",
                    "0576060b-7298-40a6-b1d8-90a13ab86e6a"
                ],
                [
                    "c9d51eeb-2b09-45f3-a76f-be46f24b5684",
                    "92bdeabe-192c-459a-a01a-b902631f5294",
                    "591e8241-3180-4185-bfb1-91783e38dfe8",
                    "f1ee7927-ec2b-4c8a-96be-84718cfe23a1",
                    "0576060b-7298-40a6-b1d8-90a13ab86e6a"
                ],
                [
                    "681b606a-ca4f-4822-a1c7-280c370101a5",
                    "92bdeabe-192c-459a-a01a-b902631f5294",
                    "8fb3dc45-ff20-4b3d-8f39-c17d8f397e69",
                    "582567cd-2e36-4197-98c7-53a9551669cd",
                    "0576060b-7298-40a6-b1d8-90a13ab86e6a"
                ],
                [
                    "f57c4cde-b0f0-43a0-aca0-c99db6ebd05f",
                    "92bdeabe-192c-459a-a01a-b902631f5294",
                    "2b0fa95a-af09-43b2-a30a-0ea8516daf90",
                    "87702e88-9871-486c-adfb-0129cfd1f210",
                    "0576060b-7298-40a6-b1d8-90a13ab86e6a"
                ],
                [
                    "681b606a-ca4f-4822-a1c7-280c370101a5",
                    "92bdeabe-192c-459a-a01a-b902631f5294",
                    "f525af33-0385-4a85-8283-a7a789fdb72f",
                    "eccac072-2138-4d11-9f65-69acf295b9f2",
                    "0576060b-7298-40a6-b1d8-90a13ab86e6a"
                ],
                [
                    "e7f2b83c-e927-47db-9268-1e3fd7879d85",
                    "92bdeabe-192c-459a-a01a-b902631f5294",
                    "5ce1f25d-e189-4ebc-8a4b-382473814650",
                    "582567cd-2e36-4197-98c7-53a9551669cd",
                    "0576060b-7298-40a6-b1d8-90a13ab86e6a"
                ],
                [
                    "4f9b1e39-d854-4d8e-b653-931f91efd13e",
                    "92bdeabe-192c-459a-a01a-b902631f5294",
                    "0f7c42c1-0be2-48d4-b5d8-23cf9b9e4bdf",
                    "f1ee7927-ec2b-4c8a-96be-84718cfe23a1",
                    "0576060b-7298-40a6-b1d8-90a13ab86e6a"
                ],
                [
                    "36bfb75a-aae4-4806-b71a-09d286a02302",
                    "92bdeabe-192c-459a-a01a-b902631f5294",
                    "176dd77e-5579-4f20-b83d-17672955fb19",
                    "f1ee7927-ec2b-4c8a-96be-84718cfe23a1",
                    "0576060b-7298-40a6-b1d8-90a13ab86e6a"
                ],
                [
                    "3cc06473-c26d-4bb1-b425-08435a25ce56",
                    "92bdeabe-192c-459a-a01a-b902631f5294",
                    "76b57f8f-593a-42c8-b6e8-edafd24b364b",
                    "7bf56238-4259-4058-ae94-df4ebfa36909",
                    "0576060b-7298-40a6-b1d8-90a13ab86e6a"
                ],
                [
                    "4f9b1e39-d854-4d8e-b653-931f91efd13e",
                    "92bdeabe-192c-459a-a01a-b902631f5294",
                    "bc4182e3-1fc6-4491-b249-141c2e229236",
                    "f1ee7927-ec2b-4c8a-96be-84718cfe23a1",
                    "0576060b-7298-40a6-b1d8-90a13ab86e6a"
                ],
                [
                    "e315da84-a7c2-4f8f-b6f1-d14d29f97743",
                    "92bdeabe-192c-459a-a01a-b902631f5294",
                    "5ce1f25d-e189-4ebc-8a4b-382473814650",
                    "582567cd-2e36-4197-98c7-53a9551669cd",
                    "0576060b-7298-40a6-b1d8-90a13ab86e6a"
                ],
                [
                    "e315da84-a7c2-4f8f-b6f1-d14d29f97743",
                    "92bdeabe-192c-459a-a01a-b902631f5294",
                    "9ec4cad6-5dd9-4e89-8887-9636debd17fe",
                    "eccac072-2138-4d11-9f65-69acf295b9f2",
                    "0576060b-7298-40a6-b1d8-90a13ab86e6a"
                ],
                [
                    "69d05ba8-c710-4a2c-acc2-4ebe52a2058a",
                    "92bdeabe-192c-459a-a01a-b902631f5294",
                    "bc4182e3-1fc6-4491-b249-141c2e229236",
                    "f1ee7927-ec2b-4c8a-96be-84718cfe23a1",
                    "0576060b-7298-40a6-b1d8-90a13ab86e6a"
                ],
                [
                    "1bfca2f8-ccb3-4ec0-b607-64c5c68fedee",
                    "92bdeabe-192c-459a-a01a-b902631f5294",
                    "347c5c0f-d13d-4411-9fe2-68a40fbf7132",
                    "eccac072-2138-4d11-9f65-69acf295b9f2",
                    "0576060b-7298-40a6-b1d8-90a13ab86e6a"
                ],
                [
                    "b89d1906-e1ab-428e-8523-c65ad170cf71",
                    "92bdeabe-192c-459a-a01a-b902631f5294",
                    "0168db1b-86f1-4583-99f3-7f8038de1170",
                    "669e64cc-fa85-4fae-b0af-7fe82a8cc870",
                    "0576060b-7298-40a6-b1d8-90a13ab86e6a"
                ],
                [
                    "193fd042-e6fc-4fb5-8047-1aa3e35bdd1b",
                    "92bdeabe-192c-459a-a01a-b902631f5294",
                    "901495a1-5388-494f-96dc-b00b97bc374a",
                    "0d960ad3-c06e-4218-acde-c8a20f235f01",
                    "0576060b-7298-40a6-b1d8-90a13ab86e6a"
                ],
                [
                    "e315da84-a7c2-4f8f-b6f1-d14d29f97743",
                    "92bdeabe-192c-459a-a01a-b902631f5294",
                    "2b0ac3eb-82f3-4f04-b2b6-2745224b17b0",
                    "582567cd-2e36-4197-98c7-53a9551669cd",
                    "0576060b-7298-40a6-b1d8-90a13ab86e6a"
                ],
                [
                    "f57c4cde-b0f0-43a0-aca0-c99db6ebd05f",
                    "92bdeabe-192c-459a-a01a-b902631f5294",
                    "1d5be8a4-9094-4ee8-9952-3cade1fe5a9f",
                    "7bf56238-4259-4058-ae94-df4ebfa36909",
                    "0576060b-7298-40a6-b1d8-90a13ab86e6a"
                ],
                [
                    "7ce61323-d07f-478e-99a4-db83bc3eb42c",
                    "92bdeabe-192c-459a-a01a-b902631f5294",
                    "e5b94730-900d-4806-bf33-229047c4ad43",
                    "582567cd-2e36-4197-98c7-53a9551669cd",
                    "0576060b-7298-40a6-b1d8-90a13ab86e6a"
                ],
                [
                    "b89d1906-e1ab-428e-8523-c65ad170cf71",
                    "92bdeabe-192c-459a-a01a-b902631f5294",
                    "f525af33-0385-4a85-8283-a7a789fdb72f",
                    "eccac072-2138-4d11-9f65-69acf295b9f2",
                    "0576060b-7298-40a6-b1d8-90a13ab86e6a"
                ],
                [
                    "dc555f18-b4bb-479f-9b96-b72ba4cbf3ed",
                    "92bdeabe-192c-459a-a01a-b902631f5294",
                    "2b0ac3eb-82f3-4f04-b2b6-2745224b17b0",
                    "582567cd-2e36-4197-98c7-53a9551669cd",
                    "0576060b-7298-40a6-b1d8-90a13ab86e6a"
                ],
                [
                    "f57c4cde-b0f0-43a0-aca0-c99db6ebd05f",
                    "92bdeabe-192c-459a-a01a-b902631f5294",
                    "ec0da525-3fb8-4d93-9d91-834baab44f24",
                    "7bf56238-4259-4058-ae94-df4ebfa36909",
                    "0576060b-7298-40a6-b1d8-90a13ab86e6a"
                ],
                [
                    "5432ff75-3b1d-4c4b-8207-1df28a73cf1b",
                    "92bdeabe-192c-459a-a01a-b902631f5294",
                    "c115c7c9-12da-4a51-9fbb-b65121218031",
                    "49c24f28-cbea-4ada-a54d-0abc3625a4e0",
                    "0576060b-7298-40a6-b1d8-90a13ab86e6a"
                ],
                [
                    "21def335-1f56-4dee-83cf-894a04762362",
                    "92bdeabe-192c-459a-a01a-b902631f5294",
                    "5d45ba75-b17e-468b-ae5e-96f5aa2f1803",
                    "49c24f28-cbea-4ada-a54d-0abc3625a4e0",
                    "0576060b-7298-40a6-b1d8-90a13ab86e6a"
                ],
                [
                    "cf39581d-2e20-47c8-8c1e-39a2a9658234",
                    "92bdeabe-192c-459a-a01a-b902631f5294",
                    "bcf64a73-396b-4476-bf6c-df0f820d9eaf",
                    "758a034e-e576-4916-ab47-1046882ce8b0",
                    "0576060b-7298-40a6-b1d8-90a13ab86e6a"
                ],
                [
                    "36bfb75a-aae4-4806-b71a-09d286a02302",
                    "92bdeabe-192c-459a-a01a-b902631f5294",
                    "2cca7f83-eee1-4bcb-a602-2d3422c7c852",
                    "f1ee7927-ec2b-4c8a-96be-84718cfe23a1",
                    "0576060b-7298-40a6-b1d8-90a13ab86e6a"
                ],
                [
                    "3cc06473-c26d-4bb1-b425-08435a25ce56",
                    "92bdeabe-192c-459a-a01a-b902631f5294",
                    "2b0ac3eb-82f3-4f04-b2b6-2745224b17b0",
                    "582567cd-2e36-4197-98c7-53a9551669cd",
                    "0576060b-7298-40a6-b1d8-90a13ab86e6a"
                ],
                [
                    "822292ab-8818-47ae-b096-2456041fd198",
                    "92bdeabe-192c-459a-a01a-b902631f5294",
                    "1cd36144-a19e-49b7-b7ff-ad3cd07c3386",
                    "fd2ba6d0-41af-4def-ba69-5bd21662b3e0",
                    "0576060b-7298-40a6-b1d8-90a13ab86e6a"
                ],
                [
                    "b00927d5-45c8-4118-9fe3-4bf741262144",
                    "92bdeabe-192c-459a-a01a-b902631f5294",
                    "a965b994-39bc-4a50-a2d2-3f2665e075c3",
                    "49c24f28-cbea-4ada-a54d-0abc3625a4e0",
                    "0576060b-7298-40a6-b1d8-90a13ab86e6a"
                ],
                [
                    "86d8522f-29d9-4d60-9eb0-43926664e917",
                    "92bdeabe-192c-459a-a01a-b902631f5294",
                    "36e2674c-b227-48f8-93ab-bdf1eeee1935",
                    "419a52d0-7e6f-43b3-81cf-9aa29d0a03ce",
                    "0576060b-7298-40a6-b1d8-90a13ab86e6a"
                ],
                [
                    "7ef85f4a-04f3-4c1a-9f1a-c075f2c0c6c0",
                    "92bdeabe-192c-459a-a01a-b902631f5294",
                    "bc4182e3-1fc6-4491-b249-141c2e229236",
                    "f1ee7927-ec2b-4c8a-96be-84718cfe23a1",
                    "0576060b-7298-40a6-b1d8-90a13ab86e6a"
                ],
                [
                    "b9fe8622-27c5-4dac-90f7-33c2a3b61597",
                    "92bdeabe-192c-459a-a01a-b902631f5294",
                    "5d45ba75-b17e-468b-ae5e-96f5aa2f1803",
                    "49c24f28-cbea-4ada-a54d-0abc3625a4e0",
                    "0576060b-7298-40a6-b1d8-90a13ab86e6a"
                ],
                [
                    "e7f2b83c-e927-47db-9268-1e3fd7879d85",
                    "92bdeabe-192c-459a-a01a-b902631f5294",
                    "ea84d595-61fd-4d91-b6fa-44f91e27c657",
                    "6ce6d3c8-ebe6-44f4-99d2-1f22d8c2c715",
                    "0576060b-7298-40a6-b1d8-90a13ab86e6a"
                ],
                [
                    "d4ba7604-245a-4fa8-a179-ee64a73ad4c9",
                    "92bdeabe-192c-459a-a01a-b902631f5294",
                    "7344db13-9196-4689-9ac4-9262bbff8522",
                    "b44997ea-8ce1-4714-ba2f-fb4de6de841e",
                    "0576060b-7298-40a6-b1d8-90a13ab86e6a"
                ]
            ]
        }
    ]
}