{
    "query_name": "3c_author_name",
    "query_sql": "SELECT \n\tauthor.name \nFROM \n\tauthor, organization, writes, publication, conference, domain_conference, domain \nWHERE\n\tauthor.oid = organization.oid\n\tAND author.aid = writes.aid\n    AND writes.pid = publication.pid\n    AND publication.cid = conference.cid\n    AND conference.cid = domain_conference.cid\n    AND domain_conference.did = domain.did\n    AND organization.name = 'University of Michigan'\n    AND publication.year > 2010\n    AND domain.name = 'Databases'\nGROUP BY author.name ",
    "results": [
        {
            "output_tuple": [
                "Qiaozhu Mei"
            ],
            "tuple_id": "009c71a3-aa0b-5a87-ba86-f395344ed299",
            "dnf": [
                [
                    "d3c15744-d110-47ea-82a1-5152eab6bc0a",
                    "90924742-6eba-4bc4-b10d-2a6c10d5a0f3",
                    "73035bb7-cc51-4120-acde-fe7a30615605",
                    "b3d22775-f64d-4474-a5f7-b28375daf35c",
                    "35b98f24-6243-4005-8215-cd3dc6af8a02"
                ],
                [
                    "d3c15744-d110-47ea-82a1-5152eab6bc0a",
                    "90924742-6eba-4bc4-b10d-2a6c10d5a0f3",
                    "a0b41c5b-7b45-4173-a633-2cafc66eba38",
                    "6e74fd16-354a-42f6-80e8-e181357a83ae",
                    "35b98f24-6243-4005-8215-cd3dc6af8a02"
                ]
            ]
        },
        {
            "output_tuple": [
                "Thomas F. Wenisch"
            ],
            "tuple_id": "048df17e-b12b-58c6-83ba-ca02ece59d75",
            "dnf": [
                [
                    "ee472d3c-2b0a-4efe-a27b-36142f50ce69",
                    "90924742-6eba-4bc4-b10d-2a6c10d5a0f3",
                    "9773beae-62da-4fe2-b474-09adbc6f7e7e",
                    "9bc5c00d-19c6-4954-a9ba-14b56feaccef",
                    "35b98f24-6243-4005-8215-cd3dc6af8a02"
                ]
            ]
        },
        {
            "output_tuple": [
                "Lada A. Adamic"
            ],
            "tuple_id": "08c6dea9-a5fd-5615-9902-fc874a3037e6",
            "dnf": [
                [
                    "7ecf922a-d211-45b1-bc96-be59327ed4f7",
                    "90924742-6eba-4bc4-b10d-2a6c10d5a0f3",
                    "aa502393-9d00-4a88-b38b-a0c0ab25494e",
                    "3cb4f37b-2046-4585-834f-b793ea1b3342",
                    "35b98f24-6243-4005-8215-cd3dc6af8a02"
                ]
            ]
        },
        {
            "output_tuple": [
                "Jing Sun"
            ],
            "tuple_id": "1a93458b-cf8e-58ce-901b-905aed8f7c91",
            "dnf": [
                [
                    "c063f701-72de-43a4-acf7-8e992fd86899",
                    "90924742-6eba-4bc4-b10d-2a6c10d5a0f3",
                    "ecf7618e-32ce-44b9-8711-3014d2d3148f",
                    "cc2911e2-c8f2-4ef7-9065-5b10f6ff1d71",
                    "35b98f24-6243-4005-8215-cd3dc6af8a02"
                ],
                [
                    "c063f701-72de-43a4-acf7-8e992fd86899",
                    "90924742-6eba-4bc4-b10d-2a6c10d5a0f3",
                    "1c582eb5-0eae-4277-9aeb-423bb40b320f",
                    "93d8c758-3f32-4756-9b17-b783d05c67e2",
                    "35b98f24-6243-4005-8215-cd3dc6af8a02"
                ],
                [
                    "c063f701-72de-43a4-acf7-8e992fd86899",
                    "90924742-6eba-4bc4-b10d-2a6c10d5a0f3",
                    "2437863d-cf37-4677-9c92-723047cd72b7",
                    "6e74fd16-354a-42f6-80e8-e181357a83ae",
                    "35b98f24-6243-4005-8215-cd3dc6af8a02"
                ],
                [
                    "c063f701-72de-43a4-acf7-8e992fd86899",
                    "90924742-6eba-4bc4-b10d-2a6c10d5a0f3",
                    "a5e72391-34ea-49a4-8e87-59dcc54e1a69",
                    "6e74fd16-354a-42f6-80e8-e181357a83ae",
                    "35b98f24-6243-4005-8215-cd3dc6af8a02"
                ]
            ]
        },
        {
            "output_tuple": [
                "Brahim Medjahed"
            ],
            "tuple_id": "21f8921c-8adc-5545-b9a6-f4ceeeac68f7",
            "dnf": [
                [
                    "4f4d5c9b-5737-40bd-95a6-e511e09f43a2",
                    "90924742-6eba-4bc4-b10d-2a6c10d5a0f3",
                    "68355ac7-c6f1-4b82-9682-b3663616a4c4",
                    "90bda613-93d8-4e2e-867d-98ab11618e9b",
                    "35b98f24-6243-4005-8215-cd3dc6af8a02"
                ],
                [
                    "4f4d5c9b-5737-40bd-95a6-e511e09f43a2",
                    "90924742-6eba-4bc4-b10d-2a6c10d5a0f3",
                    "ba8328a2-cf22-4ce3-938b-327ad91f3e25",
                    "ecde3084-e4c7-4ba9-b0c3-436151bfb281",
                    "35b98f24-6243-4005-8215-cd3dc6af8a02"
                ],
                [
                    "4f4d5c9b-5737-40bd-95a6-e511e09f43a2",
                    "90924742-6eba-4bc4-b10d-2a6c10d5a0f3",
                    "05234866-6c0d-47de-9c7f-9831b7e5e073",
                    "9141457c-2785-4701-9057-e5bde24f9f9f",
                    "35b98f24-6243-4005-8215-cd3dc6af8a02"
                ]
            ]
        },
        {
            "output_tuple": [
                "Jonathan Whitaker"
            ],
            "tuple_id": "2d4a64d0-8726-54fd-bf9d-9f18c77b0a0a",
            "dnf": [
                [
                    "3441c132-8b47-4d62-9065-5b1d340c3a0e",
                    "90924742-6eba-4bc4-b10d-2a6c10d5a0f3",
                    "2001e83f-cbd1-4b2c-8146-8964d9b1c616",
                    "3cb4f37b-2046-4585-834f-b793ea1b3342",
                    "35b98f24-6243-4005-8215-cd3dc6af8a02"
                ],
                [
                    "3441c132-8b47-4d62-9065-5b1d340c3a0e",
                    "90924742-6eba-4bc4-b10d-2a6c10d5a0f3",
                    "803b3ecf-503b-4f27-bdf2-dc929f10a182",
                    "e74508bf-34e4-4fa1-bed6-d4c33daaa2d6",
                    "35b98f24-6243-4005-8215-cd3dc6af8a02"
                ]
            ]
        },
        {
            "output_tuple": [
                "Nigel P. Melville"
            ],
            "tuple_id": "3387937f-4342-53da-b493-f802ff7815bd",
            "dnf": [
                [
                    "e309fd76-a907-424c-a753-20fe0c561117",
                    "90924742-6eba-4bc4-b10d-2a6c10d5a0f3",
                    "c9d161ce-d40c-4734-8ede-c18ec1ae4a1c",
                    "758544a5-d973-4104-9400-34665aad5912",
                    "35b98f24-6243-4005-8215-cd3dc6af8a02"
                ],
                [
                    "e309fd76-a907-424c-a753-20fe0c561117",
                    "90924742-6eba-4bc4-b10d-2a6c10d5a0f3",
                    "fd0341b8-1799-4fab-9949-00d8234c2d45",
                    "758544a5-d973-4104-9400-34665aad5912",
                    "35b98f24-6243-4005-8215-cd3dc6af8a02"
                ],
                [
                    "e309fd76-a907-424c-a753-20fe0c561117",
                    "90924742-6eba-4bc4-b10d-2a6c10d5a0f3",
                    "03191be0-b400-46ea-b0c2-727c4a209b24",
                    "758544a5-d973-4104-9400-34665aad5912",
                    "35b98f24-6243-4005-8215-cd3dc6af8a02"
                ],
                [
                    "e309fd76-a907-424c-a753-20fe0c561117",
                    "90924742-6eba-4bc4-b10d-2a6c10d5a0f3",
                    "e6022eaf-88e3-4ead-bf82-e39e99bdafa6",
                    "3cb4f37b-2046-4585-834f-b793ea1b3342",
                    "35b98f24-6243-4005-8215-cd3dc6af8a02"
                ]
            ]
        },
        {
            "output_tuple": [
                "Andrew Urbaczewski"
            ],
            "tuple_id": "3687487f-1050-54a5-8a58-f11691bbdfe5",
            "dnf": [
                [
                    "21889a1e-fbf4-4683-bf6b-bbf9e853d687",
                    "90924742-6eba-4bc4-b10d-2a6c10d5a0f3",
                    "4d4415d3-2e94-4ad4-8c3d-bebb7878b5d7",
                    "758544a5-d973-4104-9400-34665aad5912",
                    "35b98f24-6243-4005-8215-cd3dc6af8a02"
                ]
            ]
        },
        {
            "output_tuple": [
                "Jun Ni"
            ],
            "tuple_id": "383ffdca-58e0-5589-b427-c076705c76c5",
            "dnf": [
                [
                    "ef147c49-5e08-4fac-bc9b-27cd776f1c48",
                    "90924742-6eba-4bc4-b10d-2a6c10d5a0f3",
                    "67f38671-c2ed-46e0-a3f4-69c0e4a35d1f",
                    "10cc35c6-287b-4134-bfcd-6d26e630d29e",
                    "35b98f24-6243-4005-8215-cd3dc6af8a02"
                ]
            ]
        },
        {
            "output_tuple": [
                "John Leslie King"
            ],
            "tuple_id": "4e1e5778-9fb5-5c23-8366-1f416b1757ac",
            "dnf": [
                [
                    "2a960582-39b6-4909-a6dc-b831128ad8c6",
                    "90924742-6eba-4bc4-b10d-2a6c10d5a0f3",
                    "a4264c78-14e6-4921-b1a5-9767d99177c3",
                    "f40d2e96-79da-4c08-9d67-ae28b1cf2c90",
                    "35b98f24-6243-4005-8215-cd3dc6af8a02"
                ],
                [
                    "2a960582-39b6-4909-a6dc-b831128ad8c6",
                    "90924742-6eba-4bc4-b10d-2a6c10d5a0f3",
                    "7f06a76d-1aeb-4cde-911c-3678a0f3c616",
                    "3cb4f37b-2046-4585-834f-b793ea1b3342",
                    "35b98f24-6243-4005-8215-cd3dc6af8a02"
                ],
                [
                    "2a960582-39b6-4909-a6dc-b831128ad8c6",
                    "90924742-6eba-4bc4-b10d-2a6c10d5a0f3",
                    "aeff88b8-3273-407f-a5c1-a7da5d19f637",
                    "3cb4f37b-2046-4585-834f-b793ea1b3342",
                    "35b98f24-6243-4005-8215-cd3dc6af8a02"
                ]
            ]
        },
        {
            "output_tuple": [
                "Di Ma"
            ],
            "tuple_id": "5608d4f6-1eed-5ae2-b187-790272774b6e",
            "dnf": [
                [
                    "21c7fb82-9e73-4f29-9469-0f7a8ddd6657",
                    "90924742-6eba-4bc4-b10d-2a6c10d5a0f3",
                    "3c04ef1b-d52f-4fd1-bde8-d13614d9f5ea",
                    "6e74fd16-354a-42f6-80e8-e181357a83ae",
                    "35b98f24-6243-4005-8215-cd3dc6af8a02"
                ]
            ]
        },
        {
            "output_tuple": [
                "Kristen LeFevre"
            ],
            "tuple_id": "5a4dedcf-6f5a-5287-b8a5-5db277a64fc5",
            "dnf": [
                [
                    "66278651-015d-4ab9-99dc-91cf97e84a20",
                    "90924742-6eba-4bc4-b10d-2a6c10d5a0f3",
                    "9773beae-62da-4fe2-b474-09adbc6f7e7e",
                    "9bc5c00d-19c6-4954-a9ba-14b56feaccef",
                    "35b98f24-6243-4005-8215-cd3dc6af8a02"
                ]
            ]
        },
        {
            "output_tuple": [
                "Michael J. Cafarella"
            ],
            "tuple_id": "60322fe0-5215-52e6-8df7-2df19c1fc5a2",
            "dnf": [
                [
                    "3932a50f-90ad-4204-baaa-9222468d4735",
                    "90924742-6eba-4bc4-b10d-2a6c10d5a0f3",
                    "c4c32881-d2df-485e-b039-191bd70f66cf",
                    "b1525268-9319-407d-b4bd-5b48387803ff",
                    "35b98f24-6243-4005-8215-cd3dc6af8a02"
                ],
                [
                    "3932a50f-90ad-4204-baaa-9222468d4735",
                    "90924742-6eba-4bc4-b10d-2a6c10d5a0f3",
                    "f5817bd7-3f6d-4622-b715-fe976f3bfc8b",
                    "b1525268-9319-407d-b4bd-5b48387803ff",
                    "35b98f24-6243-4005-8215-cd3dc6af8a02"
                ],
                [
                    "3932a50f-90ad-4204-baaa-9222468d4735",
                    "90924742-6eba-4bc4-b10d-2a6c10d5a0f3",
                    "3c0b5c1d-ebb8-4346-a2d5-24ac641c5390",
                    "093c7b9a-9104-4b6e-9124-c88df772a144",
                    "35b98f24-6243-4005-8215-cd3dc6af8a02"
                ],
                [
                    "3932a50f-90ad-4204-baaa-9222468d4735",
                    "90924742-6eba-4bc4-b10d-2a6c10d5a0f3",
                    "0c42ceb8-98f8-4491-997f-6c422534ac3a",
                    "cec31a13-d14a-4ca7-ab63-b1262551dd12",
                    "35b98f24-6243-4005-8215-cd3dc6af8a02"
                ],
                [
                    "3932a50f-90ad-4204-baaa-9222468d4735",
                    "90924742-6eba-4bc4-b10d-2a6c10d5a0f3",
                    "587bd1f8-616b-4c35-9899-e3aeb9e5b0a2",
                    "cec31a13-d14a-4ca7-ab63-b1262551dd12",
                    "35b98f24-6243-4005-8215-cd3dc6af8a02"
                ],
                [
                    "3932a50f-90ad-4204-baaa-9222468d4735",
                    "90924742-6eba-4bc4-b10d-2a6c10d5a0f3",
                    "0103c6b7-6a74-42ad-9895-d63b2994f4aa",
                    "9bc5c00d-19c6-4954-a9ba-14b56feaccef",
                    "35b98f24-6243-4005-8215-cd3dc6af8a02"
                ]
            ]
        },
        {
            "output_tuple": [
                "Trivellore E. Raghunathan"
            ],
            "tuple_id": "6a1e4451-2d5c-50ef-bd40-02941e974a52",
            "dnf": [
                [
                    "1a023703-5a0c-4756-b85d-6198d55b1800",
                    "90924742-6eba-4bc4-b10d-2a6c10d5a0f3",
                    "b7c653a6-d8b7-4fb8-92f5-6b41d4b1c1bf",
                    "bedebccf-94e1-46ee-8811-3ca42f1ecf09",
                    "35b98f24-6243-4005-8215-cd3dc6af8a02"
                ]
            ]
        },
        {
            "output_tuple": [
                "H. V. Jagadish"
            ],
            "tuple_id": "6beec878-2480-5f92-bc94-1f9ca92ba0db",
            "dnf": [
                [
                    "6a488b6b-8288-45d6-939d-6e7238d9a1c4",
                    "90924742-6eba-4bc4-b10d-2a6c10d5a0f3",
                    "c2fe2119-c8f3-4c40-8b31-a6549e388dab",
                    "cec31a13-d14a-4ca7-ab63-b1262551dd12",
                    "35b98f24-6243-4005-8215-cd3dc6af8a02"
                ],
                [
                    "6a488b6b-8288-45d6-939d-6e7238d9a1c4",
                    "90924742-6eba-4bc4-b10d-2a6c10d5a0f3",
                    "0c42ceb8-98f8-4491-997f-6c422534ac3a",
                    "cec31a13-d14a-4ca7-ab63-b1262551dd12",
                    "35b98f24-6243-4005-8215-cd3dc6af8a02"
                ],
                [
                    "6a488b6b-8288-45d6-939d-6e7238d9a1c4",
                    "90924742-6eba-4bc4-b10d-2a6c10d5a0f3",
                    "01b0213a-7075-4f65-b89d-13f98a7e6988",
                    "4b7ef67a-149d-4ee6-aaf4-1e59b5308f7b",
                    "35b98f24-6243-4005-8215-cd3dc6af8a02"
                ],
                [
                    "6a488b6b-8288-45d6-939d-6e7238d9a1c4",
                    "90924742-6eba-4bc4-b10d-2a6c10d5a0f3",
                    "ee844a6e-bcae-41de-a379-1277761201f6",
                    "4b7ef67a-149d-4ee6-aaf4-1e59b5308f7b",
                    "35b98f24-6243-4005-8215-cd3dc6af8a02"
                ],
                [
                    "6a488b6b-8288-45d6-939d-6e7238d9a1c4",
                    "90924742-6eba-4bc4-b10d-2a6c10d5a0f3",
                    "1daa4b50-7ec3-4c77-9514-fecdd0be06cf",
                    "b1525268-9319-407d-b4bd-5b48387803ff",
                    "35b98f24-6243-4005-8215-cd3dc6af8a02"
                ],
                [
                    "6a488b6b-8288-45d6-939d-6e7238d9a1c4",
                    "90924742-6eba-4bc4-b10d-2a6c10d5a0f3",
                    "5d9ab805-1c26-4e92-b294-63664f0fd94c",
                    "cec31a13-d14a-4ca7-ab63-b1262551dd12",
                    "35b98f24-6243-4005-8215-cd3dc6af8a02"
                ],
                [
                    "6a488b6b-8288-45d6-939d-6e7238d9a1c4",
                    "90924742-6eba-4bc4-b10d-2a6c10d5a0f3",
                    "f5cc2522-2a97-43a4-88a3-facf173db1b0",
                    "cec31a13-d14a-4ca7-ab63-b1262551dd12",
                    "35b98f24-6243-4005-8215-cd3dc6af8a02"
                ],
                [
                    "6a488b6b-8288-45d6-939d-6e7238d9a1c4",
                    "90924742-6eba-4bc4-b10d-2a6c10d5a0f3",
                    "08e76246-9741-4164-9377-6eb6ae4ccfb6",
                    "bbd95b1e-2f98-4c2b-97a0-fe4fb6bcb032",
                    "35b98f24-6243-4005-8215-cd3dc6af8a02"
                ],
                [
                    "6a488b6b-8288-45d6-939d-6e7238d9a1c4",
                    "90924742-6eba-4bc4-b10d-2a6c10d5a0f3",
                    "54040fe9-018e-4f30-9db6-8189841ce8a9",
                    "cec31a13-d14a-4ca7-ab63-b1262551dd12",
                    "35b98f24-6243-4005-8215-cd3dc6af8a02"
                ],
                [
                    "6a488b6b-8288-45d6-939d-6e7238d9a1c4",
                    "90924742-6eba-4bc4-b10d-2a6c10d5a0f3",
                    "9c3d7f09-ad80-476c-add1-439c5225a148",
                    "cec31a13-d14a-4ca7-ab63-b1262551dd12",
                    "35b98f24-6243-4005-8215-cd3dc6af8a02"
                ],
                [
                    "6a488b6b-8288-45d6-939d-6e7238d9a1c4",
                    "90924742-6eba-4bc4-b10d-2a6c10d5a0f3",
                    "bf0381a3-57ec-4b76-b618-ede6fb61d143",
                    "93d8c758-3f32-4756-9b17-b783d05c67e2",
                    "35b98f24-6243-4005-8215-cd3dc6af8a02"
                ],
                [
                    "6a488b6b-8288-45d6-939d-6e7238d9a1c4",
                    "90924742-6eba-4bc4-b10d-2a6c10d5a0f3",
                    "412628c0-ca23-461e-a6f9-30ab1b1f07b6",
                    "4b7ef67a-149d-4ee6-aaf4-1e59b5308f7b",
                    "35b98f24-6243-4005-8215-cd3dc6af8a02"
                ]
            ]
        },
        {
            "output_tuple": [
                "Joseph Bonner"
            ],
            "tuple_id": "6f18d254-04f3-538b-a06d-ee6c5c5e4b97",
            "dnf": [
                [
                    "2688eb80-247b-4a7c-9138-a750db254214",
                    "90924742-6eba-4bc4-b10d-2a6c10d5a0f3",
                    "79317d17-0fb9-4804-ada8-1b6623930a79",
                    "e6072440-568f-449c-a10c-a0ed82f4a33f",
                    "35b98f24-6243-4005-8215-cd3dc6af8a02"
                ]
            ]
        },
        {
            "output_tuple": [
                "Cliff Lampe"
            ],
            "tuple_id": "792abf6e-6de3-526e-bdb1-1c17f5ef17ac",
            "dnf": [
                [
                    "92faaf91-c00c-4dfd-8ef3-5430298877bd",
                    "90924742-6eba-4bc4-b10d-2a6c10d5a0f3",
                    "597b8ca1-7f95-4fa2-9c22-1e998f1939f3",
                    "758544a5-d973-4104-9400-34665aad5912",
                    "35b98f24-6243-4005-8215-cd3dc6af8a02"
                ]
            ]
        },
        {
            "output_tuple": [
                "Michael Hertlein"
            ],
            "tuple_id": "79a63d86-433f-5398-aefb-f2d8f39347e0",
            "dnf": [
                [
                    "55883548-d885-41dc-a02d-63773618b60a",
                    "90924742-6eba-4bc4-b10d-2a6c10d5a0f3",
                    "b3fdfc6e-b76e-40b7-89ed-e637756f09cf",
                    "758544a5-d973-4104-9400-34665aad5912",
                    "35b98f24-6243-4005-8215-cd3dc6af8a02"
                ],
                [
                    "55883548-d885-41dc-a02d-63773618b60a",
                    "90924742-6eba-4bc4-b10d-2a6c10d5a0f3",
                    "13fa2d9f-af8c-425a-b671-8b2db0adc286",
                    "3cb4f37b-2046-4585-834f-b793ea1b3342",
                    "35b98f24-6243-4005-8215-cd3dc6af8a02"
                ],
                [
                    "55883548-d885-41dc-a02d-63773618b60a",
                    "90924742-6eba-4bc4-b10d-2a6c10d5a0f3",
                    "80cb3554-f8d5-48ac-bf6c-a5c7d08dedc6",
                    "758544a5-d973-4104-9400-34665aad5912",
                    "35b98f24-6243-4005-8215-cd3dc6af8a02"
                ],
                [
                    "55883548-d885-41dc-a02d-63773618b60a",
                    "90924742-6eba-4bc4-b10d-2a6c10d5a0f3",
                    "a9b9e845-68e7-4b0f-84d2-a26e3bd60ee3",
                    "3cb4f37b-2046-4585-834f-b793ea1b3342",
                    "35b98f24-6243-4005-8215-cd3dc6af8a02"
                ]
            ]
        },
        {
            "output_tuple": [
                "Mayuram S. Krishnan"
            ],
            "tuple_id": "7e80358b-0e06-5c53-96df-8e90eb2b68dc",
            "dnf": [
                [
                    "42f754cd-765a-418a-8416-944177bd430d",
                    "90924742-6eba-4bc4-b10d-2a6c10d5a0f3",
                    "5ed37a72-4f97-49d0-b335-cb9eaad47e96",
                    "3cb4f37b-2046-4585-834f-b793ea1b3342",
                    "35b98f24-6243-4005-8215-cd3dc6af8a02"
                ],
                [
                    "42f754cd-765a-418a-8416-944177bd430d",
                    "90924742-6eba-4bc4-b10d-2a6c10d5a0f3",
                    "3860b9e3-10b4-4a50-a2c7-1afd082765e3",
                    "3cb4f37b-2046-4585-834f-b793ea1b3342",
                    "35b98f24-6243-4005-8215-cd3dc6af8a02"
                ],
                [
                    "42f754cd-765a-418a-8416-944177bd430d",
                    "90924742-6eba-4bc4-b10d-2a6c10d5a0f3",
                    "0354c4d9-321e-45d4-acba-0908f43df2cb",
                    "3cb4f37b-2046-4585-834f-b793ea1b3342",
                    "35b98f24-6243-4005-8215-cd3dc6af8a02"
                ],
                [
                    "42f754cd-765a-418a-8416-944177bd430d",
                    "90924742-6eba-4bc4-b10d-2a6c10d5a0f3",
                    "9c2d84c1-6b8d-47bb-85e0-1fc618445faf",
                    "3cb4f37b-2046-4585-834f-b793ea1b3342",
                    "35b98f24-6243-4005-8215-cd3dc6af8a02"
                ]
            ]
        },
        {
            "output_tuple": [
                "Lionel P. Robert Jr."
            ],
            "tuple_id": "8881bc6d-8d1e-5ce4-acfd-205ee6799d7a",
            "dnf": [
                [
                    "76b5ea47-4ab5-4894-acac-65fe8b6e56f0",
                    "90924742-6eba-4bc4-b10d-2a6c10d5a0f3",
                    "33896df9-c7d1-465f-8922-44fbcf9caea5",
                    "758544a5-d973-4104-9400-34665aad5912",
                    "35b98f24-6243-4005-8215-cd3dc6af8a02"
                ]
            ]
        },
        {
            "output_tuple": [
                "Xin Hu"
            ],
            "tuple_id": "8ad1497b-c3bc-5390-886e-5b5a1e71d9c2",
            "dnf": [
                [
                    "c22562fb-242e-4ce2-8bae-fb513b2e0003",
                    "90924742-6eba-4bc4-b10d-2a6c10d5a0f3",
                    "54be8b0e-91d7-482c-b2a7-5bad608271b0",
                    "10cc35c6-287b-4134-bfcd-6d26e630d29e",
                    "35b98f24-6243-4005-8215-cd3dc6af8a02"
                ],
                [
                    "c22562fb-242e-4ce2-8bae-fb513b2e0003",
                    "90924742-6eba-4bc4-b10d-2a6c10d5a0f3",
                    "d8006a2d-8737-4371-8b2d-6cd0ac473d1b",
                    "6e74fd16-354a-42f6-80e8-e181357a83ae",
                    "35b98f24-6243-4005-8215-cd3dc6af8a02"
                ],
                [
                    "c22562fb-242e-4ce2-8bae-fb513b2e0003",
                    "90924742-6eba-4bc4-b10d-2a6c10d5a0f3",
                    "fcaaff35-7be3-44e1-a913-41f99aad4e6a",
                    "b3d22775-f64d-4474-a5f7-b28375daf35c",
                    "35b98f24-6243-4005-8215-cd3dc6af8a02"
                ],
                [
                    "c22562fb-242e-4ce2-8bae-fb513b2e0003",
                    "90924742-6eba-4bc4-b10d-2a6c10d5a0f3",
                    "2f9acc5f-b3f7-466f-9df7-0dd0cdf7a3f9",
                    "4b7ef67a-149d-4ee6-aaf4-1e59b5308f7b",
                    "35b98f24-6243-4005-8215-cd3dc6af8a02"
                ],
                [
                    "c22562fb-242e-4ce2-8bae-fb513b2e0003",
                    "90924742-6eba-4bc4-b10d-2a6c10d5a0f3",
                    "528d5771-9964-4969-a5bc-39ff3f09291a",
                    "4b7ef67a-149d-4ee6-aaf4-1e59b5308f7b",
                    "35b98f24-6243-4005-8215-cd3dc6af8a02"
                ]
            ]
        },
        {
            "output_tuple": [
                "Garrett Brown"
            ],
            "tuple_id": "909bb383-fb4c-54d9-9554-4a64236aeb7c",
            "dnf": [
                [
                    "f2ae3e75-48cd-4db9-a0b7-34b8a5fab846",
                    "90924742-6eba-4bc4-b10d-2a6c10d5a0f3",
                    "2c32f8ab-798b-4551-8e2f-c8598e9dcbdc",
                    "35d6f7d4-fa58-49c5-8f5e-077062bedfe3",
                    "35b98f24-6243-4005-8215-cd3dc6af8a02"
                ]
            ]
        },
        {
            "output_tuple": [
                "Joseph W. Sakshaug"
            ],
            "tuple_id": "973b6b6f-0c81-55cf-9852-82aaa8436db3",
            "dnf": [
                [
                    "aeafec74-9155-42e4-b752-089d3df8ec73",
                    "90924742-6eba-4bc4-b10d-2a6c10d5a0f3",
                    "b7c653a6-d8b7-4fb8-92f5-6b41d4b1c1bf",
                    "bedebccf-94e1-46ee-8811-3ca42f1ecf09",
                    "35b98f24-6243-4005-8215-cd3dc6af8a02"
                ]
            ]
        },
        {
            "output_tuple": [
                "Jun Wu"
            ],
            "tuple_id": "9bb34a7d-06bc-5f7e-93a4-3f4f30d55ed0",
            "dnf": [
                [
                    "7495b6d5-120c-4c52-a22c-3244df4536f0",
                    "90924742-6eba-4bc4-b10d-2a6c10d5a0f3",
                    "1dd1b5a9-8f5e-412f-b77d-4f714ff27db4",
                    "10cc35c6-287b-4134-bfcd-6d26e630d29e",
                    "35b98f24-6243-4005-8215-cd3dc6af8a02"
                ]
            ]
        },
        {
            "output_tuple": [
                "Daniel Fabbri"
            ],
            "tuple_id": "a95f5f5c-b1d3-5f93-8adf-7daa901ebb1e",
            "dnf": [
                [
                    "46febc85-a6f0-488f-9ee7-0093fe5a67c2",
                    "90924742-6eba-4bc4-b10d-2a6c10d5a0f3",
                    "96f7cec0-7cfc-48e9-8345-c390254295f4",
                    "4b7ef67a-149d-4ee6-aaf4-1e59b5308f7b",
                    "35b98f24-6243-4005-8215-cd3dc6af8a02"
                ]
            ]
        },
        {
            "output_tuple": [
                "Steven Pelley"
            ],
            "tuple_id": "a9fef6db-a747-5a11-a53c-1e886f58ef61",
            "dnf": [
                [
                    "8489b345-10ec-466e-8def-01f29555f7fc",
                    "90924742-6eba-4bc4-b10d-2a6c10d5a0f3",
                    "9773beae-62da-4fe2-b474-09adbc6f7e7e",
                    "9bc5c00d-19c6-4954-a9ba-14b56feaccef",
                    "35b98f24-6243-4005-8215-cd3dc6af8a02"
                ]
            ]
        },
        {
            "output_tuple": [
                "Mark S. Ackerman"
            ],
            "tuple_id": "afe8d8d7-55ad-59fe-aca4-947098a206e3",
            "dnf": [
                [
                    "ba4de3ce-4db3-4da4-9f5e-808f97fc15b5",
                    "90924742-6eba-4bc4-b10d-2a6c10d5a0f3",
                    "aa502393-9d00-4a88-b38b-a0c0ab25494e",
                    "3cb4f37b-2046-4585-834f-b793ea1b3342",
                    "35b98f24-6243-4005-8215-cd3dc6af8a02"
                ]
            ]
        },
        {
            "output_tuple": [
                "Zi Yang"
            ],
            "tuple_id": "b26f3c50-7a3f-590f-a69b-64193e1b4124",
            "dnf": [
                [
                    "d36dd5d5-7e07-4c2a-9f5d-0ffb8acc3b7a",
                    "90924742-6eba-4bc4-b10d-2a6c10d5a0f3",
                    "79e218ee-3e75-4d0c-97a8-a7cdbf8ad137",
                    "b3d22775-f64d-4474-a5f7-b28375daf35c",
                    "35b98f24-6243-4005-8215-cd3dc6af8a02"
                ]
            ]
        },
        {
            "output_tuple": [
                "Azarias Reda"
            ],
            "tuple_id": "b61e3a72-3bd0-5ebb-92d1-86a28c618c27",
            "dnf": [
                [
                    "6bbcc72e-1a0e-4ad0-9e2c-f3e44c09156f",
                    "90924742-6eba-4bc4-b10d-2a6c10d5a0f3",
                    "8797538c-509d-451e-85b9-304ff5eb103b",
                    "b3d22775-f64d-4474-a5f7-b28375daf35c",
                    "35b98f24-6243-4005-8215-cd3dc6af8a02"
                ]
            ]
        },
        {
            "output_tuple": [
                "Abdul R. Shaikh"
            ],
            "tuple_id": "c1864c34-6482-5db4-ac23-d9cd253d7774",
            "dnf": [
                [
                    "2c300f70-8a59-4305-9b84-b01f5847d03f",
                    "90924742-6eba-4bc4-b10d-2a6c10d5a0f3",
                    "cdf95d60-d2cf-4f6e-8ca4-5a34ed938657",
                    "758544a5-d973-4104-9400-34665aad5912",
                    "35b98f24-6243-4005-8215-cd3dc6af8a02"
                ],
                [
                    "2c300f70-8a59-4305-9b84-b01f5847d03f",
                    "90924742-6eba-4bc4-b10d-2a6c10d5a0f3",
                    "382ee422-590c-450f-a590-5fafad1f1978",
                    "758544a5-d973-4104-9400-34665aad5912",
                    "35b98f24-6243-4005-8215-cd3dc6af8a02"
                ]
            ]
        },
        {
            "output_tuple": [
                "Geoffrey M. Jacquez"
            ],
            "tuple_id": "c81b5ca3-913f-5379-9087-be62d19b297c",
            "dnf": [
                [
                    "fc446b20-68d0-4381-a0e9-0bb4a5edef24",
                    "90924742-6eba-4bc4-b10d-2a6c10d5a0f3",
                    "f0c4e762-447c-4635-b610-3fdb52c74fc0",
                    "35d6f7d4-fa58-49c5-8f5e-077062bedfe3",
                    "35b98f24-6243-4005-8215-cd3dc6af8a02"
                ]
            ]
        },
        {
            "output_tuple": [
                "Nan Zheng"
            ],
            "tuple_id": "dc2b8ccc-e30a-59bc-bd9a-815df5fecf94",
            "dnf": [
                [
                    "8a4fb920-88fa-4815-9a04-d27d9030e2af",
                    "90924742-6eba-4bc4-b10d-2a6c10d5a0f3",
                    "afd0e1e4-b764-4a83-8386-c6608867c1d3",
                    "b1525268-9319-407d-b4bd-5b48387803ff",
                    "35b98f24-6243-4005-8215-cd3dc6af8a02"
                ]
            ]
        },
        {
            "output_tuple": [
                "Vijay Dakshinamoorthy"
            ],
            "tuple_id": "e1546f46-2fa7-5997-8912-6486a9fe3211",
            "dnf": [
                [
                    "29e990df-216c-411f-b12c-48eaa12d906e",
                    "90924742-6eba-4bc4-b10d-2a6c10d5a0f3",
                    "b7c5cbed-98d2-4fbc-8380-4f6798543686",
                    "758544a5-d973-4104-9400-34665aad5912",
                    "35b98f24-6243-4005-8215-cd3dc6af8a02"
                ]
            ]
        },
        {
            "output_tuple": [
                "Kumar Sricharan"
            ],
            "tuple_id": "eda3811a-5255-518b-97f6-5157be78b467",
            "dnf": [
                [
                    "fb668d76-cf11-462a-974a-c33ab48f34b0",
                    "90924742-6eba-4bc4-b10d-2a6c10d5a0f3",
                    "e61d41ab-50f9-4d74-a162-05c318eda340",
                    "cec31a13-d14a-4ca7-ab63-b1262551dd12",
                    "35b98f24-6243-4005-8215-cd3dc6af8a02"
                ]
            ]
        },
        {
            "output_tuple": [
                "Chih-Wei Wang"
            ],
            "tuple_id": "f110043f-36ef-5441-b434-a88822997994",
            "dnf": [
                [
                    "d5782fff-c004-4d54-a3df-b1b174854b1e",
                    "90924742-6eba-4bc4-b10d-2a6c10d5a0f3",
                    "206b5953-f665-427e-aa99-32d03d0723ff",
                    "10cc35c6-287b-4134-bfcd-6d26e630d29e",
                    "35b98f24-6243-4005-8215-cd3dc6af8a02"
                ]
            ]
        },
        {
            "output_tuple": [
                "Radaphat Chongthammakun"
            ],
            "tuple_id": "f42292f0-8401-5469-8a12-defb0bef6633",
            "dnf": [
                [
                    "132d1f98-9d25-453f-b6e5-f290f5952cbb",
                    "90924742-6eba-4bc4-b10d-2a6c10d5a0f3",
                    "f54bcac3-3a80-4c83-a3e6-324c34c7e11a",
                    "758544a5-d973-4104-9400-34665aad5912",
                    "35b98f24-6243-4005-8215-cd3dc6af8a02"
                ]
            ]
        },
        {
            "output_tuple": [
                "Lujun Fang"
            ],
            "tuple_id": "f96fd0c7-688d-5821-b648-93ffe2a74e6c",
            "dnf": [
                [
                    "4375f81c-b1e1-4439-8b4a-81c1705d3d5f",
                    "90924742-6eba-4bc4-b10d-2a6c10d5a0f3",
                    "49c7dbee-5b26-4600-94dd-60f9a7ab2c27",
                    "cec31a13-d14a-4ca7-ab63-b1262551dd12",
                    "35b98f24-6243-4005-8215-cd3dc6af8a02"
                ]
            ]
        }
    ]
}