{
    "query_name": "3d_author_name",
    "query_sql": "SELECT \n\tauthor.name \nFROM \n\tauthor, organization, writes, publication, conference, domain_conference, domain \nWHERE\n\tauthor.oid = organization.oid\n\tAND author.aid = writes.aid\n    AND writes.pid = publication.pid\n    AND publication.cid = conference.cid\n    AND conference.cid = domain_conference.cid\n    AND domain_conference.did = domain.did\n    AND organization.name = 'Tel Aviv University'\n    AND publication.year > 2010\n    AND domain.name = 'Machine Learning & Pattern Recognition'\nGROUP BY author.name ",
    "results": [
        {
            "output_tuple": [
                "Nathan Intrator"
            ],
            "tuple_id": "27d96e7e-0cb0-5517-be40-3b784de71971",
            "dnf": [
                [
                    "eee2512e-9267-4780-be9f-420ad4a2a5d2",
                    "092a526c-16d9-4835-addc-8886f5366c79",
                    "2ec795c7-8220-41e3-8f41-7f2b4b372d3e",
                    "ff7414b5-81ec-4243-963d-6e85b6f73b37",
                    "1878accf-edf0-4e3a-a5a3-296e1664d673"
                ],
                [
                    "eee2512e-9267-4780-be9f-420ad4a2a5d2",
                    "092a526c-16d9-4835-addc-8886f5366c79",
                    "7c02adb3-f821-455e-a005-832ab6bcdb64",
                    "ff7414b5-81ec-4243-963d-6e85b6f73b37",
                    "1878accf-edf0-4e3a-a5a3-296e1664d673"
                ]
            ]
        },
        {
            "output_tuple": [
                "Dilza Szwarcman"
            ],
            "tuple_id": "39298661-8425-5e1f-930c-b2c53f98f9f3",
            "dnf": [
                [
                    "4b798952-9dd0-4a4e-b240-74830070cf9f",
                    "092a526c-16d9-4835-addc-8886f5366c79",
                    "ca547a4f-a779-43b5-bd18-8c2edbe6f474",
                    "8bd16b1a-4954-4420-9c97-78e30147bddf",
                    "1878accf-edf0-4e3a-a5a3-296e1664d673"
                ]
            ]
        },
        {
            "output_tuple": [
                "Noga Alon"
            ],
            "tuple_id": "4a7bbd1a-2422-5e53-bd86-35361ce7beea",
            "dnf": [
                [
                    "85f027b4-b0eb-4871-8024-e201574cb6b7",
                    "092a526c-16d9-4835-addc-8886f5366c79",
                    "22e3f65f-04c6-4df7-a94a-1a3bd2a5375a",
                    "ff7414b5-81ec-4243-963d-6e85b6f73b37",
                    "1878accf-edf0-4e3a-a5a3-296e1664d673"
                ]
            ]
        },
        {
            "output_tuple": [
                "Gideon Dror"
            ],
            "tuple_id": "4d554701-bfbb-52d3-ade6-be280ff9828a",
            "dnf": [
                [
                    "747fd62c-27b1-406b-90c0-61d0997ff7aa",
                    "092a526c-16d9-4835-addc-8886f5366c79",
                    "73b95d42-92f7-4029-bd0b-303fc5f134de",
                    "9b64e31b-f6af-475b-92ce-2b98bf5c7b5e",
                    "1878accf-edf0-4e3a-a5a3-296e1664d673"
                ]
            ]
        },
        {
            "output_tuple": [
                "Shimon Cohen"
            ],
            "tuple_id": "544fd8cf-9725-5735-a967-99a8dd034d14",
            "dnf": [
                [
                    "21dc0e2c-d14a-4ab5-bbac-30fffa48d073",
                    "092a526c-16d9-4835-addc-8886f5366c79",
                    "bfcd6978-4c94-4601-a9c3-a04cee2ce9b0",
                    "5897c3ee-8707-49f2-99ad-cd23583b0ef0",
                    "1878accf-edf0-4e3a-a5a3-296e1664d673"
                ]
            ]
        },
        {
            "output_tuple": [
                "Sivan Toledo"
            ],
            "tuple_id": "5b3a9b1d-94d2-591a-9b91-c9b20fc681b6",
            "dnf": [
                [
                    "aefeffcf-73be-4fee-9012-96a11c58d400",
                    "092a526c-16d9-4835-addc-8886f5366c79",
                    "a77fa5f9-619a-40bb-862e-a27d3969c8cf",
                    "e3a82cbf-0313-403e-b548-66b285089b1e",
                    "1878accf-edf0-4e3a-a5a3-296e1664d673"
                ]
            ]
        },
        {
            "output_tuple": [
                "Hagit Messer"
            ],
            "tuple_id": "5c69e833-2da8-5b1f-ac67-87195d63e44a",
            "dnf": [
                [
                    "93feea07-8b8e-451a-abf0-0b9812653a75",
                    "092a526c-16d9-4835-addc-8886f5366c79",
                    "ed2129a1-4751-4f55-af3e-b72941521b1c",
                    "758a40f0-a8ad-4370-860b-8419bfd0fc3f",
                    "1878accf-edf0-4e3a-a5a3-296e1664d673"
                ],
                [
                    "93feea07-8b8e-451a-abf0-0b9812653a75",
                    "092a526c-16d9-4835-addc-8886f5366c79",
                    "8958eb00-b033-4d65-a55a-ac6e68888a46",
                    "758a40f0-a8ad-4370-860b-8419bfd0fc3f",
                    "1878accf-edf0-4e3a-a5a3-296e1664d673"
                ]
            ]
        },
        {
            "output_tuple": [
                "Roee Litman"
            ],
            "tuple_id": "65d5ef5b-35af-5239-b4be-a77edfcda1aa",
            "dnf": [
                [
                    "a11adbe2-5a97-41e3-8d6d-66fe3cfc4005",
                    "092a526c-16d9-4835-addc-8886f5366c79",
                    "64a7af45-c11c-4819-a930-e35d4e25a3ae",
                    "ff7414b5-81ec-4243-963d-6e85b6f73b37",
                    "1878accf-edf0-4e3a-a5a3-296e1664d673"
                ]
            ]
        },
        {
            "output_tuple": [
                "Arie Yeredor"
            ],
            "tuple_id": "6dc60fa7-ca90-5ed2-aff3-3413b054372c",
            "dnf": [
                [
                    "45aca971-ee86-40bf-a474-c070ca620601",
                    "092a526c-16d9-4835-addc-8886f5366c79",
                    "5754a086-ca45-4724-9560-df9cd8a7b538",
                    "758a40f0-a8ad-4370-860b-8419bfd0fc3f",
                    "1878accf-edf0-4e3a-a5a3-296e1664d673"
                ],
                [
                    "45aca971-ee86-40bf-a474-c070ca620601",
                    "092a526c-16d9-4835-addc-8886f5366c79",
                    "269de325-bd5b-4efd-969d-4331e51eaeeb",
                    "758a40f0-a8ad-4370-860b-8419bfd0fc3f",
                    "1878accf-edf0-4e3a-a5a3-296e1664d673"
                ],
                [
                    "45aca971-ee86-40bf-a474-c070ca620601",
                    "092a526c-16d9-4835-addc-8886f5366c79",
                    "8fa73e35-cb5e-4367-8480-2fbe0d74a7d7",
                    "758a40f0-a8ad-4370-860b-8419bfd0fc3f",
                    "1878accf-edf0-4e3a-a5a3-296e1664d673"
                ]
            ]
        },
        {
            "output_tuple": [
                "Arie Shaus"
            ],
            "tuple_id": "7ec96827-c153-5242-930f-0cccf53460e0",
            "dnf": [
                [
                    "c00f2b5a-8e74-495f-ac6f-43db315eec88",
                    "092a526c-16d9-4835-addc-8886f5366c79",
                    "b8662e12-d0de-4dfe-a1df-5147849d73fb",
                    "110ee3ce-3409-4a84-ab7e-609b59519d92",
                    "1878accf-edf0-4e3a-a5a3-296e1664d673"
                ]
            ]
        },
        {
            "output_tuple": [
                "Eli Piasetzky"
            ],
            "tuple_id": "8047de81-203f-59c2-874e-961448d443a4",
            "dnf": [
                [
                    "2d782273-31ba-4c8b-af10-1dc5fc9dd033",
                    "092a526c-16d9-4835-addc-8886f5366c79",
                    "b8662e12-d0de-4dfe-a1df-5147849d73fb",
                    "110ee3ce-3409-4a84-ab7e-609b59519d92",
                    "1878accf-edf0-4e3a-a5a3-296e1664d673"
                ]
            ]
        },
        {
            "output_tuple": [
                "Eli Turkel"
            ],
            "tuple_id": "9b383aa0-86d7-5e60-bd07-f5d3f884f629",
            "dnf": [
                [
                    "aca05093-48c9-4ec1-b9ca-b60bc82fc68a",
                    "092a526c-16d9-4835-addc-8886f5366c79",
                    "b8662e12-d0de-4dfe-a1df-5147849d73fb",
                    "110ee3ce-3409-4a84-ab7e-609b59519d92",
                    "1878accf-edf0-4e3a-a5a3-296e1664d673"
                ]
            ]
        },
        {
            "output_tuple": [
                "Haim Avron"
            ],
            "tuple_id": "a2fe3ae5-5d1b-5e5e-b634-d140728f0592",
            "dnf": [
                [
                    "75a38fd8-48ad-405b-93c3-03c8dd671de9",
                    "092a526c-16d9-4835-addc-8886f5366c79",
                    "a2d08317-4f94-4970-8a46-85158a2ed0ec",
                    "ff7414b5-81ec-4243-963d-6e85b6f73b37",
                    "1878accf-edf0-4e3a-a5a3-296e1664d673"
                ],
                [
                    "75a38fd8-48ad-405b-93c3-03c8dd671de9",
                    "092a526c-16d9-4835-addc-8886f5366c79",
                    "c8afa5fd-d553-49cf-8996-15c3bf4116f0",
                    "ff7414b5-81ec-4243-963d-6e85b6f73b37",
                    "1878accf-edf0-4e3a-a5a3-296e1664d673"
                ],
                [
                    "75a38fd8-48ad-405b-93c3-03c8dd671de9",
                    "092a526c-16d9-4835-addc-8886f5366c79",
                    "a77fa5f9-619a-40bb-862e-a27d3969c8cf",
                    "e3a82cbf-0313-403e-b548-66b285089b1e",
                    "1878accf-edf0-4e3a-a5a3-296e1664d673"
                ],
                [
                    "75a38fd8-48ad-405b-93c3-03c8dd671de9",
                    "092a526c-16d9-4835-addc-8886f5366c79",
                    "cf1aca2c-2956-45cb-b673-1746a1c8f4c7",
                    "e3a82cbf-0313-403e-b548-66b285089b1e",
                    "1878accf-edf0-4e3a-a5a3-296e1664d673"
                ],
                [
                    "75a38fd8-48ad-405b-93c3-03c8dd671de9",
                    "092a526c-16d9-4835-addc-8886f5366c79",
                    "8aa6d065-10d6-4cb5-91ed-f9906536f510",
                    "e3a82cbf-0313-403e-b548-66b285089b1e",
                    "1878accf-edf0-4e3a-a5a3-296e1664d673"
                ]
            ]
        },
        {
            "output_tuple": [
                "Yoram Zarai"
            ],
            "tuple_id": "bfd378b7-5006-51d2-aa81-e567b76c24f5",
            "dnf": [
                [
                    "5c911b05-7a08-4dfc-adeb-0ac728c89bfa",
                    "092a526c-16d9-4835-addc-8886f5366c79",
                    "6a9d51a5-88be-4716-929c-e73f733e4e34",
                    "0dcc81df-1104-4298-9833-42805d4a2559",
                    "1878accf-edf0-4e3a-a5a3-296e1664d673"
                ]
            ]
        },
        {
            "output_tuple": [
                "Nachum Dershowitz"
            ],
            "tuple_id": "ccbc88e5-4b64-57cf-9103-87124c22caef",
            "dnf": [
                [
                    "daa850a7-c34e-4393-8523-2527a743821e",
                    "092a526c-16d9-4835-addc-8886f5366c79",
                    "61efaf79-e272-4370-bf0b-557a4cb6b6c4",
                    "0dcc81df-1104-4298-9833-42805d4a2559",
                    "1878accf-edf0-4e3a-a5a3-296e1664d673"
                ],
                [
                    "daa850a7-c34e-4393-8523-2527a743821e",
                    "092a526c-16d9-4835-addc-8886f5366c79",
                    "6a9d51a5-88be-4716-929c-e73f733e4e34",
                    "0dcc81df-1104-4298-9833-42805d4a2559",
                    "1878accf-edf0-4e3a-a5a3-296e1664d673"
                ]
            ]
        },
        {
            "output_tuple": [
                "Lior Wolf"
            ],
            "tuple_id": "d1db9295-e8d8-5b00-b7ec-9c952a9a9c0a",
            "dnf": [
                [
                    "01002048-e437-42aa-b586-7a0b7d9d23c9",
                    "092a526c-16d9-4835-addc-8886f5366c79",
                    "6a9d51a5-88be-4716-929c-e73f733e4e34",
                    "0dcc81df-1104-4298-9833-42805d4a2559",
                    "1878accf-edf0-4e3a-a5a3-296e1664d673"
                ],
                [
                    "01002048-e437-42aa-b586-7a0b7d9d23c9",
                    "092a526c-16d9-4835-addc-8886f5366c79",
                    "61efaf79-e272-4370-bf0b-557a4cb6b6c4",
                    "0dcc81df-1104-4298-9833-42805d4a2559",
                    "1878accf-edf0-4e3a-a5a3-296e1664d673"
                ]
            ]
        },
        {
            "output_tuple": [
                "Yishay Mansour"
            ],
            "tuple_id": "d952d5e3-0bc3-5328-907d-aa6c1a4f19de",
            "dnf": [
                [
                    "669f5b99-9a6c-4c41-9100-d2a2fcc5538b",
                    "092a526c-16d9-4835-addc-8886f5366c79",
                    "22e3f65f-04c6-4df7-a94a-1a3bd2a5375a",
                    "ff7414b5-81ec-4243-963d-6e85b6f73b37",
                    "1878accf-edf0-4e3a-a5a3-296e1664d673"
                ],
                [
                    "669f5b99-9a6c-4c41-9100-d2a2fcc5538b",
                    "092a526c-16d9-4835-addc-8886f5366c79",
                    "3cd787f1-41bd-48b3-a74e-d1c72f338852",
                    "17da8e39-be01-4f76-ac67-31396b61f54c",
                    "1878accf-edf0-4e3a-a5a3-296e1664d673"
                ],
                [
                    "669f5b99-9a6c-4c41-9100-d2a2fcc5538b",
                    "092a526c-16d9-4835-addc-8886f5366c79",
                    "755383e6-3f9f-4149-9989-6c8501ca9f3b",
                    "e3a82cbf-0313-403e-b548-66b285089b1e",
                    "1878accf-edf0-4e3a-a5a3-296e1664d673"
                ],
                [
                    "669f5b99-9a6c-4c41-9100-d2a2fcc5538b",
                    "092a526c-16d9-4835-addc-8886f5366c79",
                    "087eb6f5-0d5b-458e-84fe-451323778bed",
                    "ff7414b5-81ec-4243-963d-6e85b6f73b37",
                    "1878accf-edf0-4e3a-a5a3-296e1664d673"
                ],
                [
                    "669f5b99-9a6c-4c41-9100-d2a2fcc5538b",
                    "092a526c-16d9-4835-addc-8886f5366c79",
                    "60a39ca9-900d-41d5-8b03-231e0f8f85e1",
                    "e3a82cbf-0313-403e-b548-66b285089b1e",
                    "1878accf-edf0-4e3a-a5a3-296e1664d673"
                ]
            ]
        },
        {
            "output_tuple": [
                "Shai Avidan"
            ],
            "tuple_id": "de860656-910a-51ea-8d44-0c4350c3224b",
            "dnf": [
                [
                    "5650e9a6-4e06-4e58-9d42-d4c7b666ebb2",
                    "092a526c-16d9-4835-addc-8886f5366c79",
                    "ba9e8e06-f09b-455e-b73c-28a24c446602",
                    "577528a5-a90c-4b90-94fa-ac6d2cdb1dcd",
                    "1878accf-edf0-4e3a-a5a3-296e1664d673"
                ],
                [
                    "5650e9a6-4e06-4e58-9d42-d4c7b666ebb2",
                    "092a526c-16d9-4835-addc-8886f5366c79",
                    "b653df4d-fc9a-4b02-a678-227867b97859",
                    "9cadce6f-9149-4d9d-b5dd-09fb974b9a31",
                    "1878accf-edf0-4e3a-a5a3-296e1664d673"
                ]
            ]
        },
        {
            "output_tuple": [
                "Dana Lahat"
            ],
            "tuple_id": "ea66a8e8-86c1-5e7b-86a7-94835b7e065b",
            "dnf": [
                [
                    "ba297434-dad8-4e56-b80a-e40b9e8856ba",
                    "092a526c-16d9-4835-addc-8886f5366c79",
                    "ed2129a1-4751-4f55-af3e-b72941521b1c",
                    "758a40f0-a8ad-4370-860b-8419bfd0fc3f",
                    "1878accf-edf0-4e3a-a5a3-296e1664d673"
                ]
            ]
        },
        {
            "output_tuple": [
                "Yehezkel Yeshurun"
            ],
            "tuple_id": "f32f7d6b-9788-5f42-9de2-ffe7193abba1",
            "dnf": [
                [
                    "d99eac8f-b125-4993-a3db-eaaa82a66007",
                    "092a526c-16d9-4835-addc-8886f5366c79",
                    "2ec795c7-8220-41e3-8f41-7f2b4b372d3e",
                    "ff7414b5-81ec-4243-963d-6e85b6f73b37",
                    "1878accf-edf0-4e3a-a5a3-296e1664d673"
                ]
            ]
        }
    ]
}