{
    "query_name": "3e_author_name",
    "query_sql": "SELECT \n\tauthor.name \nFROM \n\tauthor, organization, writes, publication, conference, domain_conference, domain \nWHERE\n\tauthor.oid = organization.oid\n\tAND author.aid = writes.aid\n    AND writes.pid = publication.pid\n    AND publication.cid = conference.cid\n    AND conference.cid = domain_conference.cid\n    AND domain_conference.did = domain.did\n    AND organization.name = 'University of California San Diego'\n    AND publication.year > 2010\n    AND domain.name = 'Machine Learning & Pattern Recognition'\nGROUP BY author.name ",
    "results": [
        {
            "output_tuple": [
                "David J. Kriegman"
            ],
            "tuple_id": "00037302-6127-526d-9e63-89f28fd3e496",
            "dnf": [
                [
                    "95e7ce83-952c-4188-964b-886824981933",
                    "3b4aa457-be37-4d47-b161-a59cceb4b768",
                    "67f86b9f-8c8d-4879-838e-e941ca1e9cbf",
                    "e3a82cbf-0313-403e-b548-66b285089b1e",
                    "1878accf-edf0-4e3a-a5a3-296e1664d673"
                ],
                [
                    "95e7ce83-952c-4188-964b-886824981933",
                    "3b4aa457-be37-4d47-b161-a59cceb4b768",
                    "5aeb68b9-ab38-4657-9263-7d85070240e1",
                    "df554cf2-bbb2-45da-b07a-87d4c0a4a0fa",
                    "1878accf-edf0-4e3a-a5a3-296e1664d673"
                ],
                [
                    "95e7ce83-952c-4188-964b-886824981933",
                    "3b4aa457-be37-4d47-b161-a59cceb4b768",
                    "fcfede68-a3bb-4640-b85b-d51e1a1c1500",
                    "ff7414b5-81ec-4243-963d-6e85b6f73b37",
                    "1878accf-edf0-4e3a-a5a3-296e1664d673"
                ],
                [
                    "95e7ce83-952c-4188-964b-886824981933",
                    "3b4aa457-be37-4d47-b161-a59cceb4b768",
                    "d907fdbf-f9d3-4a84-8ac9-9583437f6ffa",
                    "df554cf2-bbb2-45da-b07a-87d4c0a4a0fa",
                    "1878accf-edf0-4e3a-a5a3-296e1664d673"
                ]
            ]
        },
        {
            "output_tuple": [
                "Jose Costa Pereira"
            ],
            "tuple_id": "02c56cbe-d7af-5c52-a9b8-87de87e53fd8",
            "dnf": [
                [
                    "f01032ba-4571-45cc-a353-6295b2a1277b",
                    "3b4aa457-be37-4d47-b161-a59cceb4b768",
                    "ce0f98db-c73b-4ca1-84ce-f1b124421421",
                    "ff7414b5-81ec-4243-963d-6e85b6f73b37",
                    "1878accf-edf0-4e3a-a5a3-296e1664d673"
                ]
            ]
        },
        {
            "output_tuple": [
                "Tzyy-Ping Jung"
            ],
            "tuple_id": "04371d4b-8206-57a9-8d8e-dad7556f6875",
            "dnf": [
                [
                    "4f4056de-4224-4363-86ec-4b8e239dd538",
                    "3b4aa457-be37-4d47-b161-a59cceb4b768",
                    "e811c321-48e5-423a-93b3-2d146659ffd8",
                    "9b64e31b-f6af-475b-92ce-2b98bf5c7b5e",
                    "1878accf-edf0-4e3a-a5a3-296e1664d673"
                ]
            ]
        },
        {
            "output_tuple": [
                "Ashish Tawari"
            ],
            "tuple_id": "0538352b-1314-5c6d-8b72-3fa0edf192c0",
            "dnf": [
                [
                    "6c7f3b35-05f1-4252-a666-0b1d3c278d20",
                    "3b4aa457-be37-4d47-b161-a59cceb4b768",
                    "b470d878-3c5b-4179-9422-cc96dc4ae360",
                    "78ebec57-7211-457b-be91-827918e1dd72",
                    "1878accf-edf0-4e3a-a5a3-296e1664d673"
                ],
                [
                    "6c7f3b35-05f1-4252-a666-0b1d3c278d20",
                    "3b4aa457-be37-4d47-b161-a59cceb4b768",
                    "e6444e98-729d-4a81-8b64-0fec6274ac75",
                    "78ebec57-7211-457b-be91-827918e1dd72",
                    "1878accf-edf0-4e3a-a5a3-296e1664d673"
                ],
                [
                    "6c7f3b35-05f1-4252-a666-0b1d3c278d20",
                    "3b4aa457-be37-4d47-b161-a59cceb4b768",
                    "26587ed8-9c12-47d6-8025-3c15ea9ef2b0",
                    "9b64e31b-f6af-475b-92ce-2b98bf5c7b5e",
                    "1878accf-edf0-4e3a-a5a3-296e1664d673"
                ]
            ]
        },
        {
            "output_tuple": [
                "Christopher Schmidt-Wetekam"
            ],
            "tuple_id": "05e955ff-0dc2-5c45-89f8-e1dd1c6b7164",
            "dnf": [
                [
                    "46a4fc7b-73b2-42c9-9e7a-e0b51357b3af",
                    "3b4aa457-be37-4d47-b161-a59cceb4b768",
                    "fc5804a0-91c3-40aa-a539-d8c98d5fb9d8",
                    "99d689db-c15f-4ad0-afb6-7fc4c55ecd75",
                    "1878accf-edf0-4e3a-a5a3-296e1664d673"
                ],
                [
                    "46a4fc7b-73b2-42c9-9e7a-e0b51357b3af",
                    "3b4aa457-be37-4d47-b161-a59cceb4b768",
                    "d3e4b03e-3e93-4f95-9700-11d32852a11b",
                    "99d689db-c15f-4ad0-afb6-7fc4c55ecd75",
                    "1878accf-edf0-4e3a-a5a3-296e1664d673"
                ]
            ]
        },
        {
            "output_tuple": [
                "Nakul Verma"
            ],
            "tuple_id": "07801395-07a2-5ab8-99e4-95ae783ef1bc",
            "dnf": [
                [
                    "37b695a3-b3b8-4b86-9f05-18a3117e8999",
                    "3b4aa457-be37-4d47-b161-a59cceb4b768",
                    "d13037fd-e0f2-4968-a26d-ee0e01205b71",
                    "e3a82cbf-0313-403e-b548-66b285089b1e",
                    "1878accf-edf0-4e3a-a5a3-296e1664d673"
                ]
            ]
        },
        {
            "output_tuple": [
                "Jayadev Acharya"
            ],
            "tuple_id": "0f62124e-0d90-5cd8-8e0c-6bc53a8cea9a",
            "dnf": [
                [
                    "6e31497c-81cf-48fd-8085-0e5e1b75e564",
                    "3b4aa457-be37-4d47-b161-a59cceb4b768",
                    "ccf77946-7ee1-4a4a-8202-7bb0efa576ab",
                    "ff7414b5-81ec-4243-963d-6e85b6f73b37",
                    "1878accf-edf0-4e3a-a5a3-296e1664d673"
                ],
                [
                    "6e31497c-81cf-48fd-8085-0e5e1b75e564",
                    "3b4aa457-be37-4d47-b161-a59cceb4b768",
                    "e1dc78ad-5c8c-45e5-811f-d493e4db83e1",
                    "ff7414b5-81ec-4243-963d-6e85b6f73b37",
                    "1878accf-edf0-4e3a-a5a3-296e1664d673"
                ],
                [
                    "6e31497c-81cf-48fd-8085-0e5e1b75e564",
                    "3b4aa457-be37-4d47-b161-a59cceb4b768",
                    "73945d77-e1d2-48e9-8d94-406452df56d1",
                    "17da8e39-be01-4f76-ac67-31396b61f54c",
                    "1878accf-edf0-4e3a-a5a3-296e1664d673"
                ]
            ]
        },
        {
            "output_tuple": [
                "Mohan M. Trivedi"
            ],
            "tuple_id": "12b59c0f-88e7-5e93-8b98-fa7b97eedf9b",
            "dnf": [
                [
                    "a368a1de-c421-49a5-8a16-1cea51ac5ad7",
                    "3b4aa457-be37-4d47-b161-a59cceb4b768",
                    "26587ed8-9c12-47d6-8025-3c15ea9ef2b0",
                    "9b64e31b-f6af-475b-92ce-2b98bf5c7b5e",
                    "1878accf-edf0-4e3a-a5a3-296e1664d673"
                ],
                [
                    "a368a1de-c421-49a5-8a16-1cea51ac5ad7",
                    "3b4aa457-be37-4d47-b161-a59cceb4b768",
                    "9c8c8f74-9ec9-4a9e-854a-97bc255f3757",
                    "78ebec57-7211-457b-be91-827918e1dd72",
                    "1878accf-edf0-4e3a-a5a3-296e1664d673"
                ],
                [
                    "a368a1de-c421-49a5-8a16-1cea51ac5ad7",
                    "3b4aa457-be37-4d47-b161-a59cceb4b768",
                    "e6444e98-729d-4a81-8b64-0fec6274ac75",
                    "78ebec57-7211-457b-be91-827918e1dd72",
                    "1878accf-edf0-4e3a-a5a3-296e1664d673"
                ],
                [
                    "a368a1de-c421-49a5-8a16-1cea51ac5ad7",
                    "3b4aa457-be37-4d47-b161-a59cceb4b768",
                    "75b4dfc3-70f8-4ba5-9655-c5e4f5e6ddb2",
                    "78ebec57-7211-457b-be91-827918e1dd72",
                    "1878accf-edf0-4e3a-a5a3-296e1664d673"
                ],
                [
                    "a368a1de-c421-49a5-8a16-1cea51ac5ad7",
                    "3b4aa457-be37-4d47-b161-a59cceb4b768",
                    "3c355d0d-8652-46f4-9a4c-32bd23f8cdb7",
                    "78ebec57-7211-457b-be91-827918e1dd72",
                    "1878accf-edf0-4e3a-a5a3-296e1664d673"
                ],
                [
                    "a368a1de-c421-49a5-8a16-1cea51ac5ad7",
                    "3b4aa457-be37-4d47-b161-a59cceb4b768",
                    "b470d878-3c5b-4179-9422-cc96dc4ae360",
                    "78ebec57-7211-457b-be91-827918e1dd72",
                    "1878accf-edf0-4e3a-a5a3-296e1664d673"
                ],
                [
                    "a368a1de-c421-49a5-8a16-1cea51ac5ad7",
                    "3b4aa457-be37-4d47-b161-a59cceb4b768",
                    "e8402d79-fc74-45b3-b231-0af07f598b26",
                    "78ebec57-7211-457b-be91-827918e1dd72",
                    "1878accf-edf0-4e3a-a5a3-296e1664d673"
                ]
            ]
        },
        {
            "output_tuple": [
                "Geoffrey M. Voelker"
            ],
            "tuple_id": "1aadb6f8-1d55-554c-b21d-3a97bbe08c5a",
            "dnf": [
                [
                    "9f12f4ea-8513-4748-9fd2-7f0766f5dc55",
                    "3b4aa457-be37-4d47-b161-a59cceb4b768",
                    "f41302a6-b1d9-4078-a4a0-b11c6a0c3571",
                    "e3a82cbf-0313-403e-b548-66b285089b1e",
                    "1878accf-edf0-4e3a-a5a3-296e1664d673"
                ]
            ]
        },
        {
            "output_tuple": [
                "Nuno Vasconcelos"
            ],
            "tuple_id": "1e11113d-2424-52e2-ae06-e0b4d717c59d",
            "dnf": [
                [
                    "70f88f6c-56f8-4165-9c08-7c2d652ce3e2",
                    "3b4aa457-be37-4d47-b161-a59cceb4b768",
                    "512343c7-ec02-42df-9a41-6a42f163e376",
                    "ff7414b5-81ec-4243-963d-6e85b6f73b37",
                    "1878accf-edf0-4e3a-a5a3-296e1664d673"
                ],
                [
                    "70f88f6c-56f8-4165-9c08-7c2d652ce3e2",
                    "3b4aa457-be37-4d47-b161-a59cceb4b768",
                    "ce0f98db-c73b-4ca1-84ce-f1b124421421",
                    "ff7414b5-81ec-4243-963d-6e85b6f73b37",
                    "1878accf-edf0-4e3a-a5a3-296e1664d673"
                ],
                [
                    "70f88f6c-56f8-4165-9c08-7c2d652ce3e2",
                    "3b4aa457-be37-4d47-b161-a59cceb4b768",
                    "068e2bb7-125a-4743-b900-89d97a6b3b48",
                    "ff7414b5-81ec-4243-963d-6e85b6f73b37",
                    "1878accf-edf0-4e3a-a5a3-296e1664d673"
                ],
                [
                    "70f88f6c-56f8-4165-9c08-7c2d652ce3e2",
                    "3b4aa457-be37-4d47-b161-a59cceb4b768",
                    "67f86b9f-8c8d-4879-838e-e941ca1e9cbf",
                    "e3a82cbf-0313-403e-b548-66b285089b1e",
                    "1878accf-edf0-4e3a-a5a3-296e1664d673"
                ],
                [
                    "70f88f6c-56f8-4165-9c08-7c2d652ce3e2",
                    "3b4aa457-be37-4d47-b161-a59cceb4b768",
                    "e7991906-ba6d-47b4-9bc2-2d4b175fa648",
                    "ff7414b5-81ec-4243-963d-6e85b6f73b37",
                    "1878accf-edf0-4e3a-a5a3-296e1664d673"
                ],
                [
                    "70f88f6c-56f8-4165-9c08-7c2d652ce3e2",
                    "3b4aa457-be37-4d47-b161-a59cceb4b768",
                    "fba95161-d153-4e64-a201-c83f5d46f179",
                    "ff7414b5-81ec-4243-963d-6e85b6f73b37",
                    "1878accf-edf0-4e3a-a5a3-296e1664d673"
                ]
            ]
        },
        {
            "output_tuple": [
                "Rathinakumar Appuswamy"
            ],
            "tuple_id": "2a1eea8d-0078-5583-97c0-745da1cb5bc0",
            "dnf": [
                [
                    "24b16f84-3de5-440a-a8e8-ced6a63d8bad",
                    "3b4aa457-be37-4d47-b161-a59cceb4b768",
                    "e6286ae9-1476-447d-b6ee-3f863b81b663",
                    "9b64e31b-f6af-475b-92ce-2b98bf5c7b5e",
                    "1878accf-edf0-4e3a-a5a3-296e1664d673"
                ]
            ]
        },
        {
            "output_tuple": [
                "Kamalika Chaudhuri"
            ],
            "tuple_id": "2c82dfb2-8142-5a40-9427-0c4044c10115",
            "dnf": [
                [
                    "5a26ab00-50a1-4b6f-9317-a7f798340b73",
                    "3b4aa457-be37-4d47-b161-a59cceb4b768",
                    "1bedbb33-b4ab-4107-8aeb-f97992f8229e",
                    "ff7414b5-81ec-4243-963d-6e85b6f73b37",
                    "1878accf-edf0-4e3a-a5a3-296e1664d673"
                ],
                [
                    "5a26ab00-50a1-4b6f-9317-a7f798340b73",
                    "3b4aa457-be37-4d47-b161-a59cceb4b768",
                    "893cbc72-7cff-405d-ad3c-bd3c1842b77d",
                    "ff7414b5-81ec-4243-963d-6e85b6f73b37",
                    "1878accf-edf0-4e3a-a5a3-296e1664d673"
                ],
                [
                    "5a26ab00-50a1-4b6f-9317-a7f798340b73",
                    "3b4aa457-be37-4d47-b161-a59cceb4b768",
                    "7eb8349b-c449-4826-8cd9-79ecf42473f3",
                    "ff7414b5-81ec-4243-963d-6e85b6f73b37",
                    "1878accf-edf0-4e3a-a5a3-296e1664d673"
                ],
                [
                    "5a26ab00-50a1-4b6f-9317-a7f798340b73",
                    "3b4aa457-be37-4d47-b161-a59cceb4b768",
                    "c4230dff-cbe1-44e1-aa83-ecd8d581e92b",
                    "ff7414b5-81ec-4243-963d-6e85b6f73b37",
                    "1878accf-edf0-4e3a-a5a3-296e1664d673"
                ],
                [
                    "5a26ab00-50a1-4b6f-9317-a7f798340b73",
                    "3b4aa457-be37-4d47-b161-a59cceb4b768",
                    "c21bc744-ac9b-4373-a972-ee7c942971b9",
                    "ff7414b5-81ec-4243-963d-6e85b6f73b37",
                    "1878accf-edf0-4e3a-a5a3-296e1664d673"
                ],
                [
                    "5a26ab00-50a1-4b6f-9317-a7f798340b73",
                    "3b4aa457-be37-4d47-b161-a59cceb4b768",
                    "13128140-1e1e-4b36-a670-8c93a4d93ec8",
                    "ff7414b5-81ec-4243-963d-6e85b6f73b37",
                    "1878accf-edf0-4e3a-a5a3-296e1664d673"
                ],
                [
                    "5a26ab00-50a1-4b6f-9317-a7f798340b73",
                    "3b4aa457-be37-4d47-b161-a59cceb4b768",
                    "c7b3b5c6-0d8b-4c5a-aac2-f99543e517e6",
                    "e3a82cbf-0313-403e-b548-66b285089b1e",
                    "1878accf-edf0-4e3a-a5a3-296e1664d673"
                ]
            ]
        },
        {
            "output_tuple": [
                "Andrea Vattani"
            ],
            "tuple_id": "31845f0e-cbf0-5653-87e3-d829ec2b6a77",
            "dnf": [
                [
                    "db3f46d0-feb6-4d7c-904c-464ee0499895",
                    "3b4aa457-be37-4d47-b161-a59cceb4b768",
                    "e55af2ee-5cdb-46d4-8690-0294526b55ce",
                    "e3a82cbf-0313-403e-b548-66b285089b1e",
                    "1878accf-edf0-4e3a-a5a3-296e1664d673"
                ],
                [
                    "db3f46d0-feb6-4d7c-904c-464ee0499895",
                    "3b4aa457-be37-4d47-b161-a59cceb4b768",
                    "a24862d3-05df-40b8-a44a-bd80ab6fc0b7",
                    "e3a82cbf-0313-403e-b548-66b285089b1e",
                    "1878accf-edf0-4e3a-a5a3-296e1664d673"
                ]
            ]
        },
        {
            "output_tuple": [
                "Brian McFee"
            ],
            "tuple_id": "320e2e91-7fb7-5c75-8207-b985113cc99e",
            "dnf": [
                [
                    "472eeb18-3eef-45e2-befc-8a54a013ad98",
                    "3b4aa457-be37-4d47-b161-a59cceb4b768",
                    "b352f551-f27d-4dee-895f-00fb24d8eb7a",
                    "e3a82cbf-0313-403e-b548-66b285089b1e",
                    "1878accf-edf0-4e3a-a5a3-296e1664d673"
                ]
            ]
        },
        {
            "output_tuple": [
                "Thomas R. Bewley"
            ],
            "tuple_id": "3547b2fd-d857-5e6f-81e0-de3fad83abc4",
            "dnf": [
                [
                    "398c87c9-2c46-442f-aa61-6c6ad68d4a64",
                    "3b4aa457-be37-4d47-b161-a59cceb4b768",
                    "d3e4b03e-3e93-4f95-9700-11d32852a11b",
                    "99d689db-c15f-4ad0-afb6-7fc4c55ecd75",
                    "1878accf-edf0-4e3a-a5a3-296e1664d673"
                ],
                [
                    "398c87c9-2c46-442f-aa61-6c6ad68d4a64",
                    "3b4aa457-be37-4d47-b161-a59cceb4b768",
                    "9db4672c-d3be-4371-99c0-4592123f9ace",
                    "99d689db-c15f-4ad0-afb6-7fc4c55ecd75",
                    "1878accf-edf0-4e3a-a5a3-296e1664d673"
                ],
                [
                    "398c87c9-2c46-442f-aa61-6c6ad68d4a64",
                    "3b4aa457-be37-4d47-b161-a59cceb4b768",
                    "fc5804a0-91c3-40aa-a539-d8c98d5fb9d8",
                    "99d689db-c15f-4ad0-afb6-7fc4c55ecd75",
                    "1878accf-edf0-4e3a-a5a3-296e1664d673"
                ]
            ]
        },
        {
            "output_tuple": [
                "Micah Richert"
            ],
            "tuple_id": "35863256-d481-5956-8c83-975838a1f954",
            "dnf": [
                [
                    "baf54cea-89ae-4826-ad4e-7143a41d004e",
                    "3b4aa457-be37-4d47-b161-a59cceb4b768",
                    "d6baf468-530e-4201-84ed-a2d947403b22",
                    "9b64e31b-f6af-475b-92ce-2b98bf5c7b5e",
                    "1878accf-edf0-4e3a-a5a3-296e1664d673"
                ]
            ]
        },
        {
            "output_tuple": [
                "Pallab Datta"
            ],
            "tuple_id": "3773de29-0218-5c64-8aa4-6db6ddbbc4a7",
            "dnf": [
                [
                    "c05375b3-d749-480c-ada4-2fa430cae84d",
                    "3b4aa457-be37-4d47-b161-a59cceb4b768",
                    "e6286ae9-1476-447d-b6ee-3f863b81b663",
                    "9b64e31b-f6af-475b-92ce-2b98bf5c7b5e",
                    "1878accf-edf0-4e3a-a5a3-296e1664d673"
                ],
                [
                    "c05375b3-d749-480c-ada4-2fa430cae84d",
                    "3b4aa457-be37-4d47-b161-a59cceb4b768",
                    "db8e2f0b-0483-493e-ae26-8720e11cbdb2",
                    "9b64e31b-f6af-475b-92ce-2b98bf5c7b5e",
                    "1878accf-edf0-4e3a-a5a3-296e1664d673"
                ],
                [
                    "c05375b3-d749-480c-ada4-2fa430cae84d",
                    "3b4aa457-be37-4d47-b161-a59cceb4b768",
                    "e3da2aae-e456-43a4-a039-d74742cb88e0",
                    "9b64e31b-f6af-475b-92ce-2b98bf5c7b5e",
                    "1878accf-edf0-4e3a-a5a3-296e1664d673"
                ]
            ]
        },
        {
            "output_tuple": [
                "Xiaobo Xie"
            ],
            "tuple_id": "3f8dc580-51ae-5e31-b608-07a6fd79ef59",
            "dnf": [
                [
                    "75a1e975-9640-4b63-aa61-366e7e02cb45",
                    "3b4aa457-be37-4d47-b161-a59cceb4b768",
                    "3509400d-4b08-4e06-92e9-81f2d28cc053",
                    "716d8702-b603-4ab3-b1d8-39de0a19dfca",
                    "1878accf-edf0-4e3a-a5a3-296e1664d673"
                ]
            ]
        },
        {
            "output_tuple": [
                "Kun Zhang"
            ],
            "tuple_id": "5275d776-7a86-5bd4-8c76-72bb0302a3ab",
            "dnf": [
                [
                    "641c264f-8a45-476e-9503-db5774048d34",
                    "3b4aa457-be37-4d47-b161-a59cceb4b768",
                    "54ae942d-5f34-48a8-850c-fb57a10dc096",
                    "ff7414b5-81ec-4243-963d-6e85b6f73b37",
                    "1878accf-edf0-4e3a-a5a3-296e1664d673"
                ],
                [
                    "641c264f-8a45-476e-9503-db5774048d34",
                    "3b4aa457-be37-4d47-b161-a59cceb4b768",
                    "c71daa40-492c-4551-a5e8-87750b1b613b",
                    "84e052ad-1172-4d63-bc64-57641f93942a",
                    "1878accf-edf0-4e3a-a5a3-296e1664d673"
                ],
                [
                    "641c264f-8a45-476e-9503-db5774048d34",
                    "3b4aa457-be37-4d47-b161-a59cceb4b768",
                    "d75086c2-e854-4ca5-a2e6-6a8e6ad598eb",
                    "e3a82cbf-0313-403e-b548-66b285089b1e",
                    "1878accf-edf0-4e3a-a5a3-296e1664d673"
                ],
                [
                    "641c264f-8a45-476e-9503-db5774048d34",
                    "3b4aa457-be37-4d47-b161-a59cceb4b768",
                    "3a0cac20-b86b-43fb-a0cf-d7c869d543bf",
                    "8a93dbe2-4529-4418-8bcc-9075486d25c9",
                    "1878accf-edf0-4e3a-a5a3-296e1664d673"
                ],
                [
                    "641c264f-8a45-476e-9503-db5774048d34",
                    "3b4aa457-be37-4d47-b161-a59cceb4b768",
                    "46f85c11-84e8-4555-8e07-701594c8087d",
                    "8a93dbe2-4529-4418-8bcc-9075486d25c9",
                    "1878accf-edf0-4e3a-a5a3-296e1664d673"
                ],
                [
                    "641c264f-8a45-476e-9503-db5774048d34",
                    "3b4aa457-be37-4d47-b161-a59cceb4b768",
                    "8b2e0700-ada8-4a47-a391-5190559d9e94",
                    "84e052ad-1172-4d63-bc64-57641f93942a",
                    "1878accf-edf0-4e3a-a5a3-296e1664d673"
                ],
                [
                    "641c264f-8a45-476e-9503-db5774048d34",
                    "3b4aa457-be37-4d47-b161-a59cceb4b768",
                    "2cb106dc-e1b1-47da-b6dd-d33233530c6a",
                    "e3a82cbf-0313-403e-b548-66b285089b1e",
                    "1878accf-edf0-4e3a-a5a3-296e1664d673"
                ],
                [
                    "641c264f-8a45-476e-9503-db5774048d34",
                    "3b4aa457-be37-4d47-b161-a59cceb4b768",
                    "8c611675-67d9-473f-99f8-2458617f67ba",
                    "ec3a5a90-7506-4a10-8223-be3821fad8ad",
                    "1878accf-edf0-4e3a-a5a3-296e1664d673"
                ]
            ]
        },
        {
            "output_tuple": [
                "Ashkan Jafarpour"
            ],
            "tuple_id": "5cae0024-bc45-5a50-ac18-0c978135f32d",
            "dnf": [
                [
                    "68f91dae-6ee8-4cb6-864c-1b58b1c47df8",
                    "3b4aa457-be37-4d47-b161-a59cceb4b768",
                    "e1dc78ad-5c8c-45e5-811f-d493e4db83e1",
                    "ff7414b5-81ec-4243-963d-6e85b6f73b37",
                    "1878accf-edf0-4e3a-a5a3-296e1664d673"
                ],
                [
                    "68f91dae-6ee8-4cb6-864c-1b58b1c47df8",
                    "3b4aa457-be37-4d47-b161-a59cceb4b768",
                    "73945d77-e1d2-48e9-8d94-406452df56d1",
                    "17da8e39-be01-4f76-ac67-31396b61f54c",
                    "1878accf-edf0-4e3a-a5a3-296e1664d673"
                ]
            ]
        },
        {
            "output_tuple": [
                "Shankar Vembu"
            ],
            "tuple_id": "5dac7656-5c0f-5aef-b995-b1148a1ac956",
            "dnf": [
                [
                    "9366f426-5503-4827-94f0-40107df53a01",
                    "3b4aa457-be37-4d47-b161-a59cceb4b768",
                    "d72666d9-6b6c-4cfa-ac4c-005ec0211e54",
                    "577528a5-a90c-4b90-94fa-ac6d2cdb1dcd",
                    "1878accf-edf0-4e3a-a5a3-296e1664d673"
                ],
                [
                    "9366f426-5503-4827-94f0-40107df53a01",
                    "3b4aa457-be37-4d47-b161-a59cceb4b768",
                    "2aee69b7-0755-4801-9221-b52672dde8bf",
                    "e3a82cbf-0313-403e-b548-66b285089b1e",
                    "1878accf-edf0-4e3a-a5a3-296e1664d673"
                ]
            ]
        },
        {
            "output_tuple": [
                "Shulei Sun"
            ],
            "tuple_id": "602c7c07-dba6-53e9-8e55-e3efc4524381",
            "dnf": [
                [
                    "dc0adff8-8ddb-41f0-a935-827708adc574",
                    "3b4aa457-be37-4d47-b161-a59cceb4b768",
                    "2605881b-913c-4b74-9e73-24a45e99f04a",
                    "8a93dbe2-4529-4418-8bcc-9075486d25c9",
                    "1878accf-edf0-4e3a-a5a3-296e1664d673"
                ]
            ]
        },
        {
            "output_tuple": [
                "Serge J. Belongie"
            ],
            "tuple_id": "62fe5604-3779-500a-b08d-191620710228",
            "dnf": [
                [
                    "201b3093-05e1-48d5-8912-d4e476de323b",
                    "3b4aa457-be37-4d47-b161-a59cceb4b768",
                    "5aeb68b9-ab38-4657-9263-7d85070240e1",
                    "df554cf2-bbb2-45da-b07a-87d4c0a4a0fa",
                    "1878accf-edf0-4e3a-a5a3-296e1664d673"
                ],
                [
                    "201b3093-05e1-48d5-8912-d4e476de323b",
                    "3b4aa457-be37-4d47-b161-a59cceb4b768",
                    "fcfede68-a3bb-4640-b85b-d51e1a1c1500",
                    "ff7414b5-81ec-4243-963d-6e85b6f73b37",
                    "1878accf-edf0-4e3a-a5a3-296e1664d673"
                ],
                [
                    "201b3093-05e1-48d5-8912-d4e476de323b",
                    "3b4aa457-be37-4d47-b161-a59cceb4b768",
                    "d13037fd-e0f2-4968-a26d-ee0e01205b71",
                    "e3a82cbf-0313-403e-b548-66b285089b1e",
                    "1878accf-edf0-4e3a-a5a3-296e1664d673"
                ],
                [
                    "201b3093-05e1-48d5-8912-d4e476de323b",
                    "3b4aa457-be37-4d47-b161-a59cceb4b768",
                    "68a46577-ea2f-419d-af0d-e07659e7c422",
                    "e3a82cbf-0313-403e-b548-66b285089b1e",
                    "1878accf-edf0-4e3a-a5a3-296e1664d673"
                ]
            ]
        },
        {
            "output_tuple": [
                "Ohil K. Manyam"
            ],
            "tuple_id": "630697bc-ab5c-55ce-bd45-b9eb917b66db",
            "dnf": [
                [
                    "234c941a-c21a-482b-9191-5eae5ec5cadf",
                    "3b4aa457-be37-4d47-b161-a59cceb4b768",
                    "d907fdbf-f9d3-4a84-8ac9-9583437f6ffa",
                    "df554cf2-bbb2-45da-b07a-87d4c0a4a0fa",
                    "1878accf-edf0-4e3a-a5a3-296e1664d673"
                ]
            ]
        },
        {
            "output_tuple": [
                "Ramon Huerta"
            ],
            "tuple_id": "65476c34-5f4a-5cd5-89ce-7758bb6b6908",
            "dnf": [
                [
                    "56d650b1-4254-4b68-ac5e-7c0a8deccccf",
                    "3b4aa457-be37-4d47-b161-a59cceb4b768",
                    "d72666d9-6b6c-4cfa-ac4c-005ec0211e54",
                    "577528a5-a90c-4b90-94fa-ac6d2cdb1dcd",
                    "1878accf-edf0-4e3a-a5a3-296e1664d673"
                ]
            ]
        },
        {
            "output_tuple": [
                "Martha White"
            ],
            "tuple_id": "66ecaab3-6420-53a6-a915-346f81f8cea3",
            "dnf": [
                [
                    "fa65da52-fa09-4597-bd16-435021182e1f",
                    "3b4aa457-be37-4d47-b161-a59cceb4b768",
                    "b15866f2-e00b-4a3b-a7a5-8f3fd2a47bd7",
                    "e3a82cbf-0313-403e-b548-66b285089b1e",
                    "1878accf-edf0-4e3a-a5a3-296e1664d673"
                ],
                [
                    "fa65da52-fa09-4597-bd16-435021182e1f",
                    "3b4aa457-be37-4d47-b161-a59cceb4b768",
                    "b7806018-d229-4b76-a25f-bc891e30efda",
                    "ff7414b5-81ec-4243-963d-6e85b6f73b37",
                    "1878accf-edf0-4e3a-a5a3-296e1664d673"
                ]
            ]
        },
        {
            "output_tuple": [
                "Sonia Martinez"
            ],
            "tuple_id": "6d732f71-b04d-5869-bb65-be5454fce6ee",
            "dnf": [
                [
                    "932a2d70-4eaa-4928-a00d-2808f5f56e07",
                    "3b4aa457-be37-4d47-b161-a59cceb4b768",
                    "5c596372-27a0-4a49-9482-f27214a76d01",
                    "99d689db-c15f-4ad0-afb6-7fc4c55ecd75",
                    "1878accf-edf0-4e3a-a5a3-296e1664d673"
                ]
            ]
        },
        {
            "output_tuple": [
                "Paul Mineiro"
            ],
            "tuple_id": "6e163466-ddc1-51ad-9cfc-6c127fcc5ec8",
            "dnf": [
                [
                    "a80dda50-9f83-4398-a29b-9435c2edf931",
                    "3b4aa457-be37-4d47-b161-a59cceb4b768",
                    "ae85e57f-448f-42a8-989d-d97b2fdd73aa",
                    "e3a82cbf-0313-403e-b548-66b285089b1e",
                    "1878accf-edf0-4e3a-a5a3-296e1664d673"
                ],
                [
                    "a80dda50-9f83-4398-a29b-9435c2edf931",
                    "3b4aa457-be37-4d47-b161-a59cceb4b768",
                    "07d93cb2-df87-421e-b87b-d1a446b39468",
                    "84e052ad-1172-4d63-bc64-57641f93942a",
                    "1878accf-edf0-4e3a-a5a3-296e1664d673"
                ],
                [
                    "a80dda50-9f83-4398-a29b-9435c2edf931",
                    "3b4aa457-be37-4d47-b161-a59cceb4b768",
                    "78d87915-dfa6-49f7-90a4-2f8f43ae64d6",
                    "e3a82cbf-0313-403e-b548-66b285089b1e",
                    "1878accf-edf0-4e3a-a5a3-296e1664d673"
                ]
            ]
        },
        {
            "output_tuple": [
                "Jason A. Palmer"
            ],
            "tuple_id": "6ebf260b-aedd-50ac-a3e5-ef38ea10abe1",
            "dnf": [
                [
                    "50cabbda-74ae-4484-8303-5bfd0cb81d62",
                    "3b4aa457-be37-4d47-b161-a59cceb4b768",
                    "e8f57351-8a6a-4a66-bd58-9803399e8cdf",
                    "758a40f0-a8ad-4370-860b-8419bfd0fc3f",
                    "1878accf-edf0-4e3a-a5a3-296e1664d673"
                ]
            ]
        },
        {
            "output_tuple": [
                "Scott Makeig"
            ],
            "tuple_id": "6f0784f1-9022-5aec-ab68-83a2be8112ad",
            "dnf": [
                [
                    "78ca1b68-a3ea-4d5c-b731-ef07025e86f5",
                    "3b4aa457-be37-4d47-b161-a59cceb4b768",
                    "e8f57351-8a6a-4a66-bd58-9803399e8cdf",
                    "758a40f0-a8ad-4370-860b-8419bfd0fc3f",
                    "1878accf-edf0-4e3a-a5a3-296e1664d673"
                ]
            ]
        },
        {
            "output_tuple": [
                "Eric M. Christiansen"
            ],
            "tuple_id": "736cc506-cd8f-503e-908e-a181a5efb75c",
            "dnf": [
                [
                    "62727004-18ed-4360-bca8-a3a651cfe5a0",
                    "3b4aa457-be37-4d47-b161-a59cceb4b768",
                    "fcfede68-a3bb-4640-b85b-d51e1a1c1500",
                    "ff7414b5-81ec-4243-963d-6e85b6f73b37",
                    "1878accf-edf0-4e3a-a5a3-296e1664d673"
                ]
            ]
        },
        {
            "output_tuple": [
                "Nicholas Morozovsky"
            ],
            "tuple_id": "763ad341-6d7c-5129-aa44-bbd3d020b2d1",
            "dnf": [
                [
                    "5b0c9021-dd0c-4ecd-9dab-f428bfa24403",
                    "3b4aa457-be37-4d47-b161-a59cceb4b768",
                    "d3e4b03e-3e93-4f95-9700-11d32852a11b",
                    "99d689db-c15f-4ad0-afb6-7fc4c55ecd75",
                    "1878accf-edf0-4e3a-a5a3-296e1664d673"
                ],
                [
                    "5b0c9021-dd0c-4ecd-9dab-f428bfa24403",
                    "3b4aa457-be37-4d47-b161-a59cceb4b768",
                    "9db4672c-d3be-4371-99c0-4592123f9ace",
                    "99d689db-c15f-4ad0-afb6-7fc4c55ecd75",
                    "1878accf-edf0-4e3a-a5a3-296e1664d673"
                ],
                [
                    "5b0c9021-dd0c-4ecd-9dab-f428bfa24403",
                    "3b4aa457-be37-4d47-b161-a59cceb4b768",
                    "fc5804a0-91c3-40aa-a539-d8c98d5fb9d8",
                    "99d689db-c15f-4ad0-afb6-7fc4c55ecd75",
                    "1878accf-edf0-4e3a-a5a3-296e1664d673"
                ]
            ]
        },
        {
            "output_tuple": [
                "Mark H. Ellisman"
            ],
            "tuple_id": "768efb75-3cb1-5616-91f8-bf228332a9da",
            "dnf": [
                [
                    "c6dc7387-a0d2-4570-90ed-2cd7592d4412",
                    "3b4aa457-be37-4d47-b161-a59cceb4b768",
                    "4a0e5a97-6db4-4eaa-a0f0-24469941a006",
                    "78ebec57-7211-457b-be91-827918e1dd72",
                    "1878accf-edf0-4e3a-a5a3-296e1664d673"
                ]
            ]
        },
        {
            "output_tuple": [
                "Howard Li"
            ],
            "tuple_id": "780e3adb-ebeb-57b3-a234-4a259c12a2e3",
            "dnf": [
                [
                    "2df3a9d1-48a9-463d-a1f7-c65f17d81052",
                    "3b4aa457-be37-4d47-b161-a59cceb4b768",
                    "3e0cca7e-6d43-42d6-a300-46b9bcaa4623",
                    "99d689db-c15f-4ad0-afb6-7fc4c55ecd75",
                    "1878accf-edf0-4e3a-a5a3-296e1664d673"
                ],
                [
                    "2df3a9d1-48a9-463d-a1f7-c65f17d81052",
                    "3b4aa457-be37-4d47-b161-a59cceb4b768",
                    "1a366e37-4def-4600-8980-bbc3688066cf",
                    "99d689db-c15f-4ad0-afb6-7fc4c55ecd75",
                    "1878accf-edf0-4e3a-a5a3-296e1664d673"
                ],
                [
                    "2df3a9d1-48a9-463d-a1f7-c65f17d81052",
                    "3b4aa457-be37-4d47-b161-a59cceb4b768",
                    "7805f8c1-5b6c-4c0c-a9c9-a0930cf0792c",
                    "99d689db-c15f-4ad0-afb6-7fc4c55ecd75",
                    "1878accf-edf0-4e3a-a5a3-296e1664d673"
                ],
                [
                    "2df3a9d1-48a9-463d-a1f7-c65f17d81052",
                    "3b4aa457-be37-4d47-b161-a59cceb4b768",
                    "8f660624-d03f-488b-8df0-21976241d9b1",
                    "99d689db-c15f-4ad0-afb6-7fc4c55ecd75",
                    "1878accf-edf0-4e3a-a5a3-296e1664d673"
                ],
                [
                    "2df3a9d1-48a9-463d-a1f7-c65f17d81052",
                    "3b4aa457-be37-4d47-b161-a59cceb4b768",
                    "d0244e79-0cb0-4407-82cc-16a79f3c201b",
                    "99d689db-c15f-4ad0-afb6-7fc4c55ecd75",
                    "1878accf-edf0-4e3a-a5a3-296e1664d673"
                ],
                [
                    "2df3a9d1-48a9-463d-a1f7-c65f17d81052",
                    "3b4aa457-be37-4d47-b161-a59cceb4b768",
                    "5404eb8d-d6ff-41e8-a37c-08c265ed1d03",
                    "99d689db-c15f-4ad0-afb6-7fc4c55ecd75",
                    "1878accf-edf0-4e3a-a5a3-296e1664d673"
                ],
                [
                    "2df3a9d1-48a9-463d-a1f7-c65f17d81052",
                    "3b4aa457-be37-4d47-b161-a59cceb4b768",
                    "d67c487f-a32a-4c7a-a2e8-fe778956ae4d",
                    "99d689db-c15f-4ad0-afb6-7fc4c55ecd75",
                    "1878accf-edf0-4e3a-a5a3-296e1664d673"
                ]
            ]
        },
        {
            "output_tuple": [
                "Kenneth Kreutz-Delgado"
            ],
            "tuple_id": "79a42e2a-5a26-5c17-8eb8-74ad0dbfd759",
            "dnf": [
                [
                    "ba5fdb2f-8be9-4675-9bb5-23598b78e259",
                    "3b4aa457-be37-4d47-b161-a59cceb4b768",
                    "c88eac2c-445c-45a4-9cf2-b6f53dd45641",
                    "9b64e31b-f6af-475b-92ce-2b98bf5c7b5e",
                    "1878accf-edf0-4e3a-a5a3-296e1664d673"
                ]
            ]
        },
        {
            "output_tuple": [
                "Andrew Ziegler"
            ],
            "tuple_id": "7c7fb80c-5547-57ff-a8af-04ab91f59ed8",
            "dnf": [
                [
                    "431c795e-0d71-4c74-ba18-cc0161dc363a",
                    "3b4aa457-be37-4d47-b161-a59cceb4b768",
                    "fcfede68-a3bb-4640-b85b-d51e1a1c1500",
                    "ff7414b5-81ec-4243-963d-6e85b6f73b37",
                    "1878accf-edf0-4e3a-a5a3-296e1664d673"
                ]
            ]
        },
        {
            "output_tuple": [
                "Javier R. Movellan"
            ],
            "tuple_id": "7d7cce68-4a9e-57f6-8c3f-07487f5e3bf5",
            "dnf": [
                [
                    "04b67e99-0309-41a3-a529-68594e2b92f5",
                    "3b4aa457-be37-4d47-b161-a59cceb4b768",
                    "738a2c50-b139-4ad9-9dc7-a2b562429ac4",
                    "99d689db-c15f-4ad0-afb6-7fc4c55ecd75",
                    "1878accf-edf0-4e3a-a5a3-296e1664d673"
                ],
                [
                    "04b67e99-0309-41a3-a529-68594e2b92f5",
                    "3b4aa457-be37-4d47-b161-a59cceb4b768",
                    "675441c9-5c36-4d31-a80f-48e33974996b",
                    "99d689db-c15f-4ad0-afb6-7fc4c55ecd75",
                    "1878accf-edf0-4e3a-a5a3-296e1664d673"
                ],
                [
                    "04b67e99-0309-41a3-a529-68594e2b92f5",
                    "3b4aa457-be37-4d47-b161-a59cceb4b768",
                    "6a6fc2ef-45e3-44bd-a43c-61a715f90f4e",
                    "99d689db-c15f-4ad0-afb6-7fc4c55ecd75",
                    "1878accf-edf0-4e3a-a5a3-296e1664d673"
                ],
                [
                    "04b67e99-0309-41a3-a529-68594e2b92f5",
                    "3b4aa457-be37-4d47-b161-a59cceb4b768",
                    "17ef3aa9-1cb3-4efd-a3a3-a6c9a02a32f0",
                    "df554cf2-bbb2-45da-b07a-87d4c0a4a0fa",
                    "1878accf-edf0-4e3a-a5a3-296e1664d673"
                ]
            ]
        },
        {
            "output_tuple": [
                "Lijun Liu"
            ],
            "tuple_id": "86b27d2b-1fe1-56a3-9ba9-7e1695a01e19",
            "dnf": [
                [
                    "dce9e6be-fab6-48a9-be6d-76847de2d5a7",
                    "3b4aa457-be37-4d47-b161-a59cceb4b768",
                    "b9a41e1d-357e-46dd-be1e-f72298166ea1",
                    "8a93dbe2-4529-4418-8bcc-9075486d25c9",
                    "1878accf-edf0-4e3a-a5a3-296e1664d673"
                ],
                [
                    "dce9e6be-fab6-48a9-be6d-76847de2d5a7",
                    "3b4aa457-be37-4d47-b161-a59cceb4b768",
                    "09b9b929-29bc-40ec-9632-7502a6ed390a",
                    "cb89a7d6-d9b7-45a1-9604-9cba9a513b43",
                    "1878accf-edf0-4e3a-a5a3-296e1664d673"
                ]
            ]
        },
        {
            "output_tuple": [
                "Angela J. Yu"
            ],
            "tuple_id": "87efd8e5-db81-50ce-946f-35b6fb865559",
            "dnf": [
                [
                    "325924bd-949f-4f88-bade-d643feaa08cc",
                    "3b4aa457-be37-4d47-b161-a59cceb4b768",
                    "b9f4e6c5-0f00-42ca-a59a-59922090bdab",
                    "ff7414b5-81ec-4243-963d-6e85b6f73b37",
                    "1878accf-edf0-4e3a-a5a3-296e1664d673"
                ],
                [
                    "325924bd-949f-4f88-bade-d643feaa08cc",
                    "3b4aa457-be37-4d47-b161-a59cceb4b768",
                    "26f1bfa8-1ae7-4f44-a187-4c9037318d4d",
                    "ff7414b5-81ec-4243-963d-6e85b6f73b37",
                    "1878accf-edf0-4e3a-a5a3-296e1664d673"
                ],
                [
                    "325924bd-949f-4f88-bade-d643feaa08cc",
                    "3b4aa457-be37-4d47-b161-a59cceb4b768",
                    "b4a2e90c-7943-44d7-8c62-00a76b414f5a",
                    "84e052ad-1172-4d63-bc64-57641f93942a",
                    "1878accf-edf0-4e3a-a5a3-296e1664d673"
                ],
                [
                    "325924bd-949f-4f88-bade-d643feaa08cc",
                    "3b4aa457-be37-4d47-b161-a59cceb4b768",
                    "0d680e23-4e59-4f79-a6dd-93b0a6f07280",
                    "ff7414b5-81ec-4243-963d-6e85b6f73b37",
                    "1878accf-edf0-4e3a-a5a3-296e1664d673"
                ]
            ]
        },
        {
            "output_tuple": [
                "Jongwoo Lim"
            ],
            "tuple_id": "89c3ab14-774b-58b0-968f-8717c67b3e83",
            "dnf": [
                [
                    "ebea736f-b9f4-4ce8-9396-5a3ffa226338",
                    "3b4aa457-be37-4d47-b161-a59cceb4b768",
                    "b0811890-2f12-4389-9204-8bf1fd3637eb",
                    "99d689db-c15f-4ad0-afb6-7fc4c55ecd75",
                    "1878accf-edf0-4e3a-a5a3-296e1664d673"
                ],
                [
                    "ebea736f-b9f4-4ce8-9396-5a3ffa226338",
                    "3b4aa457-be37-4d47-b161-a59cceb4b768",
                    "cb88ea6b-f730-448c-bae3-343c094205aa",
                    "99d689db-c15f-4ad0-afb6-7fc4c55ecd75",
                    "1878accf-edf0-4e3a-a5a3-296e1664d673"
                ]
            ]
        },
        {
            "output_tuple": [
                "Esra Vural"
            ],
            "tuple_id": "8cd0098e-e453-5d70-801b-ccd3e27eb157",
            "dnf": [
                [
                    "4691fdd3-2742-4b91-a757-53edf1bd86a1",
                    "3b4aa457-be37-4d47-b161-a59cceb4b768",
                    "12b9c03c-6b9b-4343-aecd-3fee7571513f",
                    "df554cf2-bbb2-45da-b07a-87d4c0a4a0fa",
                    "1878accf-edf0-4e3a-a5a3-296e1664d673"
                ]
            ]
        },
        {
            "output_tuple": [
                "Charles Elkan"
            ],
            "tuple_id": "8cefa60b-bc9f-5165-9fb1-09193f7880fe",
            "dnf": [
                [
                    "1e646a16-f85e-4e67-940a-a3fda0497300",
                    "3b4aa457-be37-4d47-b161-a59cceb4b768",
                    "2aee69b7-0755-4801-9221-b52672dde8bf",
                    "e3a82cbf-0313-403e-b548-66b285089b1e",
                    "1878accf-edf0-4e3a-a5a3-296e1664d673"
                ]
            ]
        },
        {
            "output_tuple": [
                "Ed Vul"
            ],
            "tuple_id": "8e430788-6840-5070-9f07-04b67dd5b5c0",
            "dnf": [
                [
                    "13699d51-0812-4c34-a96d-18522bf50654",
                    "3b4aa457-be37-4d47-b161-a59cceb4b768",
                    "96426c2e-6b23-48b7-8f28-c9dc678e6713",
                    "ff7414b5-81ec-4243-963d-6e85b6f73b37",
                    "1878accf-edf0-4e3a-a5a3-296e1664d673"
                ]
            ]
        },
        {
            "output_tuple": [
                "Samory Kpotufe"
            ],
            "tuple_id": "8ec002d3-9019-5fd3-841f-9dc900c460b3",
            "dnf": [
                [
                    "c88cbb16-f39f-4cd6-992c-fb215289d254",
                    "3b4aa457-be37-4d47-b161-a59cceb4b768",
                    "f121f436-fbed-4392-b63a-3c5f7e8ea441",
                    "ff7414b5-81ec-4243-963d-6e85b6f73b37",
                    "1878accf-edf0-4e3a-a5a3-296e1664d673"
                ],
                [
                    "c88cbb16-f39f-4cd6-992c-fb215289d254",
                    "3b4aa457-be37-4d47-b161-a59cceb4b768",
                    "1db0f43f-7c3d-4504-a578-13e144586801",
                    "ff7414b5-81ec-4243-963d-6e85b6f73b37",
                    "1878accf-edf0-4e3a-a5a3-296e1664d673"
                ],
                [
                    "c88cbb16-f39f-4cd6-992c-fb215289d254",
                    "3b4aa457-be37-4d47-b161-a59cceb4b768",
                    "4b5e8d2d-03e7-4657-978d-1342cf89507a",
                    "e3a82cbf-0313-403e-b548-66b285089b1e",
                    "1878accf-edf0-4e3a-a5a3-296e1664d673"
                ],
                [
                    "c88cbb16-f39f-4cd6-992c-fb215289d254",
                    "3b4aa457-be37-4d47-b161-a59cceb4b768",
                    "7245cce3-607d-4bd3-ac2f-c8b2615c88f1",
                    "ff7414b5-81ec-4243-963d-6e85b6f73b37",
                    "1878accf-edf0-4e3a-a5a3-296e1664d673"
                ],
                [
                    "c88cbb16-f39f-4cd6-992c-fb215289d254",
                    "3b4aa457-be37-4d47-b161-a59cceb4b768",
                    "16ab71b0-96cb-4bb0-aa2f-84a7782d91fd",
                    "ff7414b5-81ec-4243-963d-6e85b6f73b37",
                    "1878accf-edf0-4e3a-a5a3-296e1664d673"
                ],
                [
                    "c88cbb16-f39f-4cd6-992c-fb215289d254",
                    "3b4aa457-be37-4d47-b161-a59cceb4b768",
                    "10778f46-2ffb-4441-aa95-32a852c58e4d",
                    "ff7414b5-81ec-4243-963d-6e85b6f73b37",
                    "1878accf-edf0-4e3a-a5a3-296e1664d673"
                ],
                [
                    "c88cbb16-f39f-4cd6-992c-fb215289d254",
                    "3b4aa457-be37-4d47-b161-a59cceb4b768",
                    "5d9fdf64-f13b-43df-846a-242898a51868",
                    "e3a82cbf-0313-403e-b548-66b285089b1e",
                    "1878accf-edf0-4e3a-a5a3-296e1664d673"
                ]
            ]
        },
        {
            "output_tuple": [
                "Paul Ruvolo"
            ],
            "tuple_id": "915750cd-aaba-5a40-8eae-22ecf294a0df",
            "dnf": [
                [
                    "ef28ce34-25c0-4a32-abfd-4c979b078565",
                    "3b4aa457-be37-4d47-b161-a59cceb4b768",
                    "d6c58293-296a-4eff-a956-615372637ff0",
                    "e3a82cbf-0313-403e-b548-66b285089b1e",
                    "1878accf-edf0-4e3a-a5a3-296e1664d673"
                ],
                [
                    "ef28ce34-25c0-4a32-abfd-4c979b078565",
                    "3b4aa457-be37-4d47-b161-a59cceb4b768",
                    "a758973b-cb2a-42f0-9783-2d74dc88e531",
                    "e3a82cbf-0313-403e-b548-66b285089b1e",
                    "1878accf-edf0-4e3a-a5a3-296e1664d673"
                ],
                [
                    "ef28ce34-25c0-4a32-abfd-4c979b078565",
                    "3b4aa457-be37-4d47-b161-a59cceb4b768",
                    "738a2c50-b139-4ad9-9dc7-a2b562429ac4",
                    "99d689db-c15f-4ad0-afb6-7fc4c55ecd75",
                    "1878accf-edf0-4e3a-a5a3-296e1664d673"
                ]
            ]
        },
        {
            "output_tuple": [
                "Wen-Bo Zhao"
            ],
            "tuple_id": "9bdbc5f5-5325-5ff4-8be7-d03a7ffc8e8a",
            "dnf": [
                [
                    "b8adca04-406e-4441-87da-b81f4f025310",
                    "3b4aa457-be37-4d47-b161-a59cceb4b768",
                    "9ac37415-68ae-4061-908c-fbe182a58c0f",
                    "fea41cd4-bc1c-4cd5-989e-81ac118699c5",
                    "1878accf-edf0-4e3a-a5a3-296e1664d673"
                ],
                [
                    "b8adca04-406e-4441-87da-b81f4f025310",
                    "3b4aa457-be37-4d47-b161-a59cceb4b768",
                    "33e8dff0-70b7-4ea4-a37c-a4d3116554f9",
                    "fea41cd4-bc1c-4cd5-989e-81ac118699c5",
                    "1878accf-edf0-4e3a-a5a3-296e1664d673"
                ]
            ]
        },
        {
            "output_tuple": [
                "Lucila Ohno-Machado"
            ],
            "tuple_id": "a519270f-7fea-5984-b319-e4f481cdbce2",
            "dnf": [
                [
                    "71101218-c1c7-4fa1-9107-89c0c95e6311",
                    "3b4aa457-be37-4d47-b161-a59cceb4b768",
                    "2aee69b7-0755-4801-9221-b52672dde8bf",
                    "e3a82cbf-0313-403e-b548-66b285089b1e",
                    "1878accf-edf0-4e3a-a5a3-296e1664d673"
                ]
            ]
        },
        {
            "output_tuple": [
                "Ke Sun"
            ],
            "tuple_id": "abe13af3-ddc0-51e6-931a-f1e963e8353d",
            "dnf": [
                [
                    "cd2c19eb-3987-45c0-9d25-3753d9f4562e",
                    "3b4aa457-be37-4d47-b161-a59cceb4b768",
                    "30286327-11e5-4fd4-bb22-1ed763496445",
                    "e3a82cbf-0313-403e-b548-66b285089b1e",
                    "1878accf-edf0-4e3a-a5a3-296e1664d673"
                ],
                [
                    "cd2c19eb-3987-45c0-9d25-3753d9f4562e",
                    "3b4aa457-be37-4d47-b161-a59cceb4b768",
                    "9c6de434-ef4f-40ee-94a9-6f3b1e18d880",
                    "78ebec57-7211-457b-be91-827918e1dd72",
                    "1878accf-edf0-4e3a-a5a3-296e1664d673"
                ],
                [
                    "cd2c19eb-3987-45c0-9d25-3753d9f4562e",
                    "3b4aa457-be37-4d47-b161-a59cceb4b768",
                    "b0824e8d-a298-42ae-9bd9-9d3c97062c51",
                    "e3a82cbf-0313-403e-b548-66b285089b1e",
                    "1878accf-edf0-4e3a-a5a3-296e1664d673"
                ],
                [
                    "cd2c19eb-3987-45c0-9d25-3753d9f4562e",
                    "3b4aa457-be37-4d47-b161-a59cceb4b768",
                    "0c6f5638-b5c5-4787-ac99-f84f9585323f",
                    "78ebec57-7211-457b-be91-827918e1dd72",
                    "1878accf-edf0-4e3a-a5a3-296e1664d673"
                ]
            ]
        },
        {
            "output_tuple": [
                "Aditya Krishna Menon"
            ],
            "tuple_id": "ad123456-418e-563c-8b29-2937386c1234",
            "dnf": [
                [
                    "4a91380d-9503-42e4-9ac3-f71724615122",
                    "3b4aa457-be37-4d47-b161-a59cceb4b768",
                    "627c057c-c4a0-4efe-8bf1-4af99b7440a8",
                    "e3a82cbf-0313-403e-b548-66b285089b1e",
                    "1878accf-edf0-4e3a-a5a3-296e1664d673"
                ],
                [
                    "4a91380d-9503-42e4-9ac3-f71724615122",
                    "3b4aa457-be37-4d47-b161-a59cceb4b768",
                    "63677f57-71b4-4c9a-bc09-a3dfa594a6df",
                    "e3a82cbf-0313-403e-b548-66b285089b1e",
                    "1878accf-edf0-4e3a-a5a3-296e1664d673"
                ],
                [
                    "4a91380d-9503-42e4-9ac3-f71724615122",
                    "3b4aa457-be37-4d47-b161-a59cceb4b768",
                    "5fc55e6d-6cf8-42f2-99b9-78a35eea99d7",
                    "17da8e39-be01-4f76-ac67-31396b61f54c",
                    "1878accf-edf0-4e3a-a5a3-296e1664d673"
                ],
                [
                    "4a91380d-9503-42e4-9ac3-f71724615122",
                    "3b4aa457-be37-4d47-b161-a59cceb4b768",
                    "2aee69b7-0755-4801-9221-b52672dde8bf",
                    "e3a82cbf-0313-403e-b548-66b285089b1e",
                    "1878accf-edf0-4e3a-a5a3-296e1664d673"
                ]
            ]
        },
        {
            "output_tuple": [
                "Gert R. G. Lanckriet"
            ],
            "tuple_id": "b02b23bc-0639-5bf0-9b1c-cff4d620b9a4",
            "dnf": [
                [
                    "c4ad365f-d891-4770-8a68-706d02bdd187",
                    "3b4aa457-be37-4d47-b161-a59cceb4b768",
                    "79d14a15-a5b6-45f3-b1da-9e6bbff929c4",
                    "ff7414b5-81ec-4243-963d-6e85b6f73b37",
                    "1878accf-edf0-4e3a-a5a3-296e1664d673"
                ],
                [
                    "c4ad365f-d891-4770-8a68-706d02bdd187",
                    "3b4aa457-be37-4d47-b161-a59cceb4b768",
                    "f821d403-5493-401b-b596-822a25a2545e",
                    "e3a82cbf-0313-403e-b548-66b285089b1e",
                    "1878accf-edf0-4e3a-a5a3-296e1664d673"
                ],
                [
                    "c4ad365f-d891-4770-8a68-706d02bdd187",
                    "3b4aa457-be37-4d47-b161-a59cceb4b768",
                    "4b0636b8-dbaa-4ab0-b4b6-1919b465b871",
                    "ff7414b5-81ec-4243-963d-6e85b6f73b37",
                    "1878accf-edf0-4e3a-a5a3-296e1664d673"
                ],
                [
                    "c4ad365f-d891-4770-8a68-706d02bdd187",
                    "3b4aa457-be37-4d47-b161-a59cceb4b768",
                    "b352f551-f27d-4dee-895f-00fb24d8eb7a",
                    "e3a82cbf-0313-403e-b548-66b285089b1e",
                    "1878accf-edf0-4e3a-a5a3-296e1664d673"
                ],
                [
                    "c4ad365f-d891-4770-8a68-706d02bdd187",
                    "3b4aa457-be37-4d47-b161-a59cceb4b768",
                    "c21acfca-b1e5-4f0a-9e35-e2f9e38d49c4",
                    "ff7414b5-81ec-4243-963d-6e85b6f73b37",
                    "1878accf-edf0-4e3a-a5a3-296e1664d673"
                ],
                [
                    "c4ad365f-d891-4770-8a68-706d02bdd187",
                    "3b4aa457-be37-4d47-b161-a59cceb4b768",
                    "a843d4fa-52f0-4859-87c9-54a06ad7196c",
                    "e3a82cbf-0313-403e-b548-66b285089b1e",
                    "1878accf-edf0-4e3a-a5a3-296e1664d673"
                ]
            ]
        },
        {
            "output_tuple": [
                "Hirakendu Das"
            ],
            "tuple_id": "b5eded53-18ea-58fa-8086-60aa3ac4b649",
            "dnf": [
                [
                    "b214218e-7d30-4b6c-bcd1-486519f2fd17",
                    "3b4aa457-be37-4d47-b161-a59cceb4b768",
                    "ccf77946-7ee1-4a4a-8202-7bb0efa576ab",
                    "ff7414b5-81ec-4243-963d-6e85b6f73b37",
                    "1878accf-edf0-4e3a-a5a3-296e1664d673"
                ]
            ]
        },
        {
            "output_tuple": [
                "Sanjoy Dasgupta"
            ],
            "tuple_id": "b9cb9946-0952-5ed4-9022-00ce16c9b57b",
            "dnf": [
                [
                    "efbc6334-0888-4c06-92c6-fe2bb1e19709",
                    "3b4aa457-be37-4d47-b161-a59cceb4b768",
                    "c21bc744-ac9b-4373-a972-ee7c942971b9",
                    "ff7414b5-81ec-4243-963d-6e85b6f73b37",
                    "1878accf-edf0-4e3a-a5a3-296e1664d673"
                ],
                [
                    "efbc6334-0888-4c06-92c6-fe2bb1e19709",
                    "3b4aa457-be37-4d47-b161-a59cceb4b768",
                    "51bd533e-94c8-49a5-bf5c-b3d263ee0d34",
                    "ff7414b5-81ec-4243-963d-6e85b6f73b37",
                    "1878accf-edf0-4e3a-a5a3-296e1664d673"
                ],
                [
                    "efbc6334-0888-4c06-92c6-fe2bb1e19709",
                    "3b4aa457-be37-4d47-b161-a59cceb4b768",
                    "1cb2aee0-e29c-46aa-bfb2-fc60e087198f",
                    "e3a82cbf-0313-403e-b548-66b285089b1e",
                    "1878accf-edf0-4e3a-a5a3-296e1664d673"
                ],
                [
                    "efbc6334-0888-4c06-92c6-fe2bb1e19709",
                    "3b4aa457-be37-4d47-b161-a59cceb4b768",
                    "dcd211cf-ccd9-4720-bc65-3d666f7c5f0f",
                    "17da8e39-be01-4f76-ac67-31396b61f54c",
                    "1878accf-edf0-4e3a-a5a3-296e1664d673"
                ],
                [
                    "efbc6334-0888-4c06-92c6-fe2bb1e19709",
                    "3b4aa457-be37-4d47-b161-a59cceb4b768",
                    "7245cce3-607d-4bd3-ac2f-c8b2615c88f1",
                    "ff7414b5-81ec-4243-963d-6e85b6f73b37",
                    "1878accf-edf0-4e3a-a5a3-296e1664d673"
                ],
                [
                    "efbc6334-0888-4c06-92c6-fe2bb1e19709",
                    "3b4aa457-be37-4d47-b161-a59cceb4b768",
                    "1163c4b5-3490-4186-9c40-c1b66a2398fa",
                    "e3a82cbf-0313-403e-b548-66b285089b1e",
                    "1878accf-edf0-4e3a-a5a3-296e1664d673"
                ],
                [
                    "efbc6334-0888-4c06-92c6-fe2bb1e19709",
                    "3b4aa457-be37-4d47-b161-a59cceb4b768",
                    "c77f8258-fe47-466c-9417-c394531d573c",
                    "ff7414b5-81ec-4243-963d-6e85b6f73b37",
                    "1878accf-edf0-4e3a-a5a3-296e1664d673"
                ],
                [
                    "efbc6334-0888-4c06-92c6-fe2bb1e19709",
                    "3b4aa457-be37-4d47-b161-a59cceb4b768",
                    "20cdef0a-9dc0-4a30-a64b-931f15fa2359",
                    "ff7414b5-81ec-4243-963d-6e85b6f73b37",
                    "1878accf-edf0-4e3a-a5a3-296e1664d673"
                ]
            ]
        },
        {
            "output_tuple": [
                "Anand D. Sarwate"
            ],
            "tuple_id": "ba44b0af-4cfe-575b-84a8-e293e3d54632",
            "dnf": [
                [
                    "3ae0e4f5-9c3f-49de-9dad-eb635bd2cdaa",
                    "3b4aa457-be37-4d47-b161-a59cceb4b768",
                    "7eb8349b-c449-4826-8cd9-79ecf42473f3",
                    "ff7414b5-81ec-4243-963d-6e85b6f73b37",
                    "1878accf-edf0-4e3a-a5a3-296e1664d673"
                ],
                [
                    "3ae0e4f5-9c3f-49de-9dad-eb635bd2cdaa",
                    "3b4aa457-be37-4d47-b161-a59cceb4b768",
                    "8982cdab-efc0-4bed-bd69-64e7c9ff5316",
                    "ff7414b5-81ec-4243-963d-6e85b6f73b37",
                    "1878accf-edf0-4e3a-a5a3-296e1664d673"
                ],
                [
                    "3ae0e4f5-9c3f-49de-9dad-eb635bd2cdaa",
                    "3b4aa457-be37-4d47-b161-a59cceb4b768",
                    "cae37100-fcda-47f6-a370-7ee9a3832595",
                    "e3a82cbf-0313-403e-b548-66b285089b1e",
                    "1878accf-edf0-4e3a-a5a3-296e1664d673"
                ]
            ]
        },
        {
            "output_tuple": [
                "Ding Yuan"
            ],
            "tuple_id": "bacff732-0bf2-5934-8eb0-48a35c122027",
            "dnf": [
                [
                    "bbd1ecc0-21bd-44dc-8586-74959e8b7b1a",
                    "3b4aa457-be37-4d47-b161-a59cceb4b768",
                    "4e1db31a-fc53-4c3c-ac98-96391b7582fd",
                    "78ebec57-7211-457b-be91-827918e1dd72",
                    "1878accf-edf0-4e3a-a5a3-296e1664d673"
                ],
                [
                    "bbd1ecc0-21bd-44dc-8586-74959e8b7b1a",
                    "3b4aa457-be37-4d47-b161-a59cceb4b768",
                    "c2bc3fce-24e5-473e-8aee-a3dc55b139c2",
                    "78ebec57-7211-457b-be91-827918e1dd72",
                    "1878accf-edf0-4e3a-a5a3-296e1664d673"
                ]
            ]
        },
        {
            "output_tuple": [
                "Boris Babenko"
            ],
            "tuple_id": "bb490520-4a1b-530c-a872-176303c639fd",
            "dnf": [
                [
                    "2196f802-f9b6-472f-9040-50fa8c66791d",
                    "3b4aa457-be37-4d47-b161-a59cceb4b768",
                    "d13037fd-e0f2-4968-a26d-ee0e01205b71",
                    "e3a82cbf-0313-403e-b548-66b285089b1e",
                    "1878accf-edf0-4e3a-a5a3-296e1664d673"
                ]
            ]
        },
        {
            "output_tuple": [
                "Laurens van der Maaten"
            ],
            "tuple_id": "c460db05-7ebd-5243-a210-7e10b6223435",
            "dnf": [
                [
                    "c18ff472-809f-4963-a673-3ca605b0a2e3",
                    "3b4aa457-be37-4d47-b161-a59cceb4b768",
                    "4c9ed8c1-608d-4447-9d27-fc4c264a575e",
                    "e3a82cbf-0313-403e-b548-66b285089b1e",
                    "1878accf-edf0-4e3a-a5a3-296e1664d673"
                ],
                [
                    "c18ff472-809f-4963-a673-3ca605b0a2e3",
                    "3b4aa457-be37-4d47-b161-a59cceb4b768",
                    "185280c0-b322-442c-a604-3345f1ae44db",
                    "78ebec57-7211-457b-be91-827918e1dd72",
                    "1878accf-edf0-4e3a-a5a3-296e1664d673"
                ],
                [
                    "c18ff472-809f-4963-a673-3ca605b0a2e3",
                    "3b4aa457-be37-4d47-b161-a59cceb4b768",
                    "ec2ffa5b-42d9-4c3b-8bf9-10afd372f59e",
                    "78ebec57-7211-457b-be91-827918e1dd72",
                    "1878accf-edf0-4e3a-a5a3-296e1664d673"
                ],
                [
                    "c18ff472-809f-4963-a673-3ca605b0a2e3",
                    "3b4aa457-be37-4d47-b161-a59cceb4b768",
                    "dce96a95-3c9b-49a4-b1fd-f6b4876cc4bc",
                    "78ebec57-7211-457b-be91-827918e1dd72",
                    "1878accf-edf0-4e3a-a5a3-296e1664d673"
                ],
                [
                    "c18ff472-809f-4963-a673-3ca605b0a2e3",
                    "3b4aa457-be37-4d47-b161-a59cceb4b768",
                    "3b520085-a7e3-436a-b6a7-0822f4ecb22a",
                    "78ebec57-7211-457b-be91-827918e1dd72",
                    "1878accf-edf0-4e3a-a5a3-296e1664d673"
                ],
                [
                    "c18ff472-809f-4963-a673-3ca605b0a2e3",
                    "3b4aa457-be37-4d47-b161-a59cceb4b768",
                    "c4c19ec3-daa1-4851-b0d7-dfa264b47a11",
                    "e3a82cbf-0313-403e-b548-66b285089b1e",
                    "1878accf-edf0-4e3a-a5a3-296e1664d673"
                ]
            ]
        },
        {
            "output_tuple": [
                "Emanuele Coviello"
            ],
            "tuple_id": "ca5c0bd7-dac5-5212-beee-ac6a8628c736",
            "dnf": [
                [
                    "ac0fd858-5d7b-4a04-8b31-24a38cda0a0a",
                    "3b4aa457-be37-4d47-b161-a59cceb4b768",
                    "f821d403-5493-401b-b596-822a25a2545e",
                    "e3a82cbf-0313-403e-b548-66b285089b1e",
                    "1878accf-edf0-4e3a-a5a3-296e1664d673"
                ],
                [
                    "ac0fd858-5d7b-4a04-8b31-24a38cda0a0a",
                    "3b4aa457-be37-4d47-b161-a59cceb4b768",
                    "4b0636b8-dbaa-4ab0-b4b6-1919b465b871",
                    "ff7414b5-81ec-4243-963d-6e85b6f73b37",
                    "1878accf-edf0-4e3a-a5a3-296e1664d673"
                ]
            ]
        },
        {
            "output_tuple": [
                "Alexander Vergara"
            ],
            "tuple_id": "ca6b6eb4-3e5a-5461-97b1-6f68dcf54c2e",
            "dnf": [
                [
                    "6aa1e9ba-2ad5-4e73-bd28-2d0f0370544c",
                    "3b4aa457-be37-4d47-b161-a59cceb4b768",
                    "d72666d9-6b6c-4cfa-ac4c-005ec0211e54",
                    "577528a5-a90c-4b90-94fa-ac6d2cdb1dcd",
                    "1878accf-edf0-4e3a-a5a3-296e1664d673"
                ]
            ]
        },
        {
            "output_tuple": [
                "Dan Zhou"
            ],
            "tuple_id": "d3459e6b-a110-560f-b4e7-baeeade1db3e",
            "dnf": [
                [
                    "c4e11e67-538e-498e-bdc4-ce59dccd3747",
                    "3b4aa457-be37-4d47-b161-a59cceb4b768",
                    "bb9436da-130c-4f35-bcf1-7f283829cd00",
                    "716d8702-b603-4ab3-b1d8-39de0a19dfca",
                    "1878accf-edf0-4e3a-a5a3-296e1664d673"
                ]
            ]
        },
        {
            "output_tuple": [
                "Weixin Li"
            ],
            "tuple_id": "d437b598-adc5-5a7a-addb-0bc7fd6e2cee",
            "dnf": [
                [
                    "e38fa47f-0c6a-47b6-8fed-5bb9acc11ffb",
                    "3b4aa457-be37-4d47-b161-a59cceb4b768",
                    "512343c7-ec02-42df-9a41-6a42f163e376",
                    "ff7414b5-81ec-4243-963d-6e85b6f73b37",
                    "1878accf-edf0-4e3a-a5a3-296e1664d673"
                ],
                [
                    "e38fa47f-0c6a-47b6-8fed-5bb9acc11ffb",
                    "3b4aa457-be37-4d47-b161-a59cceb4b768",
                    "19543880-12fc-416e-9130-cdc7f28378dd",
                    "df554cf2-bbb2-45da-b07a-87d4c0a4a0fa",
                    "1878accf-edf0-4e3a-a5a3-296e1664d673"
                ]
            ]
        },
        {
            "output_tuple": [
                "Yoav Freund"
            ],
            "tuple_id": "d503c27b-d31a-50f4-b68e-1664605299f2",
            "dnf": [
                [
                    "b55d1292-84df-4ba9-878c-afd5a189d227",
                    "3b4aa457-be37-4d47-b161-a59cceb4b768",
                    "51bd533e-94c8-49a5-bf5c-b3d263ee0d34",
                    "ff7414b5-81ec-4243-963d-6e85b6f73b37",
                    "1878accf-edf0-4e3a-a5a3-296e1664d673"
                ]
            ]
        },
        {
            "output_tuple": [
                "Jin Yao"
            ],
            "tuple_id": "d9364d0f-7ec5-5cd2-985c-345af3020ce3",
            "dnf": [
                [
                    "6d42ba37-cee4-48a9-966d-f62f83b2dffd",
                    "3b4aa457-be37-4d47-b161-a59cceb4b768",
                    "c10ae89e-9a59-43a6-b0db-90e2e580fc1b",
                    "9b64e31b-f6af-475b-92ce-2b98bf5c7b5e",
                    "1878accf-edf0-4e3a-a5a3-296e1664d673"
                ]
            ]
        },
        {
            "output_tuple": [
                "Gert Cauwenberghs"
            ],
            "tuple_id": "e05b9c76-24eb-5be0-92bb-f54bdba279df",
            "dnf": [
                [
                    "b4d64d4a-02fd-4f87-a74c-75e55c98268c",
                    "3b4aa457-be37-4d47-b161-a59cceb4b768",
                    "c88eac2c-445c-45a4-9cf2-b6f53dd45641",
                    "9b64e31b-f6af-475b-92ce-2b98bf5c7b5e",
                    "1878accf-edf0-4e3a-a5a3-296e1664d673"
                ]
            ]
        },
        {
            "output_tuple": [
                "Lawrence K. Saul"
            ],
            "tuple_id": "e32e15c4-f94e-5746-95bd-0aa57d9757ec",
            "dnf": [
                [
                    "56e843c1-158e-4e3c-9b26-2ba27340eedb",
                    "3b4aa457-be37-4d47-b161-a59cceb4b768",
                    "c56fa690-ac74-4a31-8791-93327d442bfc",
                    "ff7414b5-81ec-4243-963d-6e85b6f73b37",
                    "1878accf-edf0-4e3a-a5a3-296e1664d673"
                ],
                [
                    "56e843c1-158e-4e3c-9b26-2ba27340eedb",
                    "3b4aa457-be37-4d47-b161-a59cceb4b768",
                    "f41302a6-b1d9-4078-a4a0-b11c6a0c3571",
                    "e3a82cbf-0313-403e-b548-66b285089b1e",
                    "1878accf-edf0-4e3a-a5a3-296e1664d673"
                ],
                [
                    "56e843c1-158e-4e3c-9b26-2ba27340eedb",
                    "3b4aa457-be37-4d47-b161-a59cceb4b768",
                    "ce0f98db-c73b-4ca1-84ce-f1b124421421",
                    "ff7414b5-81ec-4243-963d-6e85b6f73b37",
                    "1878accf-edf0-4e3a-a5a3-296e1664d673"
                ]
            ]
        },
        {
            "output_tuple": [
                "Mohammad J. Saberian"
            ],
            "tuple_id": "e7fdb021-4708-5fa3-901a-1b97674565ff",
            "dnf": [
                [
                    "ae196f96-e84f-484a-a188-d678ca0b7e73",
                    "3b4aa457-be37-4d47-b161-a59cceb4b768",
                    "e7991906-ba6d-47b4-9bc2-2d4b175fa648",
                    "ff7414b5-81ec-4243-963d-6e85b6f73b37",
                    "1878accf-edf0-4e3a-a5a3-296e1664d673"
                ],
                [
                    "ae196f96-e84f-484a-a188-d678ca0b7e73",
                    "3b4aa457-be37-4d47-b161-a59cceb4b768",
                    "67f86b9f-8c8d-4879-838e-e941ca1e9cbf",
                    "e3a82cbf-0313-403e-b548-66b285089b1e",
                    "1878accf-edf0-4e3a-a5a3-296e1664d673"
                ],
                [
                    "ae196f96-e84f-484a-a188-d678ca0b7e73",
                    "3b4aa457-be37-4d47-b161-a59cceb4b768",
                    "fba95161-d153-4e64-a201-c83f5d46f179",
                    "ff7414b5-81ec-4243-963d-6e85b6f73b37",
                    "1878accf-edf0-4e3a-a5a3-296e1664d673"
                ]
            ]
        },
        {
            "output_tuple": [
                "Xiaohua Huang"
            ],
            "tuple_id": "eb4d44a0-3e85-58d9-9333-5755a60a442d",
            "dnf": [
                [
                    "9acff1fe-e0c6-457e-bc0f-93ff347bf279",
                    "3b4aa457-be37-4d47-b161-a59cceb4b768",
                    "f963e40f-ff62-4740-885d-2a38e2fdc8ef",
                    "78ebec57-7211-457b-be91-827918e1dd72",
                    "1878accf-edf0-4e3a-a5a3-296e1664d673"
                ]
            ]
        },
        {
            "output_tuple": [
                "Alon Orlitsky"
            ],
            "tuple_id": "ef3b633e-3c12-57de-8692-a7ab8501f3cb",
            "dnf": [
                [
                    "f41276b4-0578-406a-a15a-8fa36111b4da",
                    "3b4aa457-be37-4d47-b161-a59cceb4b768",
                    "ccf77946-7ee1-4a4a-8202-7bb0efa576ab",
                    "ff7414b5-81ec-4243-963d-6e85b6f73b37",
                    "1878accf-edf0-4e3a-a5a3-296e1664d673"
                ],
                [
                    "f41276b4-0578-406a-a15a-8fa36111b4da",
                    "3b4aa457-be37-4d47-b161-a59cceb4b768",
                    "73945d77-e1d2-48e9-8d94-406452df56d1",
                    "17da8e39-be01-4f76-ac67-31396b61f54c",
                    "1878accf-edf0-4e3a-a5a3-296e1664d673"
                ],
                [
                    "f41276b4-0578-406a-a15a-8fa36111b4da",
                    "3b4aa457-be37-4d47-b161-a59cceb4b768",
                    "e1dc78ad-5c8c-45e5-811f-d493e4db83e1",
                    "ff7414b5-81ec-4243-963d-6e85b6f73b37",
                    "1878accf-edf0-4e3a-a5a3-296e1664d673"
                ]
            ]
        }
    ]
}