{
    "query_name": "3e_publication_citation_count",
    "query_sql": "SELECT \n\tpublication.citation_count  \nFROM \n\tauthor, organization, writes, publication, conference, domain_conference, domain \nWHERE\n\tauthor.oid = organization.oid\n\tAND author.aid = writes.aid\n    AND writes.pid = publication.pid\n    AND publication.cid = conference.cid\n    AND conference.cid = domain_conference.cid\n    AND domain_conference.did = domain.did\n    AND organization.name = 'University of California San Diego'\n    AND publication.year > 2010\n    AND domain.name = 'Machine Learning & Pattern Recognition'\nGROUP BY publication.citation_count  ",
    "results": [
        {
            "output_tuple": [
                1
            ],
            "tuple_id": "8aa7729e-6eee-5889-a978-9498b0a64aaf",
            "dnf": [
                [
                    "a25d1121-d7b4-4130-8135-ee94605d33e9",
                    "ea3dd86c-0472-43b7-aa40-ade4c56c307f",
                    "5acc4e24-fc46-482f-8c32-a6029047ff13",
                    "ab97727f-0e58-46c0-84c8-437c7a09c883",
                    "8eb11a01-a258-4e84-b748-4fde0bc4b855"
                ]
            ]
        },
        {
            "output_tuple": [
                0
            ],
            "tuple_id": "b1f359b8-9b10-5d10-8a32-6ce2c5f9b064",
            "dnf": [
                [
                    "b71abe18-67f8-44e2-a0a8-34bc22163cfd",
                    "2f5633d4-1962-491e-8f5a-384463a3464b",
                    "7b2db31e-f23a-4d2c-ad3f-bd252ec7a9f7",
                    "faff2adc-0a73-42ca-b2e5-ac3a5cca422d",
                    "89231796-7780-40a7-8c9b-6bccd9986546"
                ],
                [
                    "3dc9b4f2-2017-40a7-8541-b1cbb11e0c21",
                    "2f5633d4-1962-491e-8f5a-384463a3464b",
                    "7ed93a58-ac47-40e0-930e-965fa4e758ca",
                    "faff2adc-0a73-42ca-b2e5-ac3a5cca422d",
                    "89231796-7780-40a7-8c9b-6bccd9986546"
                ],
                [
                    "d03bd656-50bc-4d1c-b884-b4f06a21e374",
                    "2f5633d4-1962-491e-8f5a-384463a3464b",
                    "836c44c0-6d90-45e4-a9f8-edd5be2d8161",
                    "494c4db6-7f00-44ee-a3cb-79aa8877d71f",
                    "89231796-7780-40a7-8c9b-6bccd9986546"
                ],
                [
                    "5b8ba705-8ea9-46f1-9ca6-6b9b2a113a35",
                    "2f5633d4-1962-491e-8f5a-384463a3464b",
                    "41801d40-989c-4332-8fa4-09f2d1c27cab",
                    "b0dd7a0c-e055-42cf-a2d9-02be31e90033",
                    "89231796-7780-40a7-8c9b-6bccd9986546"
                ],
                [
                    "a028db3b-e6c0-41d9-a1b9-28f06797018d",
                    "2f5633d4-1962-491e-8f5a-384463a3464b",
                    "5f9e4658-1eb6-4c4a-b733-8a4b2c9cbed5",
                    "4aad05d0-07e8-4b4c-8065-2b035d4d1f24",
                    "89231796-7780-40a7-8c9b-6bccd9986546"
                ],
                [
                    "23e63b97-2016-44fd-96fb-00d63e1a3c4b",
                    "2f5633d4-1962-491e-8f5a-384463a3464b",
                    "ed6861dc-43ef-4563-9579-182ee3a29efd",
                    "b0dd7a0c-e055-42cf-a2d9-02be31e90033",
                    "89231796-7780-40a7-8c9b-6bccd9986546"
                ],
                [
                    "b02d7ece-0e7b-4439-b94e-d926d3e4524c",
                    "2f5633d4-1962-491e-8f5a-384463a3464b",
                    "234475d9-0eda-40ed-8a6b-da149d9b25b2",
                    "faff2adc-0a73-42ca-b2e5-ac3a5cca422d",
                    "89231796-7780-40a7-8c9b-6bccd9986546"
                ],
                [
                    "43f1b45e-c4ba-47ac-ade2-a398e6cde49c",
                    "2f5633d4-1962-491e-8f5a-384463a3464b",
                    "d92e63e8-1758-44b1-830d-4eb0e22066c2",
                    "faff2adc-0a73-42ca-b2e5-ac3a5cca422d",
                    "89231796-7780-40a7-8c9b-6bccd9986546"
                ],
                [
                    "23e63b97-2016-44fd-96fb-00d63e1a3c4b",
                    "2f5633d4-1962-491e-8f5a-384463a3464b",
                    "b348fb83-3fd9-42a8-9699-2116710276eb",
                    "b0dd7a0c-e055-42cf-a2d9-02be31e90033",
                    "89231796-7780-40a7-8c9b-6bccd9986546"
                ],
                [
                    "bf0adf75-c15d-41cc-901e-d3fdce0ac314",
                    "2f5633d4-1962-491e-8f5a-384463a3464b",
                    "5f9e4658-1eb6-4c4a-b733-8a4b2c9cbed5",
                    "4aad05d0-07e8-4b4c-8065-2b035d4d1f24",
                    "89231796-7780-40a7-8c9b-6bccd9986546"
                ],
                [
                    "3dc9b4f2-2017-40a7-8541-b1cbb11e0c21",
                    "2f5633d4-1962-491e-8f5a-384463a3464b",
                    "94c850fd-063b-4236-8eb2-48e15a8adc5d",
                    "2c3a6918-f52d-4e2e-9e22-216b23c0613f",
                    "89231796-7780-40a7-8c9b-6bccd9986546"
                ],
                [
                    "eaa1f129-a247-4e4b-b469-a0c6bd6d1bac",
                    "2f5633d4-1962-491e-8f5a-384463a3464b",
                    "3077b8e9-e40b-41af-a370-43d34e77cbd0",
                    "faff2adc-0a73-42ca-b2e5-ac3a5cca422d",
                    "89231796-7780-40a7-8c9b-6bccd9986546"
                ],
                [
                    "eb8c87bb-6cdd-493e-9c37-b9985a13c863",
                    "2f5633d4-1962-491e-8f5a-384463a3464b",
                    "1f4d9be2-eed5-46f5-8d4b-6d7aa39b9d0e",
                    "3c7e73e9-4871-4baa-b5a7-bea4831ed2c0",
                    "89231796-7780-40a7-8c9b-6bccd9986546"
                ],
                [
                    "23e63b97-2016-44fd-96fb-00d63e1a3c4b",
                    "2f5633d4-1962-491e-8f5a-384463a3464b",
                    "d80d0804-4336-4a59-886b-fe08a00f9a67",
                    "b0dd7a0c-e055-42cf-a2d9-02be31e90033",
                    "89231796-7780-40a7-8c9b-6bccd9986546"
                ],
                [
                    "d03bd656-50bc-4d1c-b884-b4f06a21e374",
                    "2f5633d4-1962-491e-8f5a-384463a3464b",
                    "62541246-4da0-4e13-8c0c-5de87af56684",
                    "494c4db6-7f00-44ee-a3cb-79aa8877d71f",
                    "89231796-7780-40a7-8c9b-6bccd9986546"
                ],
                [
                    "2644c25b-3b6e-4a64-85b3-c72f8e810253",
                    "2f5633d4-1962-491e-8f5a-384463a3464b",
                    "802eb41a-2ef1-4956-a3e4-f7871d47de0a",
                    "5abafceb-8dce-4182-8924-b2fbde67f14c",
                    "89231796-7780-40a7-8c9b-6bccd9986546"
                ],
                [
                    "ee58cdae-6e83-4432-bd16-36b2b76e7493",
                    "2f5633d4-1962-491e-8f5a-384463a3464b",
                    "74025f6b-996c-4c5c-bec4-f77243f2ef98",
                    "5abafceb-8dce-4182-8924-b2fbde67f14c",
                    "89231796-7780-40a7-8c9b-6bccd9986546"
                ],
                [
                    "eb0abdac-2786-4c36-b6c7-cb7ff28475f3",
                    "2f5633d4-1962-491e-8f5a-384463a3464b",
                    "7a4e2f14-55d0-4aec-acd6-9bf0a36b42b4",
                    "494c4db6-7f00-44ee-a3cb-79aa8877d71f",
                    "89231796-7780-40a7-8c9b-6bccd9986546"
                ],
                [
                    "47baa95a-8d89-4c8b-9e4f-c0bb3b1dbbfc",
                    "2f5633d4-1962-491e-8f5a-384463a3464b",
                    "a0498def-65f9-4270-8c2d-6bccc44d2172",
                    "5abafceb-8dce-4182-8924-b2fbde67f14c",
                    "89231796-7780-40a7-8c9b-6bccd9986546"
                ],
                [
                    "49b11fd9-a186-4cda-9447-e20fc9c5d601",
                    "2f5633d4-1962-491e-8f5a-384463a3464b",
                    "53d3b990-5e56-4ed9-b898-9f4e74a29828",
                    "5abafceb-8dce-4182-8924-b2fbde67f14c",
                    "89231796-7780-40a7-8c9b-6bccd9986546"
                ],
                [
                    "b5f0a8b1-6a3a-45e3-a77c-3f0e31048973",
                    "2f5633d4-1962-491e-8f5a-384463a3464b",
                    "7ed93a58-ac47-40e0-930e-965fa4e758ca",
                    "faff2adc-0a73-42ca-b2e5-ac3a5cca422d",
                    "89231796-7780-40a7-8c9b-6bccd9986546"
                ],
                [
                    "a440fe44-8cb9-421d-9a80-81f32b8ffcb4",
                    "2f5633d4-1962-491e-8f5a-384463a3464b",
                    "c6c750f3-6836-4465-8cf6-e6b82e370c68",
                    "494c4db6-7f00-44ee-a3cb-79aa8877d71f",
                    "89231796-7780-40a7-8c9b-6bccd9986546"
                ],
                [
                    "23e63b97-2016-44fd-96fb-00d63e1a3c4b",
                    "2f5633d4-1962-491e-8f5a-384463a3464b",
                    "47e4f683-3cb9-4a9a-b9cb-f29569bb3b28",
                    "b0dd7a0c-e055-42cf-a2d9-02be31e90033",
                    "89231796-7780-40a7-8c9b-6bccd9986546"
                ],
                [
                    "b71abe18-67f8-44e2-a0a8-34bc22163cfd",
                    "2f5633d4-1962-491e-8f5a-384463a3464b",
                    "ad2c1680-2264-4f3a-a0ff-3a8b1641f58b",
                    "faff2adc-0a73-42ca-b2e5-ac3a5cca422d",
                    "89231796-7780-40a7-8c9b-6bccd9986546"
                ],
                [
                    "f11a2950-d99e-461c-a0c2-5e853a3832c7",
                    "2f5633d4-1962-491e-8f5a-384463a3464b",
                    "296ff81e-c69e-4df6-ad45-2efd2c0a2321",
                    "34e646af-747c-4399-a7ec-fe61154e9d49",
                    "89231796-7780-40a7-8c9b-6bccd9986546"
                ],
                [
                    "5b4b8a9a-8f8e-4d53-9c5b-efcdae73584b",
                    "2f5633d4-1962-491e-8f5a-384463a3464b",
                    "a7855601-d392-4a83-990b-461efc820e01",
                    "4a0fe598-09c5-44c2-886e-72d34fb1b95e",
                    "89231796-7780-40a7-8c9b-6bccd9986546"
                ],
                [
                    "85f87fc0-7c75-4f32-bd3c-3a7e787586d7",
                    "2f5633d4-1962-491e-8f5a-384463a3464b",
                    "11c5288e-45bd-44d5-9427-80fade11008c",
                    "5abafceb-8dce-4182-8924-b2fbde67f14c",
                    "89231796-7780-40a7-8c9b-6bccd9986546"
                ],
                [
                    "85f87fc0-7c75-4f32-bd3c-3a7e787586d7",
                    "2f5633d4-1962-491e-8f5a-384463a3464b",
                    "688a86cc-da57-454a-be2d-d946e4714d48",
                    "5abafceb-8dce-4182-8924-b2fbde67f14c",
                    "89231796-7780-40a7-8c9b-6bccd9986546"
                ],
                [
                    "46fad903-1af6-443e-946f-e1a58b8bdd01",
                    "2f5633d4-1962-491e-8f5a-384463a3464b",
                    "1da61afd-f09c-4a3a-9499-54b0ef4ab105",
                    "5abafceb-8dce-4182-8924-b2fbde67f14c",
                    "89231796-7780-40a7-8c9b-6bccd9986546"
                ],
                [
                    "171581cb-bd32-4dfb-8970-d409df91a71c",
                    "2f5633d4-1962-491e-8f5a-384463a3464b",
                    "ede2a59e-6e06-4ca3-ba56-3b8cfd0f662e",
                    "b0dd7a0c-e055-42cf-a2d9-02be31e90033",
                    "89231796-7780-40a7-8c9b-6bccd9986546"
                ],
                [
                    "47baa95a-8d89-4c8b-9e4f-c0bb3b1dbbfc",
                    "2f5633d4-1962-491e-8f5a-384463a3464b",
                    "6c3da191-f729-414f-8288-56a5c5cc1f8c",
                    "faff2adc-0a73-42ca-b2e5-ac3a5cca422d",
                    "89231796-7780-40a7-8c9b-6bccd9986546"
                ],
                [
                    "c1d9af2b-337d-4a1e-9e07-a698cce4759f",
                    "2f5633d4-1962-491e-8f5a-384463a3464b",
                    "e7a5e7f4-581b-40dc-9c67-a6c84ab53b49",
                    "faff2adc-0a73-42ca-b2e5-ac3a5cca422d",
                    "89231796-7780-40a7-8c9b-6bccd9986546"
                ],
                [
                    "47baa95a-8d89-4c8b-9e4f-c0bb3b1dbbfc",
                    "2f5633d4-1962-491e-8f5a-384463a3464b",
                    "d90e90e0-46ed-46cb-8058-910f8c06718f",
                    "faff2adc-0a73-42ca-b2e5-ac3a5cca422d",
                    "89231796-7780-40a7-8c9b-6bccd9986546"
                ],
                [
                    "ee58cdae-6e83-4432-bd16-36b2b76e7493",
                    "2f5633d4-1962-491e-8f5a-384463a3464b",
                    "14d19b0d-a80e-408d-be39-8c8b384e0887",
                    "faff2adc-0a73-42ca-b2e5-ac3a5cca422d",
                    "89231796-7780-40a7-8c9b-6bccd9986546"
                ],
                [
                    "b213db0a-489e-46f2-8293-052d18eb0fb8",
                    "2f5633d4-1962-491e-8f5a-384463a3464b",
                    "1f4d9be2-eed5-46f5-8d4b-6d7aa39b9d0e",
                    "3c7e73e9-4871-4baa-b5a7-bea4831ed2c0",
                    "89231796-7780-40a7-8c9b-6bccd9986546"
                ],
                [
                    "b02d7ece-0e7b-4439-b94e-d926d3e4524c",
                    "2f5633d4-1962-491e-8f5a-384463a3464b",
                    "ad2c1680-2264-4f3a-a0ff-3a8b1641f58b",
                    "faff2adc-0a73-42ca-b2e5-ac3a5cca422d",
                    "89231796-7780-40a7-8c9b-6bccd9986546"
                ],
                [
                    "69628d92-fb1e-4d2d-b8e4-5319f6b3566f",
                    "2f5633d4-1962-491e-8f5a-384463a3464b",
                    "f67a713d-db56-40fe-b7fa-9329c443e211",
                    "494c4db6-7f00-44ee-a3cb-79aa8877d71f",
                    "89231796-7780-40a7-8c9b-6bccd9986546"
                ],
                [
                    "b5f0a8b1-6a3a-45e3-a77c-3f0e31048973",
                    "2f5633d4-1962-491e-8f5a-384463a3464b",
                    "94c850fd-063b-4236-8eb2-48e15a8adc5d",
                    "2c3a6918-f52d-4e2e-9e22-216b23c0613f",
                    "89231796-7780-40a7-8c9b-6bccd9986546"
                ],
                [
                    "9765ee5e-928b-4531-9bfc-054af7a56e31",
                    "2f5633d4-1962-491e-8f5a-384463a3464b",
                    "b1f41d13-d881-40c6-bceb-d5cdefb80303",
                    "b0dd7a0c-e055-42cf-a2d9-02be31e90033",
                    "89231796-7780-40a7-8c9b-6bccd9986546"
                ],
                [
                    "eef7bf54-144b-499e-9e51-ae48a0eef543",
                    "2f5633d4-1962-491e-8f5a-384463a3464b",
                    "62541246-4da0-4e13-8c0c-5de87af56684",
                    "494c4db6-7f00-44ee-a3cb-79aa8877d71f",
                    "89231796-7780-40a7-8c9b-6bccd9986546"
                ],
                [
                    "26fda3b9-5cbd-4ed9-8d1f-7784b47adac7",
                    "2f5633d4-1962-491e-8f5a-384463a3464b",
                    "6a8b8661-40d7-454c-ac65-481673d50071",
                    "494c4db6-7f00-44ee-a3cb-79aa8877d71f",
                    "89231796-7780-40a7-8c9b-6bccd9986546"
                ],
                [
                    "47baa95a-8d89-4c8b-9e4f-c0bb3b1dbbfc",
                    "2f5633d4-1962-491e-8f5a-384463a3464b",
                    "45b1668a-2a3a-48f5-a112-8b044cc83231",
                    "faff2adc-0a73-42ca-b2e5-ac3a5cca422d",
                    "89231796-7780-40a7-8c9b-6bccd9986546"
                ],
                [
                    "85f87fc0-7c75-4f32-bd3c-3a7e787586d7",
                    "2f5633d4-1962-491e-8f5a-384463a3464b",
                    "4ab51c05-4987-42ef-8083-26c31247d30e",
                    "faff2adc-0a73-42ca-b2e5-ac3a5cca422d",
                    "89231796-7780-40a7-8c9b-6bccd9986546"
                ],
                [
                    "d30c229f-ff5f-446a-b2aa-943dc5aa0da4",
                    "2f5633d4-1962-491e-8f5a-384463a3464b",
                    "802eb41a-2ef1-4956-a3e4-f7871d47de0a",
                    "5abafceb-8dce-4182-8924-b2fbde67f14c",
                    "89231796-7780-40a7-8c9b-6bccd9986546"
                ],
                [
                    "2eee5b6e-667a-499c-ad4d-45958098b48e",
                    "2f5633d4-1962-491e-8f5a-384463a3464b",
                    "66b0098c-4526-498a-8166-d695d5d04ce2",
                    "2c3a6918-f52d-4e2e-9e22-216b23c0613f",
                    "89231796-7780-40a7-8c9b-6bccd9986546"
                ],
                [
                    "a440fe44-8cb9-421d-9a80-81f32b8ffcb4",
                    "2f5633d4-1962-491e-8f5a-384463a3464b",
                    "120b5613-597d-4f89-ae7b-89ee82e4d7de",
                    "494c4db6-7f00-44ee-a3cb-79aa8877d71f",
                    "89231796-7780-40a7-8c9b-6bccd9986546"
                ],
                [
                    "11023c94-1275-4ef0-bce5-bc9358541db3",
                    "2f5633d4-1962-491e-8f5a-384463a3464b",
                    "b801217c-455b-446d-8882-2cd3bdff5e11",
                    "5abafceb-8dce-4182-8924-b2fbde67f14c",
                    "89231796-7780-40a7-8c9b-6bccd9986546"
                ],
                [
                    "04211b75-f036-47d7-8d7e-f4a9d2341aaa",
                    "2f5633d4-1962-491e-8f5a-384463a3464b",
                    "7a4e2f14-55d0-4aec-acd6-9bf0a36b42b4",
                    "494c4db6-7f00-44ee-a3cb-79aa8877d71f",
                    "89231796-7780-40a7-8c9b-6bccd9986546"
                ],
                [
                    "5fdfb132-1e5d-44c2-a719-a433a7eb6917",
                    "2f5633d4-1962-491e-8f5a-384463a3464b",
                    "11c5288e-45bd-44d5-9427-80fade11008c",
                    "5abafceb-8dce-4182-8924-b2fbde67f14c",
                    "89231796-7780-40a7-8c9b-6bccd9986546"
                ],
                [
                    "22505897-c9c7-4aa8-a710-830d23d6c93b",
                    "2f5633d4-1962-491e-8f5a-384463a3464b",
                    "7b2db31e-f23a-4d2c-ad3f-bd252ec7a9f7",
                    "faff2adc-0a73-42ca-b2e5-ac3a5cca422d",
                    "89231796-7780-40a7-8c9b-6bccd9986546"
                ],
                [
                    "49b11fd9-a186-4cda-9447-e20fc9c5d601",
                    "2f5633d4-1962-491e-8f5a-384463a3464b",
                    "fc3ce5d3-32b8-4738-887b-3f76e3d8df8c",
                    "5abafceb-8dce-4182-8924-b2fbde67f14c",
                    "89231796-7780-40a7-8c9b-6bccd9986546"
                ],
                [
                    "eb0abdac-2786-4c36-b6c7-cb7ff28475f3",
                    "2f5633d4-1962-491e-8f5a-384463a3464b",
                    "e507dbae-beb2-48e3-9f49-1883005827a9",
                    "494c4db6-7f00-44ee-a3cb-79aa8877d71f",
                    "89231796-7780-40a7-8c9b-6bccd9986546"
                ],
                [
                    "23e63b97-2016-44fd-96fb-00d63e1a3c4b",
                    "2f5633d4-1962-491e-8f5a-384463a3464b",
                    "617d65bc-ecf5-455e-8bc7-86858f29a9e4",
                    "b0dd7a0c-e055-42cf-a2d9-02be31e90033",
                    "89231796-7780-40a7-8c9b-6bccd9986546"
                ],
                [
                    "b02d7ece-0e7b-4439-b94e-d926d3e4524c",
                    "2f5633d4-1962-491e-8f5a-384463a3464b",
                    "e9c96735-da16-4232-bc07-fc5d9854ea5a",
                    "faff2adc-0a73-42ca-b2e5-ac3a5cca422d",
                    "89231796-7780-40a7-8c9b-6bccd9986546"
                ],
                [
                    "d4d3c922-4ee6-472c-9da0-112400a273b1",
                    "2f5633d4-1962-491e-8f5a-384463a3464b",
                    "56c70db2-0245-4158-98bc-262c735e2f28",
                    "5abafceb-8dce-4182-8924-b2fbde67f14c",
                    "89231796-7780-40a7-8c9b-6bccd9986546"
                ],
                [
                    "9683f732-d559-4b5b-88f7-e3fd073ba1f9",
                    "2f5633d4-1962-491e-8f5a-384463a3464b",
                    "802eb41a-2ef1-4956-a3e4-f7871d47de0a",
                    "5abafceb-8dce-4182-8924-b2fbde67f14c",
                    "89231796-7780-40a7-8c9b-6bccd9986546"
                ],
                [
                    "3342f570-3aef-49a0-9177-3729cbcb8b06",
                    "2f5633d4-1962-491e-8f5a-384463a3464b",
                    "8b1e0038-68c8-4f0d-9fd2-7f4c2e9a72a9",
                    "3c7e73e9-4871-4baa-b5a7-bea4831ed2c0",
                    "89231796-7780-40a7-8c9b-6bccd9986546"
                ],
                [
                    "09f58b9b-6f4a-478d-91cf-fb22d80c76fa",
                    "2f5633d4-1962-491e-8f5a-384463a3464b",
                    "6c3da191-f729-414f-8288-56a5c5cc1f8c",
                    "faff2adc-0a73-42ca-b2e5-ac3a5cca422d",
                    "89231796-7780-40a7-8c9b-6bccd9986546"
                ],
                [
                    "9765ee5e-928b-4531-9bfc-054af7a56e31",
                    "2f5633d4-1962-491e-8f5a-384463a3464b",
                    "4b69645f-7017-488d-bd27-8fc62708bf99",
                    "5abafceb-8dce-4182-8924-b2fbde67f14c",
                    "89231796-7780-40a7-8c9b-6bccd9986546"
                ],
                [
                    "dab030b0-a013-4701-8270-c695c614ba25",
                    "2f5633d4-1962-491e-8f5a-384463a3464b",
                    "937665e1-1f1c-4b39-9abe-735e5612a659",
                    "faff2adc-0a73-42ca-b2e5-ac3a5cca422d",
                    "89231796-7780-40a7-8c9b-6bccd9986546"
                ],
                [
                    "b71abe18-67f8-44e2-a0a8-34bc22163cfd",
                    "2f5633d4-1962-491e-8f5a-384463a3464b",
                    "7a8bfbd4-c768-4b52-afbb-942a1202d6a4",
                    "faff2adc-0a73-42ca-b2e5-ac3a5cca422d",
                    "89231796-7780-40a7-8c9b-6bccd9986546"
                ],
                [
                    "ee58cdae-6e83-4432-bd16-36b2b76e7493",
                    "2f5633d4-1962-491e-8f5a-384463a3464b",
                    "d0419d1f-693e-41e9-9bd5-1ab9142ead90",
                    "faff2adc-0a73-42ca-b2e5-ac3a5cca422d",
                    "89231796-7780-40a7-8c9b-6bccd9986546"
                ],
                [
                    "f11a2950-d99e-461c-a0c2-5e853a3832c7",
                    "2f5633d4-1962-491e-8f5a-384463a3464b",
                    "977ed92c-b0f4-41d8-9ad4-3ee9eb718cfb",
                    "34e646af-747c-4399-a7ec-fe61154e9d49",
                    "89231796-7780-40a7-8c9b-6bccd9986546"
                ],
                [
                    "eaa1f129-a247-4e4b-b469-a0c6bd6d1bac",
                    "2f5633d4-1962-491e-8f5a-384463a3464b",
                    "f8142d55-81fb-4cc1-b9a2-27099ed4219e",
                    "4a0fe598-09c5-44c2-886e-72d34fb1b95e",
                    "89231796-7780-40a7-8c9b-6bccd9986546"
                ],
                [
                    "85f87fc0-7c75-4f32-bd3c-3a7e787586d7",
                    "2f5633d4-1962-491e-8f5a-384463a3464b",
                    "a57a37d3-aea4-4445-ba53-cfa26e8b4dba",
                    "faff2adc-0a73-42ca-b2e5-ac3a5cca422d",
                    "89231796-7780-40a7-8c9b-6bccd9986546"
                ],
                [
                    "2f4a7ef1-10b5-4395-89fe-1098e0c4dc2b",
                    "2f5633d4-1962-491e-8f5a-384463a3464b",
                    "56c70db2-0245-4158-98bc-262c735e2f28",
                    "5abafceb-8dce-4182-8924-b2fbde67f14c",
                    "89231796-7780-40a7-8c9b-6bccd9986546"
                ],
                [
                    "a440fe44-8cb9-421d-9a80-81f32b8ffcb4",
                    "2f5633d4-1962-491e-8f5a-384463a3464b",
                    "254ce77f-6ad5-494d-9633-268fa2638600",
                    "494c4db6-7f00-44ee-a3cb-79aa8877d71f",
                    "89231796-7780-40a7-8c9b-6bccd9986546"
                ],
                [
                    "ee58cdae-6e83-4432-bd16-36b2b76e7493",
                    "2f5633d4-1962-491e-8f5a-384463a3464b",
                    "3267b554-e7be-4d48-b5ef-f9e4d2b4460b",
                    "faff2adc-0a73-42ca-b2e5-ac3a5cca422d",
                    "89231796-7780-40a7-8c9b-6bccd9986546"
                ],
                [
                    "ec8d6869-2aeb-4058-acca-b9cd6b091592",
                    "2f5633d4-1962-491e-8f5a-384463a3464b",
                    "45b1668a-2a3a-48f5-a112-8b044cc83231",
                    "faff2adc-0a73-42ca-b2e5-ac3a5cca422d",
                    "89231796-7780-40a7-8c9b-6bccd9986546"
                ],
                [
                    "47baa95a-8d89-4c8b-9e4f-c0bb3b1dbbfc",
                    "2f5633d4-1962-491e-8f5a-384463a3464b",
                    "aa568c15-2024-4425-8619-0fdad75da372",
                    "faff2adc-0a73-42ca-b2e5-ac3a5cca422d",
                    "89231796-7780-40a7-8c9b-6bccd9986546"
                ],
                [
                    "171581cb-bd32-4dfb-8970-d409df91a71c",
                    "2f5633d4-1962-491e-8f5a-384463a3464b",
                    "dc31448c-8758-4da4-bb2e-0de97106cc26",
                    "5abafceb-8dce-4182-8924-b2fbde67f14c",
                    "89231796-7780-40a7-8c9b-6bccd9986546"
                ],
                [
                    "ee58cdae-6e83-4432-bd16-36b2b76e7493",
                    "2f5633d4-1962-491e-8f5a-384463a3464b",
                    "0334b5c0-3a43-4725-a8a7-baad34e0835f",
                    "faff2adc-0a73-42ca-b2e5-ac3a5cca422d",
                    "89231796-7780-40a7-8c9b-6bccd9986546"
                ],
                [
                    "3de52d3a-ceec-4d4f-bd47-b67cdfec8217",
                    "2f5633d4-1962-491e-8f5a-384463a3464b",
                    "937665e1-1f1c-4b39-9abe-735e5612a659",
                    "faff2adc-0a73-42ca-b2e5-ac3a5cca422d",
                    "89231796-7780-40a7-8c9b-6bccd9986546"
                ],
                [
                    "04211b75-f036-47d7-8d7e-f4a9d2341aaa",
                    "2f5633d4-1962-491e-8f5a-384463a3464b",
                    "6a8b8661-40d7-454c-ac65-481673d50071",
                    "494c4db6-7f00-44ee-a3cb-79aa8877d71f",
                    "89231796-7780-40a7-8c9b-6bccd9986546"
                ],
                [
                    "d03bd656-50bc-4d1c-b884-b4f06a21e374",
                    "2f5633d4-1962-491e-8f5a-384463a3464b",
                    "2b71ca8d-2dfc-4621-85a7-85587841c9f3",
                    "494c4db6-7f00-44ee-a3cb-79aa8877d71f",
                    "89231796-7780-40a7-8c9b-6bccd9986546"
                ],
                [
                    "9765ee5e-928b-4531-9bfc-054af7a56e31",
                    "2f5633d4-1962-491e-8f5a-384463a3464b",
                    "b6d1d25a-520e-454a-a4ab-923e73725718",
                    "5abafceb-8dce-4182-8924-b2fbde67f14c",
                    "89231796-7780-40a7-8c9b-6bccd9986546"
                ],
                [
                    "eaa1f129-a247-4e4b-b469-a0c6bd6d1bac",
                    "2f5633d4-1962-491e-8f5a-384463a3464b",
                    "13a2f150-1459-4358-b0c1-f6ba5187adfe",
                    "9033cdb2-6546-491f-9c73-b440893d6281",
                    "89231796-7780-40a7-8c9b-6bccd9986546"
                ],
                [
                    "b71abe18-67f8-44e2-a0a8-34bc22163cfd",
                    "2f5633d4-1962-491e-8f5a-384463a3464b",
                    "4013d615-3211-49c3-8320-6b51e7e1a8b8",
                    "5abafceb-8dce-4182-8924-b2fbde67f14c",
                    "89231796-7780-40a7-8c9b-6bccd9986546"
                ],
                [
                    "b71abe18-67f8-44e2-a0a8-34bc22163cfd",
                    "2f5633d4-1962-491e-8f5a-384463a3464b",
                    "96f6ac68-0f42-44d4-847f-173ce397ed0f",
                    "faff2adc-0a73-42ca-b2e5-ac3a5cca422d",
                    "89231796-7780-40a7-8c9b-6bccd9986546"
                ],
                [
                    "9a2cc018-af1e-4b0f-bb07-399b6758d05b",
                    "2f5633d4-1962-491e-8f5a-384463a3464b",
                    "ad837ec4-21fd-4c1c-8142-fea79f8964b8",
                    "5abafceb-8dce-4182-8924-b2fbde67f14c",
                    "89231796-7780-40a7-8c9b-6bccd9986546"
                ],
                [
                    "21ab1772-3711-496b-9045-64a2c70a0811",
                    "2f5633d4-1962-491e-8f5a-384463a3464b",
                    "937665e1-1f1c-4b39-9abe-735e5612a659",
                    "faff2adc-0a73-42ca-b2e5-ac3a5cca422d",
                    "89231796-7780-40a7-8c9b-6bccd9986546"
                ],
                [
                    "ec8d6869-2aeb-4058-acca-b9cd6b091592",
                    "2f5633d4-1962-491e-8f5a-384463a3464b",
                    "1da61afd-f09c-4a3a-9499-54b0ef4ab105",
                    "5abafceb-8dce-4182-8924-b2fbde67f14c",
                    "89231796-7780-40a7-8c9b-6bccd9986546"
                ],
                [
                    "9a2cc018-af1e-4b0f-bb07-399b6758d05b",
                    "2f5633d4-1962-491e-8f5a-384463a3464b",
                    "e0accb01-acc8-4383-85ae-5d85cd4efeac",
                    "faff2adc-0a73-42ca-b2e5-ac3a5cca422d",
                    "89231796-7780-40a7-8c9b-6bccd9986546"
                ],
                [
                    "a440fe44-8cb9-421d-9a80-81f32b8ffcb4",
                    "2f5633d4-1962-491e-8f5a-384463a3464b",
                    "15e5e081-ab8e-4137-b9da-aa56ff65b46e",
                    "494c4db6-7f00-44ee-a3cb-79aa8877d71f",
                    "89231796-7780-40a7-8c9b-6bccd9986546"
                ],
                [
                    "ee58cdae-6e83-4432-bd16-36b2b76e7493",
                    "2f5633d4-1962-491e-8f5a-384463a3464b",
                    "a4b37cd3-745f-4c67-854f-98cf98c1859e",
                    "faff2adc-0a73-42ca-b2e5-ac3a5cca422d",
                    "89231796-7780-40a7-8c9b-6bccd9986546"
                ],
                [
                    "47baa95a-8d89-4c8b-9e4f-c0bb3b1dbbfc",
                    "2f5633d4-1962-491e-8f5a-384463a3464b",
                    "e7a5e7f4-581b-40dc-9c67-a6c84ab53b49",
                    "faff2adc-0a73-42ca-b2e5-ac3a5cca422d",
                    "89231796-7780-40a7-8c9b-6bccd9986546"
                ],
                [
                    "eb0abdac-2786-4c36-b6c7-cb7ff28475f3",
                    "2f5633d4-1962-491e-8f5a-384463a3464b",
                    "6a8b8661-40d7-454c-ac65-481673d50071",
                    "494c4db6-7f00-44ee-a3cb-79aa8877d71f",
                    "89231796-7780-40a7-8c9b-6bccd9986546"
                ],
                [
                    "22505897-c9c7-4aa8-a710-830d23d6c93b",
                    "2f5633d4-1962-491e-8f5a-384463a3464b",
                    "b6bbcb65-a4f5-4b94-b978-3e7bc1f8b7d2",
                    "5abafceb-8dce-4182-8924-b2fbde67f14c",
                    "89231796-7780-40a7-8c9b-6bccd9986546"
                ],
                [
                    "7a2fdf16-5670-4dd2-a7ff-1d0c4fce1cfd",
                    "2f5633d4-1962-491e-8f5a-384463a3464b",
                    "8b1e0038-68c8-4f0d-9fd2-7f4c2e9a72a9",
                    "3c7e73e9-4871-4baa-b5a7-bea4831ed2c0",
                    "89231796-7780-40a7-8c9b-6bccd9986546"
                ],
                [
                    "21ab1772-3711-496b-9045-64a2c70a0811",
                    "2f5633d4-1962-491e-8f5a-384463a3464b",
                    "a0498def-65f9-4270-8c2d-6bccc44d2172",
                    "5abafceb-8dce-4182-8924-b2fbde67f14c",
                    "89231796-7780-40a7-8c9b-6bccd9986546"
                ],
                [
                    "d30c229f-ff5f-446a-b2aa-943dc5aa0da4",
                    "2f5633d4-1962-491e-8f5a-384463a3464b",
                    "937665e1-1f1c-4b39-9abe-735e5612a659",
                    "faff2adc-0a73-42ca-b2e5-ac3a5cca422d",
                    "89231796-7780-40a7-8c9b-6bccd9986546"
                ],
                [
                    "b71abe18-67f8-44e2-a0a8-34bc22163cfd",
                    "2f5633d4-1962-491e-8f5a-384463a3464b",
                    "e78337c4-7917-4711-9bf0-f32c221965db",
                    "faff2adc-0a73-42ca-b2e5-ac3a5cca422d",
                    "89231796-7780-40a7-8c9b-6bccd9986546"
                ],
                [
                    "2eee5b6e-667a-499c-ad4d-45958098b48e",
                    "2f5633d4-1962-491e-8f5a-384463a3464b",
                    "ee140718-d931-41d3-b63d-3f19f06a9934",
                    "5abafceb-8dce-4182-8924-b2fbde67f14c",
                    "89231796-7780-40a7-8c9b-6bccd9986546"
                ],
                [
                    "ec8d6869-2aeb-4058-acca-b9cd6b091592",
                    "2f5633d4-1962-491e-8f5a-384463a3464b",
                    "f6148abe-692d-4c49-b03a-f3d81f4e9623",
                    "faff2adc-0a73-42ca-b2e5-ac3a5cca422d",
                    "89231796-7780-40a7-8c9b-6bccd9986546"
                ],
                [
                    "171581cb-bd32-4dfb-8970-d409df91a71c",
                    "2f5633d4-1962-491e-8f5a-384463a3464b",
                    "6096be65-0867-4831-a471-bc94227e4128",
                    "b0dd7a0c-e055-42cf-a2d9-02be31e90033",
                    "89231796-7780-40a7-8c9b-6bccd9986546"
                ],
                [
                    "a440fe44-8cb9-421d-9a80-81f32b8ffcb4",
                    "2f5633d4-1962-491e-8f5a-384463a3464b",
                    "8857ca43-7489-431c-9013-00ca7b775f1f",
                    "494c4db6-7f00-44ee-a3cb-79aa8877d71f",
                    "89231796-7780-40a7-8c9b-6bccd9986546"
                ],
                [
                    "7bfcdff4-2ff3-4ede-95ab-a5b142ea47c0",
                    "2f5633d4-1962-491e-8f5a-384463a3464b",
                    "bd9ad63a-51ab-4cee-a0f1-1a69a25f4e3f",
                    "faff2adc-0a73-42ca-b2e5-ac3a5cca422d",
                    "89231796-7780-40a7-8c9b-6bccd9986546"
                ],
                [
                    "eaa1f129-a247-4e4b-b469-a0c6bd6d1bac",
                    "2f5633d4-1962-491e-8f5a-384463a3464b",
                    "4beaf774-eedb-4b08-8c11-5d919b860fb8",
                    "5abafceb-8dce-4182-8924-b2fbde67f14c",
                    "89231796-7780-40a7-8c9b-6bccd9986546"
                ],
                [
                    "71b92940-a61f-4ce6-bfdb-31d70628acef",
                    "2f5633d4-1962-491e-8f5a-384463a3464b",
                    "c0f2986d-177d-4aa1-a936-5e20950eece2",
                    "b0dd7a0c-e055-42cf-a2d9-02be31e90033",
                    "89231796-7780-40a7-8c9b-6bccd9986546"
                ],
                [
                    "eef7bf54-144b-499e-9e51-ae48a0eef543",
                    "2f5633d4-1962-491e-8f5a-384463a3464b",
                    "cd8efff2-83b8-48d7-826a-e026a63ee882",
                    "5abafceb-8dce-4182-8924-b2fbde67f14c",
                    "89231796-7780-40a7-8c9b-6bccd9986546"
                ],
                [
                    "fefbea5f-38be-4a9c-aa8a-afbe79ba885d",
                    "2f5633d4-1962-491e-8f5a-384463a3464b",
                    "f210158c-925b-4df7-a2bd-e3e93a66835d",
                    "494c4db6-7f00-44ee-a3cb-79aa8877d71f",
                    "89231796-7780-40a7-8c9b-6bccd9986546"
                ],
                [
                    "db8e89de-802b-4672-892f-dd24715a811a",
                    "2f5633d4-1962-491e-8f5a-384463a3464b",
                    "5e7b1ff5-03f6-4ddf-9d7c-ae35529886c8",
                    "dd559fd3-afcf-4eb8-b8bf-f60f83a80155",
                    "89231796-7780-40a7-8c9b-6bccd9986546"
                ],
                [
                    "ff20bbc5-21ca-4194-961d-87ee316fd072",
                    "2f5633d4-1962-491e-8f5a-384463a3464b",
                    "afb3c27b-17e4-4981-a20a-9f270573b8c1",
                    "3c7e73e9-4871-4baa-b5a7-bea4831ed2c0",
                    "89231796-7780-40a7-8c9b-6bccd9986546"
                ],
                [
                    "eaa1f129-a247-4e4b-b469-a0c6bd6d1bac",
                    "2f5633d4-1962-491e-8f5a-384463a3464b",
                    "55fe52b5-ff4c-40f0-8aea-e3f8fe4c53e9",
                    "5abafceb-8dce-4182-8924-b2fbde67f14c",
                    "89231796-7780-40a7-8c9b-6bccd9986546"
                ],
                [
                    "66b57ed4-d9bb-4956-8d1d-ae6be39d55f2",
                    "2f5633d4-1962-491e-8f5a-384463a3464b",
                    "688a86cc-da57-454a-be2d-d946e4714d48",
                    "5abafceb-8dce-4182-8924-b2fbde67f14c",
                    "89231796-7780-40a7-8c9b-6bccd9986546"
                ],
                [
                    "85f87fc0-7c75-4f32-bd3c-3a7e787586d7",
                    "2f5633d4-1962-491e-8f5a-384463a3464b",
                    "6e63a3f1-f96f-407e-87d6-5e360f525e72",
                    "faff2adc-0a73-42ca-b2e5-ac3a5cca422d",
                    "89231796-7780-40a7-8c9b-6bccd9986546"
                ],
                [
                    "b02d7ece-0e7b-4439-b94e-d926d3e4524c",
                    "2f5633d4-1962-491e-8f5a-384463a3464b",
                    "b3422f09-0b5b-4ae7-8b43-e8a55bbaafec",
                    "2c3a6918-f52d-4e2e-9e22-216b23c0613f",
                    "89231796-7780-40a7-8c9b-6bccd9986546"
                ],
                [
                    "09f58b9b-6f4a-478d-91cf-fb22d80c76fa",
                    "2f5633d4-1962-491e-8f5a-384463a3464b",
                    "50cbc6a4-62a8-46b3-a6a4-02b5e333b4f1",
                    "dd559fd3-afcf-4eb8-b8bf-f60f83a80155",
                    "89231796-7780-40a7-8c9b-6bccd9986546"
                ],
                [
                    "ee58cdae-6e83-4432-bd16-36b2b76e7493",
                    "2f5633d4-1962-491e-8f5a-384463a3464b",
                    "6245dbae-284c-4e58-9630-febcbc2c7885",
                    "5abafceb-8dce-4182-8924-b2fbde67f14c",
                    "89231796-7780-40a7-8c9b-6bccd9986546"
                ],
                [
                    "7409fa29-a9e7-4cd3-96f9-606c305b85fe",
                    "2f5633d4-1962-491e-8f5a-384463a3464b",
                    "70c5450e-5069-45be-968f-7a17cd2438ad",
                    "b0dd7a0c-e055-42cf-a2d9-02be31e90033",
                    "89231796-7780-40a7-8c9b-6bccd9986546"
                ],
                [
                    "0196b2fa-1699-4c1f-819a-da684eeaa4bf",
                    "2f5633d4-1962-491e-8f5a-384463a3464b",
                    "9f1c7b8c-31f1-4b1d-8e5a-7acdbfa57267",
                    "3c7e73e9-4871-4baa-b5a7-bea4831ed2c0",
                    "89231796-7780-40a7-8c9b-6bccd9986546"
                ],
                [
                    "c5dab194-c2fd-48ab-98bc-d09c1115bc28",
                    "2f5633d4-1962-491e-8f5a-384463a3464b",
                    "617d65bc-ecf5-455e-8bc7-86858f29a9e4",
                    "b0dd7a0c-e055-42cf-a2d9-02be31e90033",
                    "89231796-7780-40a7-8c9b-6bccd9986546"
                ],
                [
                    "f43ff3c3-92c8-4404-9a95-5b0e292f03e2",
                    "2f5633d4-1962-491e-8f5a-384463a3464b",
                    "9ca5fb8c-084e-4374-b812-79eae35ba8ec",
                    "3c7e73e9-4871-4baa-b5a7-bea4831ed2c0",
                    "89231796-7780-40a7-8c9b-6bccd9986546"
                ],
                [
                    "b5f0a8b1-6a3a-45e3-a77c-3f0e31048973",
                    "2f5633d4-1962-491e-8f5a-384463a3464b",
                    "bd9ad63a-51ab-4cee-a0f1-1a69a25f4e3f",
                    "faff2adc-0a73-42ca-b2e5-ac3a5cca422d",
                    "89231796-7780-40a7-8c9b-6bccd9986546"
                ],
                [
                    "5b8ba705-8ea9-46f1-9ca6-6b9b2a113a35",
                    "2f5633d4-1962-491e-8f5a-384463a3464b",
                    "9f527c08-c1bd-4674-be4e-33b417dc2d2f",
                    "b0dd7a0c-e055-42cf-a2d9-02be31e90033",
                    "89231796-7780-40a7-8c9b-6bccd9986546"
                ],
                [
                    "a440fe44-8cb9-421d-9a80-81f32b8ffcb4",
                    "2f5633d4-1962-491e-8f5a-384463a3464b",
                    "e23cc549-9f70-4229-a2da-11fd5c0945fe",
                    "494c4db6-7f00-44ee-a3cb-79aa8877d71f",
                    "89231796-7780-40a7-8c9b-6bccd9986546"
                ],
                [
                    "19861703-045a-49dc-b50c-6632f3792f2f",
                    "2f5633d4-1962-491e-8f5a-384463a3464b",
                    "4b706164-9ba3-4227-9621-22567ea03e92",
                    "2f02ea55-0ed7-4c57-969c-1c5cf9ce6ef4",
                    "89231796-7780-40a7-8c9b-6bccd9986546"
                ],
                [
                    "85f87fc0-7c75-4f32-bd3c-3a7e787586d7",
                    "2f5633d4-1962-491e-8f5a-384463a3464b",
                    "d34f233f-24f3-418b-b018-da547f6cae93",
                    "5abafceb-8dce-4182-8924-b2fbde67f14c",
                    "89231796-7780-40a7-8c9b-6bccd9986546"
                ],
                [
                    "66b57ed4-d9bb-4956-8d1d-ae6be39d55f2",
                    "2f5633d4-1962-491e-8f5a-384463a3464b",
                    "6e63a3f1-f96f-407e-87d6-5e360f525e72",
                    "faff2adc-0a73-42ca-b2e5-ac3a5cca422d",
                    "89231796-7780-40a7-8c9b-6bccd9986546"
                ],
                [
                    "69628d92-fb1e-4d2d-b8e4-5319f6b3566f",
                    "2f5633d4-1962-491e-8f5a-384463a3464b",
                    "88bea71e-c224-4439-9a03-67531b94d779",
                    "494c4db6-7f00-44ee-a3cb-79aa8877d71f",
                    "89231796-7780-40a7-8c9b-6bccd9986546"
                ],
                [
                    "f873fe56-9ff3-4829-8b8c-3e2cb62519e0",
                    "2f5633d4-1962-491e-8f5a-384463a3464b",
                    "ac7d2bde-38f5-47d4-b7ff-8d1b11d1af92",
                    "57842588-b9d6-4c04-880a-4caac1018122",
                    "89231796-7780-40a7-8c9b-6bccd9986546"
                ],
                [
                    "1cb07c4c-51b6-472e-b54d-da328bc57c03",
                    "2f5633d4-1962-491e-8f5a-384463a3464b",
                    "bd9ad63a-51ab-4cee-a0f1-1a69a25f4e3f",
                    "faff2adc-0a73-42ca-b2e5-ac3a5cca422d",
                    "89231796-7780-40a7-8c9b-6bccd9986546"
                ],
                [
                    "26fda3b9-5cbd-4ed9-8d1f-7784b47adac7",
                    "2f5633d4-1962-491e-8f5a-384463a3464b",
                    "e507dbae-beb2-48e3-9f49-1883005827a9",
                    "494c4db6-7f00-44ee-a3cb-79aa8877d71f",
                    "89231796-7780-40a7-8c9b-6bccd9986546"
                ],
                [
                    "5b4b8a9a-8f8e-4d53-9c5b-efcdae73584b",
                    "2f5633d4-1962-491e-8f5a-384463a3464b",
                    "6f7b8389-593c-4a03-88ff-c6ca2b46aa20",
                    "e746c6f7-2dda-4104-a975-a525dea29255",
                    "89231796-7780-40a7-8c9b-6bccd9986546"
                ],
                [
                    "d30c229f-ff5f-446a-b2aa-943dc5aa0da4",
                    "2f5633d4-1962-491e-8f5a-384463a3464b",
                    "6e006416-ee81-4db3-92e8-5265fb5a1b6e",
                    "dd559fd3-afcf-4eb8-b8bf-f60f83a80155",
                    "89231796-7780-40a7-8c9b-6bccd9986546"
                ],
                [
                    "03317833-2500-4d19-82db-7ddcfbba8bd8",
                    "2f5633d4-1962-491e-8f5a-384463a3464b",
                    "45b1668a-2a3a-48f5-a112-8b044cc83231",
                    "faff2adc-0a73-42ca-b2e5-ac3a5cca422d",
                    "89231796-7780-40a7-8c9b-6bccd9986546"
                ],
                [
                    "c1d9af2b-337d-4a1e-9e07-a698cce4759f",
                    "2f5633d4-1962-491e-8f5a-384463a3464b",
                    "a0498def-65f9-4270-8c2d-6bccc44d2172",
                    "5abafceb-8dce-4182-8924-b2fbde67f14c",
                    "89231796-7780-40a7-8c9b-6bccd9986546"
                ],
                [
                    "eaa1f129-a247-4e4b-b469-a0c6bd6d1bac",
                    "2f5633d4-1962-491e-8f5a-384463a3464b",
                    "b9abcde2-23c8-4c03-9864-acd429b4afd0",
                    "4a0fe598-09c5-44c2-886e-72d34fb1b95e",
                    "89231796-7780-40a7-8c9b-6bccd9986546"
                ],
                [
                    "eaa1f129-a247-4e4b-b469-a0c6bd6d1bac",
                    "2f5633d4-1962-491e-8f5a-384463a3464b",
                    "5bcc14e7-0ce6-4473-bf3e-652daee83519",
                    "10b55fc3-b03b-439c-be54-69c363ae2fbc",
                    "89231796-7780-40a7-8c9b-6bccd9986546"
                ],
                [
                    "59effc13-7fe8-41ef-b97a-15a03918d27b",
                    "2f5633d4-1962-491e-8f5a-384463a3464b",
                    "bcf784d8-6b1b-4041-be18-69f66d10cbfb",
                    "faff2adc-0a73-42ca-b2e5-ac3a5cca422d",
                    "89231796-7780-40a7-8c9b-6bccd9986546"
                ],
                [
                    "5503f094-41ae-4087-949d-d1632d8a8b9a",
                    "2f5633d4-1962-491e-8f5a-384463a3464b",
                    "c76d8ac0-df2a-4751-ac36-1bebd3536ba5",
                    "faff2adc-0a73-42ca-b2e5-ac3a5cca422d",
                    "89231796-7780-40a7-8c9b-6bccd9986546"
                ],
                [
                    "d30c229f-ff5f-446a-b2aa-943dc5aa0da4",
                    "2f5633d4-1962-491e-8f5a-384463a3464b",
                    "ece7395b-fe36-4f2a-b6f0-669425bc64d2",
                    "5abafceb-8dce-4182-8924-b2fbde67f14c",
                    "89231796-7780-40a7-8c9b-6bccd9986546"
                ],
                [
                    "c1d9af2b-337d-4a1e-9e07-a698cce4759f",
                    "2f5633d4-1962-491e-8f5a-384463a3464b",
                    "d90e90e0-46ed-46cb-8058-910f8c06718f",
                    "faff2adc-0a73-42ca-b2e5-ac3a5cca422d",
                    "89231796-7780-40a7-8c9b-6bccd9986546"
                ],
                [
                    "b02d7ece-0e7b-4439-b94e-d926d3e4524c",
                    "2f5633d4-1962-491e-8f5a-384463a3464b",
                    "0334b5c0-3a43-4725-a8a7-baad34e0835f",
                    "faff2adc-0a73-42ca-b2e5-ac3a5cca422d",
                    "89231796-7780-40a7-8c9b-6bccd9986546"
                ],
                [
                    "87f7b589-310d-412b-8216-17b9612c8236",
                    "2f5633d4-1962-491e-8f5a-384463a3464b",
                    "bb961183-a8e4-4ab3-a79a-7b2a03786dab",
                    "2f02ea55-0ed7-4c57-969c-1c5cf9ce6ef4",
                    "89231796-7780-40a7-8c9b-6bccd9986546"
                ],
                [
                    "b71abe18-67f8-44e2-a0a8-34bc22163cfd",
                    "2f5633d4-1962-491e-8f5a-384463a3464b",
                    "ea496154-ea9d-4e47-8e00-9c1e1288252c",
                    "faff2adc-0a73-42ca-b2e5-ac3a5cca422d",
                    "89231796-7780-40a7-8c9b-6bccd9986546"
                ],
                [
                    "b02d7ece-0e7b-4439-b94e-d926d3e4524c",
                    "2f5633d4-1962-491e-8f5a-384463a3464b",
                    "bcf784d8-6b1b-4041-be18-69f66d10cbfb",
                    "faff2adc-0a73-42ca-b2e5-ac3a5cca422d",
                    "89231796-7780-40a7-8c9b-6bccd9986546"
                ],
                [
                    "b02d7ece-0e7b-4439-b94e-d926d3e4524c",
                    "2f5633d4-1962-491e-8f5a-384463a3464b",
                    "b529c2e0-f50f-4de4-b035-306da1c25047",
                    "5abafceb-8dce-4182-8924-b2fbde67f14c",
                    "89231796-7780-40a7-8c9b-6bccd9986546"
                ],
                [
                    "9765ee5e-928b-4531-9bfc-054af7a56e31",
                    "2f5633d4-1962-491e-8f5a-384463a3464b",
                    "6127edcb-9428-4091-9380-0d726fdf5fa2",
                    "b0dd7a0c-e055-42cf-a2d9-02be31e90033",
                    "89231796-7780-40a7-8c9b-6bccd9986546"
                ],
                [
                    "7bfcdff4-2ff3-4ede-95ab-a5b142ea47c0",
                    "2f5633d4-1962-491e-8f5a-384463a3464b",
                    "7ed93a58-ac47-40e0-930e-965fa4e758ca",
                    "faff2adc-0a73-42ca-b2e5-ac3a5cca422d",
                    "89231796-7780-40a7-8c9b-6bccd9986546"
                ],
                [
                    "eaa1f129-a247-4e4b-b469-a0c6bd6d1bac",
                    "2f5633d4-1962-491e-8f5a-384463a3464b",
                    "71f73c81-3e05-40bd-acca-8074ca43d3b8",
                    "10b55fc3-b03b-439c-be54-69c363ae2fbc",
                    "89231796-7780-40a7-8c9b-6bccd9986546"
                ],
                [
                    "2eee5b6e-667a-499c-ad4d-45958098b48e",
                    "2f5633d4-1962-491e-8f5a-384463a3464b",
                    "6fbf3218-10a9-4e9e-b7e3-44e04fb61385",
                    "5abafceb-8dce-4182-8924-b2fbde67f14c",
                    "89231796-7780-40a7-8c9b-6bccd9986546"
                ],
                [
                    "171581cb-bd32-4dfb-8970-d409df91a71c",
                    "2f5633d4-1962-491e-8f5a-384463a3464b",
                    "913cf370-1a03-4a0e-b0ea-1ba45ba9881f",
                    "b0dd7a0c-e055-42cf-a2d9-02be31e90033",
                    "89231796-7780-40a7-8c9b-6bccd9986546"
                ],
                [
                    "171581cb-bd32-4dfb-8970-d409df91a71c",
                    "2f5633d4-1962-491e-8f5a-384463a3464b",
                    "43b8f4ef-2bde-410a-b029-16b327feded4",
                    "5abafceb-8dce-4182-8924-b2fbde67f14c",
                    "89231796-7780-40a7-8c9b-6bccd9986546"
                ],
                [
                    "5503f094-41ae-4087-949d-d1632d8a8b9a",
                    "2f5633d4-1962-491e-8f5a-384463a3464b",
                    "ee76a4c5-f34e-4fd2-b2c4-39c1467b124a",
                    "faff2adc-0a73-42ca-b2e5-ac3a5cca422d",
                    "89231796-7780-40a7-8c9b-6bccd9986546"
                ],
                [
                    "d03bd656-50bc-4d1c-b884-b4f06a21e374",
                    "2f5633d4-1962-491e-8f5a-384463a3464b",
                    "62b26922-15b7-4491-8fa0-bda1d7ea9459",
                    "dd559fd3-afcf-4eb8-b8bf-f60f83a80155",
                    "89231796-7780-40a7-8c9b-6bccd9986546"
                ],
                [
                    "23e63b97-2016-44fd-96fb-00d63e1a3c4b",
                    "2f5633d4-1962-491e-8f5a-384463a3464b",
                    "f02e18b5-f024-4bb2-a81e-368efa1b5249",
                    "b0dd7a0c-e055-42cf-a2d9-02be31e90033",
                    "89231796-7780-40a7-8c9b-6bccd9986546"
                ],
                [
                    "5503f094-41ae-4087-949d-d1632d8a8b9a",
                    "2f5633d4-1962-491e-8f5a-384463a3464b",
                    "186da8a6-d544-4d89-9b66-4b0303ecfdc1",
                    "faff2adc-0a73-42ca-b2e5-ac3a5cca422d",
                    "89231796-7780-40a7-8c9b-6bccd9986546"
                ],
                [
                    "3342f570-3aef-49a0-9177-3729cbcb8b06",
                    "2f5633d4-1962-491e-8f5a-384463a3464b",
                    "0aff94e3-0cb3-4ca8-b437-36e53cf679f9",
                    "3c7e73e9-4871-4baa-b5a7-bea4831ed2c0",
                    "89231796-7780-40a7-8c9b-6bccd9986546"
                ],
                [
                    "7bfcdff4-2ff3-4ede-95ab-a5b142ea47c0",
                    "2f5633d4-1962-491e-8f5a-384463a3464b",
                    "94c850fd-063b-4236-8eb2-48e15a8adc5d",
                    "2c3a6918-f52d-4e2e-9e22-216b23c0613f",
                    "89231796-7780-40a7-8c9b-6bccd9986546"
                ],
                [
                    "c5dab194-c2fd-48ab-98bc-d09c1115bc28",
                    "2f5633d4-1962-491e-8f5a-384463a3464b",
                    "f6a7465f-8b0a-407c-8d57-18fea38fa965",
                    "3c7e73e9-4871-4baa-b5a7-bea4831ed2c0",
                    "89231796-7780-40a7-8c9b-6bccd9986546"
                ],
                [
                    "2eee5b6e-667a-499c-ad4d-45958098b48e",
                    "2f5633d4-1962-491e-8f5a-384463a3464b",
                    "56c70db2-0245-4158-98bc-262c735e2f28",
                    "5abafceb-8dce-4182-8924-b2fbde67f14c",
                    "89231796-7780-40a7-8c9b-6bccd9986546"
                ],
                [
                    "11023c94-1275-4ef0-bce5-bc9358541db3",
                    "2f5633d4-1962-491e-8f5a-384463a3464b",
                    "07fcde95-a36a-4003-8f37-35f956aeef87",
                    "5abafceb-8dce-4182-8924-b2fbde67f14c",
                    "89231796-7780-40a7-8c9b-6bccd9986546"
                ],
                [
                    "5503f094-41ae-4087-949d-d1632d8a8b9a",
                    "2f5633d4-1962-491e-8f5a-384463a3464b",
                    "ef1f32b5-4bf3-4650-9f97-051386c4a4da",
                    "10b55fc3-b03b-439c-be54-69c363ae2fbc",
                    "89231796-7780-40a7-8c9b-6bccd9986546"
                ],
                [
                    "22505897-c9c7-4aa8-a710-830d23d6c93b",
                    "2f5633d4-1962-491e-8f5a-384463a3464b",
                    "877e959f-1d3d-499d-9e9b-393de182401c",
                    "faff2adc-0a73-42ca-b2e5-ac3a5cca422d",
                    "89231796-7780-40a7-8c9b-6bccd9986546"
                ],
                [
                    "21ab1772-3711-496b-9045-64a2c70a0811",
                    "2f5633d4-1962-491e-8f5a-384463a3464b",
                    "6e006416-ee81-4db3-92e8-5265fb5a1b6e",
                    "dd559fd3-afcf-4eb8-b8bf-f60f83a80155",
                    "89231796-7780-40a7-8c9b-6bccd9986546"
                ],
                [
                    "21ab1772-3711-496b-9045-64a2c70a0811",
                    "2f5633d4-1962-491e-8f5a-384463a3464b",
                    "5e7b1ff5-03f6-4ddf-9d7c-ae35529886c8",
                    "dd559fd3-afcf-4eb8-b8bf-f60f83a80155",
                    "89231796-7780-40a7-8c9b-6bccd9986546"
                ],
                [
                    "58f0784d-bd98-4457-b720-8f2916c665ba",
                    "2f5633d4-1962-491e-8f5a-384463a3464b",
                    "ac7d2bde-38f5-47d4-b7ff-8d1b11d1af92",
                    "57842588-b9d6-4c04-880a-4caac1018122",
                    "89231796-7780-40a7-8c9b-6bccd9986546"
                ],
                [
                    "c5dab194-c2fd-48ab-98bc-d09c1115bc28",
                    "2f5633d4-1962-491e-8f5a-384463a3464b",
                    "47e4f683-3cb9-4a9a-b9cb-f29569bb3b28",
                    "b0dd7a0c-e055-42cf-a2d9-02be31e90033",
                    "89231796-7780-40a7-8c9b-6bccd9986546"
                ],
                [
                    "171581cb-bd32-4dfb-8970-d409df91a71c",
                    "2f5633d4-1962-491e-8f5a-384463a3464b",
                    "486841c2-c0d5-40cb-8c44-5794d1b3e1bf",
                    "b0dd7a0c-e055-42cf-a2d9-02be31e90033",
                    "89231796-7780-40a7-8c9b-6bccd9986546"
                ],
                [
                    "49b11fd9-a186-4cda-9447-e20fc9c5d601",
                    "2f5633d4-1962-491e-8f5a-384463a3464b",
                    "f5d19186-cab8-4a78-801e-d326e57f862f",
                    "10b55fc3-b03b-439c-be54-69c363ae2fbc",
                    "89231796-7780-40a7-8c9b-6bccd9986546"
                ],
                [
                    "3342f570-3aef-49a0-9177-3729cbcb8b06",
                    "2f5633d4-1962-491e-8f5a-384463a3464b",
                    "3f7841cf-cea5-4a44-b40b-bf820ced1604",
                    "3c7e73e9-4871-4baa-b5a7-bea4831ed2c0",
                    "89231796-7780-40a7-8c9b-6bccd9986546"
                ],
                [
                    "23cd7873-2721-4b7b-b0c7-9ef0291171f9",
                    "2f5633d4-1962-491e-8f5a-384463a3464b",
                    "659c49b8-37de-4b59-96c5-a22ad40d2d45",
                    "4a0fe598-09c5-44c2-886e-72d34fb1b95e",
                    "89231796-7780-40a7-8c9b-6bccd9986546"
                ],
                [
                    "04211b75-f036-47d7-8d7e-f4a9d2341aaa",
                    "2f5633d4-1962-491e-8f5a-384463a3464b",
                    "e507dbae-beb2-48e3-9f49-1883005827a9",
                    "494c4db6-7f00-44ee-a3cb-79aa8877d71f",
                    "89231796-7780-40a7-8c9b-6bccd9986546"
                ],
                [
                    "078cc22e-70ae-42c8-ac5e-c1797079f925",
                    "2f5633d4-1962-491e-8f5a-384463a3464b",
                    "56c70db2-0245-4158-98bc-262c735e2f28",
                    "5abafceb-8dce-4182-8924-b2fbde67f14c",
                    "89231796-7780-40a7-8c9b-6bccd9986546"
                ],
                [
                    "dbb8de43-c409-4a8e-859c-60ae6209e104",
                    "2f5633d4-1962-491e-8f5a-384463a3464b",
                    "ef1f9c46-5aea-432f-b9f3-417c421a7458",
                    "dd559fd3-afcf-4eb8-b8bf-f60f83a80155",
                    "89231796-7780-40a7-8c9b-6bccd9986546"
                ],
                [
                    "d4d3c922-4ee6-472c-9da0-112400a273b1",
                    "2f5633d4-1962-491e-8f5a-384463a3464b",
                    "5f9e4658-1eb6-4c4a-b733-8a4b2c9cbed5",
                    "4aad05d0-07e8-4b4c-8065-2b035d4d1f24",
                    "89231796-7780-40a7-8c9b-6bccd9986546"
                ],
                [
                    "23e63b97-2016-44fd-96fb-00d63e1a3c4b",
                    "2f5633d4-1962-491e-8f5a-384463a3464b",
                    "f6a7465f-8b0a-407c-8d57-18fea38fa965",
                    "3c7e73e9-4871-4baa-b5a7-bea4831ed2c0",
                    "89231796-7780-40a7-8c9b-6bccd9986546"
                ],
                [
                    "eef7bf54-144b-499e-9e51-ae48a0eef543",
                    "2f5633d4-1962-491e-8f5a-384463a3464b",
                    "3661ec05-fde1-459d-a316-ef54d1f553fe",
                    "5abafceb-8dce-4182-8924-b2fbde67f14c",
                    "89231796-7780-40a7-8c9b-6bccd9986546"
                ],
                [
                    "b02d7ece-0e7b-4439-b94e-d926d3e4524c",
                    "2f5633d4-1962-491e-8f5a-384463a3464b",
                    "1e025920-7d6e-4e03-9b89-6b336947b051",
                    "5abafceb-8dce-4182-8924-b2fbde67f14c",
                    "89231796-7780-40a7-8c9b-6bccd9986546"
                ]
            ]
        }
    ]
}