{
    "query_name": "3f_author_name",
    "query_sql": "SELECT \n\tauthor.name \nFROM \n\tauthor, organization, writes, publication, conference, domain_conference, domain \nWHERE\n\tauthor.oid = organization.oid\n\tAND author.aid = writes.aid\n    AND writes.pid = publication.pid\n    AND publication.cid = conference.cid\n    AND conference.cid = domain_conference.cid\n    AND domain_conference.did = domain.did\n    AND organization.name = 'University of Michigan'\n    AND publication.year > 2010\n    AND domain.name = 'Machine Learning & Pattern Recognition'\nGROUP BY author.name ",
    "results": [
        {
            "output_tuple": [
                "Silvio Savarese"
            ],
            "tuple_id": "017731f8-30e9-5072-89d4-565817870782",
            "dnf": [
                [
                    "618e79d9-2365-4bf0-b83b-389ab371fda6",
                    "90924742-6eba-4bc4-b10d-2a6c10d5a0f3",
                    "ce0dcb1f-8176-4409-a107-acb102e160b5",
                    "99d689db-c15f-4ad0-afb6-7fc4c55ecd75",
                    "1878accf-edf0-4e3a-a5a3-296e1664d673"
                ],
                [
                    "618e79d9-2365-4bf0-b83b-389ab371fda6",
                    "90924742-6eba-4bc4-b10d-2a6c10d5a0f3",
                    "ecc71785-327e-4fe9-a956-838d4545910a",
                    "e3a82cbf-0313-403e-b548-66b285089b1e",
                    "1878accf-edf0-4e3a-a5a3-296e1664d673"
                ]
            ]
        },
        {
            "output_tuple": [
                "Nicholas Carlevaris-Bianco"
            ],
            "tuple_id": "04019582-f5b2-515e-9007-873a88cba742",
            "dnf": [
                [
                    "0b06b98c-e4a5-486e-bb68-8a27b0e45835",
                    "90924742-6eba-4bc4-b10d-2a6c10d5a0f3",
                    "51727892-c80d-4bbf-a649-6638c52cc3af",
                    "99d689db-c15f-4ad0-afb6-7fc4c55ecd75",
                    "1878accf-edf0-4e3a-a5a3-296e1664d673"
                ],
                [
                    "0b06b98c-e4a5-486e-bb68-8a27b0e45835",
                    "90924742-6eba-4bc4-b10d-2a6c10d5a0f3",
                    "e5af765f-c7a1-4a51-a547-d51af0e29c57",
                    "99d689db-c15f-4ad0-afb6-7fc4c55ecd75",
                    "1878accf-edf0-4e3a-a5a3-296e1664d673"
                ],
                [
                    "0b06b98c-e4a5-486e-bb68-8a27b0e45835",
                    "90924742-6eba-4bc4-b10d-2a6c10d5a0f3",
                    "845f2994-f7e8-445a-9bbd-1c100b5bd5b1",
                    "99d689db-c15f-4ad0-afb6-7fc4c55ecd75",
                    "1878accf-edf0-4e3a-a5a3-296e1664d673"
                ]
            ]
        },
        {
            "output_tuple": [
                "Kumar Sricharan"
            ],
            "tuple_id": "0a8d828a-012b-5665-9066-1bf602aa0aeb",
            "dnf": [
                [
                    "fb668d76-cf11-462a-974a-c33ab48f34b0",
                    "90924742-6eba-4bc4-b10d-2a6c10d5a0f3",
                    "f790e75e-548d-4619-9784-3b7ede1cbf95",
                    "ff7414b5-81ec-4243-963d-6e85b6f73b37",
                    "1878accf-edf0-4e3a-a5a3-296e1664d673"
                ],
                [
                    "fb668d76-cf11-462a-974a-c33ab48f34b0",
                    "90924742-6eba-4bc4-b10d-2a6c10d5a0f3",
                    "51aba3ae-994c-4044-9165-b51c234b9f82",
                    "ff7414b5-81ec-4243-963d-6e85b6f73b37",
                    "1878accf-edf0-4e3a-a5a3-296e1664d673"
                ]
            ]
        },
        {
            "output_tuple": [
                "JooSeuk Kim"
            ],
            "tuple_id": "0daaaf91-9868-59ff-b722-3e9568675a3a",
            "dnf": [
                [
                    "257d5453-631b-4bda-9f13-67047511af73",
                    "90924742-6eba-4bc4-b10d-2a6c10d5a0f3",
                    "4e2ff780-e9c5-4228-a0db-4c9201f7bab1",
                    "e3a82cbf-0313-403e-b548-66b285089b1e",
                    "1878accf-edf0-4e3a-a5a3-296e1664d673"
                ]
            ]
        },
        {
            "output_tuple": [
                "Jing Sun"
            ],
            "tuple_id": "13335968-17f8-5cde-845a-90cdaa14bd94",
            "dnf": [
                [
                    "c063f701-72de-43a4-acf7-8e992fd86899",
                    "90924742-6eba-4bc4-b10d-2a6c10d5a0f3",
                    "acd5c176-9c14-4b45-b5f8-d4645f99ea8f",
                    "fea41cd4-bc1c-4cd5-989e-81ac118699c5",
                    "1878accf-edf0-4e3a-a5a3-296e1664d673"
                ],
                [
                    "c063f701-72de-43a4-acf7-8e992fd86899",
                    "90924742-6eba-4bc4-b10d-2a6c10d5a0f3",
                    "ce17b0f5-9a5b-40e5-945a-66fefcb346b6",
                    "cb89a7d6-d9b7-45a1-9604-9cba9a513b43",
                    "1878accf-edf0-4e3a-a5a3-296e1664d673"
                ],
                [
                    "c063f701-72de-43a4-acf7-8e992fd86899",
                    "90924742-6eba-4bc4-b10d-2a6c10d5a0f3",
                    "efd433ca-3a3c-4ed5-9804-4339d0114172",
                    "78ebec57-7211-457b-be91-827918e1dd72",
                    "1878accf-edf0-4e3a-a5a3-296e1664d673"
                ]
            ]
        },
        {
            "output_tuple": [
                "Siamak P. Nejad-Davarani"
            ],
            "tuple_id": "15d167c2-b713-52cd-b80c-f03b050ecab0",
            "dnf": [
                [
                    "20e8417a-9aa3-41a8-8bf7-5401a525a3b5",
                    "90924742-6eba-4bc4-b10d-2a6c10d5a0f3",
                    "fe1e09f4-ad46-474b-9d8b-aeda2c2a36ee",
                    "9b64e31b-f6af-475b-92ce-2b98bf5c7b5e",
                    "1878accf-edf0-4e3a-a5a3-296e1664d673"
                ],
                [
                    "20e8417a-9aa3-41a8-8bf7-5401a525a3b5",
                    "90924742-6eba-4bc4-b10d-2a6c10d5a0f3",
                    "40c20f69-f0b0-448a-be89-33d56734365a",
                    "9b64e31b-f6af-475b-92ce-2b98bf5c7b5e",
                    "1878accf-edf0-4e3a-a5a3-296e1664d673"
                ]
            ]
        },
        {
            "output_tuple": [
                "Michael Hafner"
            ],
            "tuple_id": "1865e58b-0af2-51ce-af39-695cfce0fd38",
            "dnf": [
                [
                    "e65864e7-6709-4bfd-8753-757ed2c6da32",
                    "90924742-6eba-4bc4-b10d-2a6c10d5a0f3",
                    "a5c6ccf1-87a1-451b-add4-051e772ca005",
                    "d95e1250-6a32-4294-8b8b-8d96205a0337",
                    "1878accf-edf0-4e3a-a5a3-296e1664d673"
                ],
                [
                    "e65864e7-6709-4bfd-8753-757ed2c6da32",
                    "90924742-6eba-4bc4-b10d-2a6c10d5a0f3",
                    "1e627c43-04a2-4ec1-af68-eefdcb565817",
                    "78ebec57-7211-457b-be91-827918e1dd72",
                    "1878accf-edf0-4e3a-a5a3-296e1664d673"
                ]
            ]
        },
        {
            "output_tuple": [
                "Dimitar Filev"
            ],
            "tuple_id": "18d1965e-4f29-59e5-ab85-5c9eb509c85b",
            "dnf": [
                [
                    "23b4229b-d8b3-47a6-9527-aca1a6de092e",
                    "90924742-6eba-4bc4-b10d-2a6c10d5a0f3",
                    "631a2bb5-66bd-4453-8668-2bafd675ac0f",
                    "9b64e31b-f6af-475b-92ce-2b98bf5c7b5e",
                    "1878accf-edf0-4e3a-a5a3-296e1664d673"
                ]
            ]
        },
        {
            "output_tuple": [
                "Jun Wu"
            ],
            "tuple_id": "1fd83961-d7c3-53e1-bb89-c4d7c11621dd",
            "dnf": [
                [
                    "7495b6d5-120c-4c52-a22c-3244df4536f0",
                    "90924742-6eba-4bc4-b10d-2a6c10d5a0f3",
                    "8158a368-2a28-4be5-9d46-8fea3ee2bbe2",
                    "8a93dbe2-4529-4418-8bcc-9075486d25c9",
                    "1878accf-edf0-4e3a-a5a3-296e1664d673"
                ],
                [
                    "7495b6d5-120c-4c52-a22c-3244df4536f0",
                    "90924742-6eba-4bc4-b10d-2a6c10d5a0f3",
                    "99aa0fab-ea75-4d0a-83ef-d8c0ae1dccb7",
                    "716d8702-b603-4ab3-b1d8-39de0a19dfca",
                    "1878accf-edf0-4e3a-a5a3-296e1664d673"
                ],
                [
                    "7495b6d5-120c-4c52-a22c-3244df4536f0",
                    "90924742-6eba-4bc4-b10d-2a6c10d5a0f3",
                    "ffad528b-c3bd-430c-aa71-58bf64fae0a2",
                    "716d8702-b603-4ab3-b1d8-39de0a19dfca",
                    "1878accf-edf0-4e3a-a5a3-296e1664d673"
                ],
                [
                    "7495b6d5-120c-4c52-a22c-3244df4536f0",
                    "90924742-6eba-4bc4-b10d-2a6c10d5a0f3",
                    "f94c2f21-7457-4ec4-9f12-d6513c3d9b23",
                    "cb89a7d6-d9b7-45a1-9604-9cba9a513b43",
                    "1878accf-edf0-4e3a-a5a3-296e1664d673"
                ],
                [
                    "7495b6d5-120c-4c52-a22c-3244df4536f0",
                    "90924742-6eba-4bc4-b10d-2a6c10d5a0f3",
                    "dfe8268e-765c-45d9-8001-855e09761046",
                    "8a93dbe2-4529-4418-8bcc-9075486d25c9",
                    "1878accf-edf0-4e3a-a5a3-296e1664d673"
                ],
                [
                    "7495b6d5-120c-4c52-a22c-3244df4536f0",
                    "90924742-6eba-4bc4-b10d-2a6c10d5a0f3",
                    "8460321d-a64d-4b97-a330-454360fc7df1",
                    "8a93dbe2-4529-4418-8bcc-9075486d25c9",
                    "1878accf-edf0-4e3a-a5a3-296e1664d673"
                ],
                [
                    "7495b6d5-120c-4c52-a22c-3244df4536f0",
                    "90924742-6eba-4bc4-b10d-2a6c10d5a0f3",
                    "1e539104-778b-4d36-8f45-481115627a9e",
                    "8a93dbe2-4529-4418-8bcc-9075486d25c9",
                    "1878accf-edf0-4e3a-a5a3-296e1664d673"
                ],
                [
                    "7495b6d5-120c-4c52-a22c-3244df4536f0",
                    "90924742-6eba-4bc4-b10d-2a6c10d5a0f3",
                    "bd198f2e-2774-4699-b3af-5d294dd5d416",
                    "6d5cc814-b9bb-484c-a35c-727823e87824",
                    "1878accf-edf0-4e3a-a5a3-296e1664d673"
                ]
            ]
        },
        {
            "output_tuple": [
                "Cem Tekin"
            ],
            "tuple_id": "22c80082-987f-5d56-bafe-0d188f4efbb6",
            "dnf": [
                [
                    "80e5b246-7413-4977-8817-f744c9d7e442",
                    "90924742-6eba-4bc4-b10d-2a6c10d5a0f3",
                    "2302c316-30fd-4ca8-9a74-7f5694ee8622",
                    "ff7414b5-81ec-4243-963d-6e85b6f73b37",
                    "1878accf-edf0-4e3a-a5a3-296e1664d673"
                ]
            ]
        },
        {
            "output_tuple": [
                "Xudong Fan"
            ],
            "tuple_id": "26a55639-df28-5936-906d-68397d39b2d3",
            "dnf": [
                [
                    "4ba4155b-17b3-4c80-ab0f-7f3ae6597487",
                    "90924742-6eba-4bc4-b10d-2a6c10d5a0f3",
                    "04dafcdc-7ee8-4e87-b73e-e879e9bd8dbb",
                    "99d689db-c15f-4ad0-afb6-7fc4c55ecd75",
                    "1878accf-edf0-4e3a-a5a3-296e1664d673"
                ]
            ]
        },
        {
            "output_tuple": [
                "James D. Geiger"
            ],
            "tuple_id": "27ff5e36-bf0a-5bf4-b56a-b892a2ed983d",
            "dnf": [
                [
                    "7aa3367c-3124-470b-8ff9-241f5b4bb4cd",
                    "90924742-6eba-4bc4-b10d-2a6c10d5a0f3",
                    "0aaaee11-4b79-41b9-b840-4dd16c549ba8",
                    "99d689db-c15f-4ad0-afb6-7fc4c55ecd75",
                    "1878accf-edf0-4e3a-a5a3-296e1664d673"
                ]
            ]
        },
        {
            "output_tuple": [
                "Alfred O. Hero III"
            ],
            "tuple_id": "2a53f035-a480-5b1d-a7e6-2b205114cb32",
            "dnf": [
                [
                    "de65129b-370f-45ac-95f0-ff98c87071e1",
                    "90924742-6eba-4bc4-b10d-2a6c10d5a0f3",
                    "51aba3ae-994c-4044-9165-b51c234b9f82",
                    "ff7414b5-81ec-4243-963d-6e85b6f73b37",
                    "1878accf-edf0-4e3a-a5a3-296e1664d673"
                ],
                [
                    "de65129b-370f-45ac-95f0-ff98c87071e1",
                    "90924742-6eba-4bc4-b10d-2a6c10d5a0f3",
                    "f790e75e-548d-4619-9784-3b7ede1cbf95",
                    "ff7414b5-81ec-4243-963d-6e85b6f73b37",
                    "1878accf-edf0-4e3a-a5a3-296e1664d673"
                ],
                [
                    "de65129b-370f-45ac-95f0-ff98c87071e1",
                    "90924742-6eba-4bc4-b10d-2a6c10d5a0f3",
                    "8dc4d552-899d-4d17-8fc7-a2ebf5c61c16",
                    "ff7414b5-81ec-4243-963d-6e85b6f73b37",
                    "1878accf-edf0-4e3a-a5a3-296e1664d673"
                ],
                [
                    "de65129b-370f-45ac-95f0-ff98c87071e1",
                    "90924742-6eba-4bc4-b10d-2a6c10d5a0f3",
                    "7d9efa0b-0cab-42af-94d6-15e6cdfbb79c",
                    "e3a82cbf-0313-403e-b548-66b285089b1e",
                    "1878accf-edf0-4e3a-a5a3-296e1664d673"
                ],
                [
                    "de65129b-370f-45ac-95f0-ff98c87071e1",
                    "90924742-6eba-4bc4-b10d-2a6c10d5a0f3",
                    "e97a4f8b-e627-4d2c-9a6c-71c6cb33f935",
                    "ff7414b5-81ec-4243-963d-6e85b6f73b37",
                    "1878accf-edf0-4e3a-a5a3-296e1664d673"
                ]
            ]
        },
        {
            "output_tuple": [
                "Hyungwon Choi"
            ],
            "tuple_id": "2b5f629e-f0be-5e2c-a27e-f9d53a610a50",
            "dnf": [
                [
                    "c4b2dad2-70cd-4efe-bc76-785c0aef4343",
                    "90924742-6eba-4bc4-b10d-2a6c10d5a0f3",
                    "c2198f78-4ac2-4c99-a666-80cecba8033e",
                    "cb89a7d6-d9b7-45a1-9604-9cba9a513b43",
                    "1878accf-edf0-4e3a-a5a3-296e1664d673"
                ]
            ]
        },
        {
            "output_tuple": [
                "Gyemin Lee"
            ],
            "tuple_id": "3007e7c2-b436-5f32-9828-cbb2fbac96a5",
            "dnf": [
                [
                    "c28b87d4-1eae-4246-8a7d-46409b1737fc",
                    "90924742-6eba-4bc4-b10d-2a6c10d5a0f3",
                    "764decca-ee06-4b0d-9ecd-7bdd4b08e159",
                    "ff7414b5-81ec-4243-963d-6e85b6f73b37",
                    "1878accf-edf0-4e3a-a5a3-296e1664d673"
                ]
            ]
        },
        {
            "output_tuple": [
                "Benjamin Kuipers"
            ],
            "tuple_id": "35a0997c-5967-5258-8fd0-a082adbe77f2",
            "dnf": [
                [
                    "bed58f3a-502b-4f9a-9ba3-2ca6805dc29d",
                    "90924742-6eba-4bc4-b10d-2a6c10d5a0f3",
                    "5a67c3c4-28ee-42f1-892a-7ec51bee9f27",
                    "99d689db-c15f-4ad0-afb6-7fc4c55ecd75",
                    "1878accf-edf0-4e3a-a5a3-296e1664d673"
                ],
                [
                    "bed58f3a-502b-4f9a-9ba3-2ca6805dc29d",
                    "90924742-6eba-4bc4-b10d-2a6c10d5a0f3",
                    "63a2ce8b-737e-4ffe-be2a-545cbfe15c62",
                    "99d689db-c15f-4ad0-afb6-7fc4c55ecd75",
                    "1878accf-edf0-4e3a-a5a3-296e1664d673"
                ],
                [
                    "bed58f3a-502b-4f9a-9ba3-2ca6805dc29d",
                    "90924742-6eba-4bc4-b10d-2a6c10d5a0f3",
                    "3dc6ea6f-9a68-457f-a8cd-12e24bd64ca6",
                    "99d689db-c15f-4ad0-afb6-7fc4c55ecd75",
                    "1878accf-edf0-4e3a-a5a3-296e1664d673"
                ],
                [
                    "bed58f3a-502b-4f9a-9ba3-2ca6805dc29d",
                    "90924742-6eba-4bc4-b10d-2a6c10d5a0f3",
                    "3350afbb-a430-49ff-9a74-118f2dab85a4",
                    "99d689db-c15f-4ad0-afb6-7fc4c55ecd75",
                    "1878accf-edf0-4e3a-a5a3-296e1664d673"
                ],
                [
                    "bed58f3a-502b-4f9a-9ba3-2ca6805dc29d",
                    "90924742-6eba-4bc4-b10d-2a6c10d5a0f3",
                    "ecc71785-327e-4fe9-a956-838d4545910a",
                    "e3a82cbf-0313-403e-b548-66b285089b1e",
                    "1878accf-edf0-4e3a-a5a3-296e1664d673"
                ]
            ]
        },
        {
            "output_tuple": [
                "Jong Jin Park"
            ],
            "tuple_id": "3d7db247-e199-58d7-a8d7-33eb47d14463",
            "dnf": [
                [
                    "00ff43f3-6b51-40c9-b2f3-01f3227bb7bf",
                    "90924742-6eba-4bc4-b10d-2a6c10d5a0f3",
                    "3dc6ea6f-9a68-457f-a8cd-12e24bd64ca6",
                    "99d689db-c15f-4ad0-afb6-7fc4c55ecd75",
                    "1878accf-edf0-4e3a-a5a3-296e1664d673"
                ]
            ]
        },
        {
            "output_tuple": [
                "Ryan M. Eustice"
            ],
            "tuple_id": "3dced692-e3de-5bcf-a1e2-a8b9e53badb2",
            "dnf": [
                [
                    "fb65194f-fb53-41ff-aaef-0b9bc00dccab",
                    "90924742-6eba-4bc4-b10d-2a6c10d5a0f3",
                    "9f006055-5cca-4fad-8d20-0327bd9ca174",
                    "99d689db-c15f-4ad0-afb6-7fc4c55ecd75",
                    "1878accf-edf0-4e3a-a5a3-296e1664d673"
                ],
                [
                    "fb65194f-fb53-41ff-aaef-0b9bc00dccab",
                    "90924742-6eba-4bc4-b10d-2a6c10d5a0f3",
                    "1bd326a2-a282-427a-9ae3-dc8f092754b5",
                    "99d689db-c15f-4ad0-afb6-7fc4c55ecd75",
                    "1878accf-edf0-4e3a-a5a3-296e1664d673"
                ],
                [
                    "fb65194f-fb53-41ff-aaef-0b9bc00dccab",
                    "90924742-6eba-4bc4-b10d-2a6c10d5a0f3",
                    "7395f4ed-e169-41e9-b173-d1c60654fe47",
                    "99d689db-c15f-4ad0-afb6-7fc4c55ecd75",
                    "1878accf-edf0-4e3a-a5a3-296e1664d673"
                ],
                [
                    "fb65194f-fb53-41ff-aaef-0b9bc00dccab",
                    "90924742-6eba-4bc4-b10d-2a6c10d5a0f3",
                    "c00a638a-bfaa-4c06-a591-c519dd61624d",
                    "99d689db-c15f-4ad0-afb6-7fc4c55ecd75",
                    "1878accf-edf0-4e3a-a5a3-296e1664d673"
                ],
                [
                    "fb65194f-fb53-41ff-aaef-0b9bc00dccab",
                    "90924742-6eba-4bc4-b10d-2a6c10d5a0f3",
                    "845f2994-f7e8-445a-9bbd-1c100b5bd5b1",
                    "99d689db-c15f-4ad0-afb6-7fc4c55ecd75",
                    "1878accf-edf0-4e3a-a5a3-296e1664d673"
                ],
                [
                    "fb65194f-fb53-41ff-aaef-0b9bc00dccab",
                    "90924742-6eba-4bc4-b10d-2a6c10d5a0f3",
                    "1e6126f4-6245-4c55-a25b-fde9959ac07d",
                    "99d689db-c15f-4ad0-afb6-7fc4c55ecd75",
                    "1878accf-edf0-4e3a-a5a3-296e1664d673"
                ],
                [
                    "fb65194f-fb53-41ff-aaef-0b9bc00dccab",
                    "90924742-6eba-4bc4-b10d-2a6c10d5a0f3",
                    "ce0dcb1f-8176-4409-a107-acb102e160b5",
                    "99d689db-c15f-4ad0-afb6-7fc4c55ecd75",
                    "1878accf-edf0-4e3a-a5a3-296e1664d673"
                ],
                [
                    "fb65194f-fb53-41ff-aaef-0b9bc00dccab",
                    "90924742-6eba-4bc4-b10d-2a6c10d5a0f3",
                    "51727892-c80d-4bbf-a649-6638c52cc3af",
                    "99d689db-c15f-4ad0-afb6-7fc4c55ecd75",
                    "1878accf-edf0-4e3a-a5a3-296e1664d673"
                ],
                [
                    "fb65194f-fb53-41ff-aaef-0b9bc00dccab",
                    "90924742-6eba-4bc4-b10d-2a6c10d5a0f3",
                    "e5af765f-c7a1-4a51-a547-d51af0e29c57",
                    "99d689db-c15f-4ad0-afb6-7fc4c55ecd75",
                    "1878accf-edf0-4e3a-a5a3-296e1664d673"
                ]
            ]
        },
        {
            "output_tuple": [
                "Ilya V. Kolmanovsky"
            ],
            "tuple_id": "45553048-35bf-5c35-abfa-0caeef7b59c8",
            "dnf": [
                [
                    "8018b715-0409-45ad-89fe-a4b5929d057a",
                    "90924742-6eba-4bc4-b10d-2a6c10d5a0f3",
                    "631a2bb5-66bd-4453-8668-2bafd675ac0f",
                    "9b64e31b-f6af-475b-92ce-2b98bf5c7b5e",
                    "1878accf-edf0-4e3a-a5a3-296e1664d673"
                ]
            ]
        },
        {
            "output_tuple": [
                "Subhrajit Bhattacharya"
            ],
            "tuple_id": "4b85af18-6133-52b9-8cd6-db26003d1819",
            "dnf": [
                [
                    "a56ec8a3-e121-4dfe-ad59-a4a8b58ce0db",
                    "90924742-6eba-4bc4-b10d-2a6c10d5a0f3",
                    "20ba22e6-f323-446f-b3a5-79522f8170ff",
                    "99d689db-c15f-4ad0-afb6-7fc4c55ecd75",
                    "1878accf-edf0-4e3a-a5a3-296e1664d673"
                ],
                [
                    "a56ec8a3-e121-4dfe-ad59-a4a8b58ce0db",
                    "90924742-6eba-4bc4-b10d-2a6c10d5a0f3",
                    "3330a784-173b-49e8-a0fe-b3e5560bc051",
                    "99d689db-c15f-4ad0-afb6-7fc4c55ecd75",
                    "1878accf-edf0-4e3a-a5a3-296e1664d673"
                ]
            ]
        },
        {
            "output_tuple": [
                "Yanhua Chen"
            ],
            "tuple_id": "4c412000-4810-5992-b704-f1247bca8395",
            "dnf": [
                [
                    "9871bb0f-374e-4ec3-9b56-8cd7d64dbd9f",
                    "90924742-6eba-4bc4-b10d-2a6c10d5a0f3",
                    "3c66f628-1f26-46e7-8bd4-3e4cace5505f",
                    "9b64e31b-f6af-475b-92ce-2b98bf5c7b5e",
                    "1878accf-edf0-4e3a-a5a3-296e1664d673"
                ],
                [
                    "9871bb0f-374e-4ec3-9b56-8cd7d64dbd9f",
                    "90924742-6eba-4bc4-b10d-2a6c10d5a0f3",
                    "bc5917d1-93dc-4e76-85aa-96a133baf831",
                    "9b64e31b-f6af-475b-92ce-2b98bf5c7b5e",
                    "1878accf-edf0-4e3a-a5a3-296e1664d673"
                ]
            ]
        },
        {
            "output_tuple": [
                "Scott Reed"
            ],
            "tuple_id": "4e8f893b-04ab-5587-a639-233caa184eb3",
            "dnf": [
                [
                    "e59f3f6d-9964-4cc8-b1ea-45023f23ad59",
                    "90924742-6eba-4bc4-b10d-2a6c10d5a0f3",
                    "249386c8-c67f-44ea-a128-ad2b46d3873e",
                    "e3a82cbf-0313-403e-b548-66b285089b1e",
                    "1878accf-edf0-4e3a-a5a3-296e1664d673"
                ]
            ]
        },
        {
            "output_tuple": [
                "Roni Mittelman"
            ],
            "tuple_id": "50622cc1-0839-5b1e-a36f-62f48ff9aed5",
            "dnf": [
                [
                    "fa510301-0b7b-4b0d-98d0-f6aea64c2fc5",
                    "90924742-6eba-4bc4-b10d-2a6c10d5a0f3",
                    "ecc71785-327e-4fe9-a956-838d4545910a",
                    "e3a82cbf-0313-403e-b548-66b285089b1e",
                    "1878accf-edf0-4e3a-a5a3-296e1664d673"
                ]
            ]
        },
        {
            "output_tuple": [
                "Alireza Ramezani"
            ],
            "tuple_id": "555110be-bc63-52b1-9793-00c437435c47",
            "dnf": [
                [
                    "349e66a6-fc8c-4b1b-9679-8cd53090f5a2",
                    "90924742-6eba-4bc4-b10d-2a6c10d5a0f3",
                    "6eb32472-24b1-463a-bde8-f0a34b72d271",
                    "99d689db-c15f-4ad0-afb6-7fc4c55ecd75",
                    "1878accf-edf0-4e3a-a5a3-296e1664d673"
                ]
            ]
        },
        {
            "output_tuple": [
                "Monica A. Daley"
            ],
            "tuple_id": "59ef8b0b-cea3-58c3-888d-9460860b09ee",
            "dnf": [
                [
                    "6a832a07-e036-422c-b641-61d8eb3d8978",
                    "90924742-6eba-4bc4-b10d-2a6c10d5a0f3",
                    "10910011-7c7c-4cb1-8132-5e3530a031ed",
                    "99d689db-c15f-4ad0-afb6-7fc4c55ecd75",
                    "1878accf-edf0-4e3a-a5a3-296e1664d673"
                ]
            ]
        },
        {
            "output_tuple": [
                "Hafiz Malik"
            ],
            "tuple_id": "61abb1e0-c1e0-53a3-90bb-5d1f810b4957",
            "dnf": [
                [
                    "4bad7e87-3e65-4120-8d81-08aa8a01d075",
                    "90924742-6eba-4bc4-b10d-2a6c10d5a0f3",
                    "286b7841-f012-4d5f-a03e-36d65c09c842",
                    "d35826de-4ee7-44d4-8121-98cc548b721a",
                    "1878accf-edf0-4e3a-a5a3-296e1664d673"
                ],
                [
                    "4bad7e87-3e65-4120-8d81-08aa8a01d075",
                    "90924742-6eba-4bc4-b10d-2a6c10d5a0f3",
                    "02979d7c-628c-4c60-920e-d74b8b25e6c7",
                    "9b64e31b-f6af-475b-92ce-2b98bf5c7b5e",
                    "1878accf-edf0-4e3a-a5a3-296e1664d673"
                ]
            ]
        },
        {
            "output_tuple": [
                "Gowtham Bellala"
            ],
            "tuple_id": "623c5821-01fe-5d0c-83aa-4f6c80b143fb",
            "dnf": [
                [
                    "2f050879-fc74-4882-9cac-e206ebb84398",
                    "90924742-6eba-4bc4-b10d-2a6c10d5a0f3",
                    "ac6d9826-efe0-4abe-a331-ec70aaf3fa9c",
                    "84e052ad-1172-4d63-bc64-57641f93942a",
                    "1878accf-edf0-4e3a-a5a3-296e1664d673"
                ]
            ]
        },
        {
            "output_tuple": [
                "Erik Talvitie"
            ],
            "tuple_id": "635937f6-5f39-5de5-addd-f4974a248b63",
            "dnf": [
                [
                    "ea8db5b6-07d4-4ee3-9fab-ed6c2edea61c",
                    "90924742-6eba-4bc4-b10d-2a6c10d5a0f3",
                    "7e834a76-3208-4c8c-843e-f70d9ad2aac9",
                    "e3a82cbf-0313-403e-b548-66b285089b1e",
                    "1878accf-edf0-4e3a-a5a3-296e1664d673"
                ],
                [
                    "ea8db5b6-07d4-4ee3-9fab-ed6c2edea61c",
                    "90924742-6eba-4bc4-b10d-2a6c10d5a0f3",
                    "7eeaeb7e-3a76-467e-b165-7c08569f297a",
                    "ff7414b5-81ec-4243-963d-6e85b6f73b37",
                    "1878accf-edf0-4e3a-a5a3-296e1664d673"
                ]
            ]
        },
        {
            "output_tuple": [
                "Ashwin Kashyap"
            ],
            "tuple_id": "639dd83e-fd3f-50ef-8178-d7d303899fa2",
            "dnf": [
                [
                    "3b1bdb27-f1cb-490d-856d-ac43058141a5",
                    "90924742-6eba-4bc4-b10d-2a6c10d5a0f3",
                    "796d491f-6eec-4246-ab17-0adaa788a89e",
                    "84e052ad-1172-4d63-bc64-57641f93942a",
                    "1878accf-edf0-4e3a-a5a3-296e1664d673"
                ]
            ]
        },
        {
            "output_tuple": [
                "Michael P. Wellman"
            ],
            "tuple_id": "66f8c5bd-ee82-59cd-9b24-dc80394fc4f2",
            "dnf": [
                [
                    "70ac8e74-7190-4564-a81c-6a18eb8d99a8",
                    "90924742-6eba-4bc4-b10d-2a6c10d5a0f3",
                    "aaca5573-9b14-465a-aad0-8ae88aef7d7d",
                    "84e052ad-1172-4d63-bc64-57641f93942a",
                    "1878accf-edf0-4e3a-a5a3-296e1664d673"
                ],
                [
                    "70ac8e74-7190-4564-a81c-6a18eb8d99a8",
                    "90924742-6eba-4bc4-b10d-2a6c10d5a0f3",
                    "c9e3951d-27bb-4fad-b275-77a3fb6b853f",
                    "84e052ad-1172-4d63-bc64-57641f93942a",
                    "1878accf-edf0-4e3a-a5a3-296e1664d673"
                ]
            ]
        },
        {
            "output_tuple": [
                "Ayoung Kim"
            ],
            "tuple_id": "6a9e5b4c-99f0-5073-8e6c-c52f0ecfef3c",
            "dnf": [
                [
                    "afbabb1d-4b68-47fc-b32d-f1b1123f6de9",
                    "90924742-6eba-4bc4-b10d-2a6c10d5a0f3",
                    "9f006055-5cca-4fad-8d20-0327bd9ca174",
                    "99d689db-c15f-4ad0-afb6-7fc4c55ecd75",
                    "1878accf-edf0-4e3a-a5a3-296e1664d673"
                ],
                [
                    "afbabb1d-4b68-47fc-b32d-f1b1123f6de9",
                    "90924742-6eba-4bc4-b10d-2a6c10d5a0f3",
                    "7395f4ed-e169-41e9-b173-d1c60654fe47",
                    "99d689db-c15f-4ad0-afb6-7fc4c55ecd75",
                    "1878accf-edf0-4e3a-a5a3-296e1664d673"
                ]
            ]
        },
        {
            "output_tuple": [
                "Mary Wootters"
            ],
            "tuple_id": "6da1c677-60c3-5733-8066-9730b7e0d0c6",
            "dnf": [
                [
                    "b60d4b6d-ddff-48eb-ab9f-c2769e5bd40e",
                    "90924742-6eba-4bc4-b10d-2a6c10d5a0f3",
                    "7e2d04c8-f520-497b-b20a-a21f27278dc1",
                    "17da8e39-be01-4f76-ac67-31396b61f54c",
                    "1878accf-edf0-4e3a-a5a3-296e1664d673"
                ]
            ]
        },
        {
            "output_tuple": [
                "Honglak Lee"
            ],
            "tuple_id": "6fe0cf20-2bd6-538c-916c-c2f7c947cda0",
            "dnf": [
                [
                    "80a25641-c850-4acc-aec1-4c99ad7679fa",
                    "90924742-6eba-4bc4-b10d-2a6c10d5a0f3",
                    "6f6ae6a7-25f3-4083-b70d-91c5f3c535df",
                    "e3a82cbf-0313-403e-b548-66b285089b1e",
                    "1878accf-edf0-4e3a-a5a3-296e1664d673"
                ],
                [
                    "80a25641-c850-4acc-aec1-4c99ad7679fa",
                    "90924742-6eba-4bc4-b10d-2a6c10d5a0f3",
                    "074fac04-f8e3-4291-94ee-91bd0335c1ae",
                    "ff7414b5-81ec-4243-963d-6e85b6f73b37",
                    "1878accf-edf0-4e3a-a5a3-296e1664d673"
                ],
                [
                    "80a25641-c850-4acc-aec1-4c99ad7679fa",
                    "90924742-6eba-4bc4-b10d-2a6c10d5a0f3",
                    "ff46121d-4566-4193-b90a-41606b10bb7d",
                    "e3a82cbf-0313-403e-b548-66b285089b1e",
                    "1878accf-edf0-4e3a-a5a3-296e1664d673"
                ],
                [
                    "80a25641-c850-4acc-aec1-4c99ad7679fa",
                    "90924742-6eba-4bc4-b10d-2a6c10d5a0f3",
                    "c6f8ecf0-ebe0-401f-923b-54985f4f837d",
                    "e3a82cbf-0313-403e-b548-66b285089b1e",
                    "1878accf-edf0-4e3a-a5a3-296e1664d673"
                ],
                [
                    "80a25641-c850-4acc-aec1-4c99ad7679fa",
                    "90924742-6eba-4bc4-b10d-2a6c10d5a0f3",
                    "249386c8-c67f-44ea-a128-ad2b46d3873e",
                    "e3a82cbf-0313-403e-b548-66b285089b1e",
                    "1878accf-edf0-4e3a-a5a3-296e1664d673"
                ],
                [
                    "80a25641-c850-4acc-aec1-4c99ad7679fa",
                    "90924742-6eba-4bc4-b10d-2a6c10d5a0f3",
                    "4d86d25f-0fff-4fae-9d1f-0d94a08a8ea5",
                    "ff7414b5-81ec-4243-963d-6e85b6f73b37",
                    "1878accf-edf0-4e3a-a5a3-296e1664d673"
                ],
                [
                    "80a25641-c850-4acc-aec1-4c99ad7679fa",
                    "90924742-6eba-4bc4-b10d-2a6c10d5a0f3",
                    "ecc71785-327e-4fe9-a956-838d4545910a",
                    "e3a82cbf-0313-403e-b548-66b285089b1e",
                    "1878accf-edf0-4e3a-a5a3-296e1664d673"
                ],
                [
                    "80a25641-c850-4acc-aec1-4c99ad7679fa",
                    "90924742-6eba-4bc4-b10d-2a6c10d5a0f3",
                    "3c0cd0ca-2ab1-40fb-8877-bb4df08bbe3b",
                    "ff7414b5-81ec-4243-963d-6e85b6f73b37",
                    "1878accf-edf0-4e3a-a5a3-296e1664d673"
                ],
                [
                    "80a25641-c850-4acc-aec1-4c99ad7679fa",
                    "90924742-6eba-4bc4-b10d-2a6c10d5a0f3",
                    "430a5d3a-ace7-4def-8e19-5f4757de1083",
                    "ff7414b5-81ec-4243-963d-6e85b6f73b37",
                    "1878accf-edf0-4e3a-a5a3-296e1664d673"
                ]
            ]
        },
        {
            "output_tuple": [
                "J. Viswanathan"
            ],
            "tuple_id": "7105899d-2ef1-5303-811f-77e55060812c",
            "dnf": [
                [
                    "edf754bd-31bf-49b4-8daf-5f462f686546",
                    "90924742-6eba-4bc4-b10d-2a6c10d5a0f3",
                    "ff911c74-fe03-4430-b7b5-59ed366a1ca0",
                    "fea41cd4-bc1c-4cd5-989e-81ac118699c5",
                    "1878accf-edf0-4e3a-a5a3-296e1664d673"
                ]
            ]
        },
        {
            "output_tuple": [
                "Clayton D. Scott"
            ],
            "tuple_id": "72722b19-ebe9-5a44-b307-46e2e169566e",
            "dnf": [
                [
                    "96e4751e-fb94-46e1-a9da-a4fe32ed9825",
                    "90924742-6eba-4bc4-b10d-2a6c10d5a0f3",
                    "abc3db83-ee8d-42f2-a595-99202a33e759",
                    "ff7414b5-81ec-4243-963d-6e85b6f73b37",
                    "1878accf-edf0-4e3a-a5a3-296e1664d673"
                ],
                [
                    "96e4751e-fb94-46e1-a9da-a4fe32ed9825",
                    "90924742-6eba-4bc4-b10d-2a6c10d5a0f3",
                    "aee1bebe-27aa-4e11-9607-78c7e5e3c219",
                    "17da8e39-be01-4f76-ac67-31396b61f54c",
                    "1878accf-edf0-4e3a-a5a3-296e1664d673"
                ],
                [
                    "96e4751e-fb94-46e1-a9da-a4fe32ed9825",
                    "90924742-6eba-4bc4-b10d-2a6c10d5a0f3",
                    "4e2ff780-e9c5-4228-a0db-4c9201f7bab1",
                    "e3a82cbf-0313-403e-b548-66b285089b1e",
                    "1878accf-edf0-4e3a-a5a3-296e1664d673"
                ]
            ]
        },
        {
            "output_tuple": [
                "Gaurav Pandey"
            ],
            "tuple_id": "75379eb7-8028-525b-88c5-bbb2b8f4e6ef",
            "dnf": [
                [
                    "fec468c6-efa9-48ea-8787-bec111921518",
                    "90924742-6eba-4bc4-b10d-2a6c10d5a0f3",
                    "ce0dcb1f-8176-4409-a107-acb102e160b5",
                    "99d689db-c15f-4ad0-afb6-7fc4c55ecd75",
                    "1878accf-edf0-4e3a-a5a3-296e1664d673"
                ],
                [
                    "fec468c6-efa9-48ea-8787-bec111921518",
                    "90924742-6eba-4bc4-b10d-2a6c10d5a0f3",
                    "74a4d341-8695-4d69-ab06-4b69c19fb700",
                    "e3a82cbf-0313-403e-b548-66b285089b1e",
                    "1878accf-edf0-4e3a-a5a3-296e1664d673"
                ]
            ]
        },
        {
            "output_tuple": [
                "Ruoqian Liu"
            ],
            "tuple_id": "793e4e29-3f80-5b31-bc23-c7a18c5fe953",
            "dnf": [
                [
                    "3097238d-ff3a-4f7c-8e49-5c5fefce5b95",
                    "90924742-6eba-4bc4-b10d-2a6c10d5a0f3",
                    "5018063c-8cb2-4dc1-81c1-5a419113d652",
                    "9b64e31b-f6af-475b-92ce-2b98bf5c7b5e",
                    "1878accf-edf0-4e3a-a5a3-296e1664d673"
                ],
                [
                    "3097238d-ff3a-4f7c-8e49-5c5fefce5b95",
                    "90924742-6eba-4bc4-b10d-2a6c10d5a0f3",
                    "993b3db9-45b6-4613-b257-fb45894da91a",
                    "78ebec57-7211-457b-be91-827918e1dd72",
                    "1878accf-edf0-4e3a-a5a3-296e1664d673"
                ]
            ]
        },
        {
            "output_tuple": [
                "Jason Stanley"
            ],
            "tuple_id": "7b616b1a-9d93-5193-826e-90a03d45030e",
            "dnf": [
                [
                    "87c2d3fe-7c55-40c5-9e4a-539b5592a78f",
                    "90924742-6eba-4bc4-b10d-2a6c10d5a0f3",
                    "ac6d9826-efe0-4abe-a331-ec70aaf3fa9c",
                    "84e052ad-1172-4d63-bc64-57641f93942a",
                    "1878accf-edf0-4e3a-a5a3-296e1664d673"
                ]
            ]
        },
        {
            "output_tuple": [
                "Yangming Li"
            ],
            "tuple_id": "7c6b869f-3e37-5b4b-a464-76f3bb0dd8f0",
            "dnf": [
                [
                    "f5883f33-c040-4478-964d-1a210dcbdad0",
                    "90924742-6eba-4bc4-b10d-2a6c10d5a0f3",
                    "a83facb4-9efb-4e63-b51f-ac051ad7640a",
                    "99d689db-c15f-4ad0-afb6-7fc4c55ecd75",
                    "1878accf-edf0-4e3a-a5a3-296e1664d673"
                ]
            ]
        },
        {
            "output_tuple": [
                "Calvin McCarter"
            ],
            "tuple_id": "7db102f9-3d50-5aaa-b900-25b77035e904",
            "dnf": [
                [
                    "82390633-c79e-4db3-b6e1-39c6200d618e",
                    "90924742-6eba-4bc4-b10d-2a6c10d5a0f3",
                    "8f7a979a-0cf3-4b74-b05f-d9e2c0937bc6",
                    "ff7414b5-81ec-4243-963d-6e85b6f73b37",
                    "1878accf-edf0-4e3a-a5a3-296e1664d673"
                ]
            ]
        },
        {
            "output_tuple": [
                "Ryan D. Morton"
            ],
            "tuple_id": "88c0585a-db2c-5bdd-a5ee-9f1f0f36b34f",
            "dnf": [
                [
                    "90f75289-25c8-4e1d-a501-2a5f2d7b4e72",
                    "90924742-6eba-4bc4-b10d-2a6c10d5a0f3",
                    "6031663d-744a-489d-a2c8-597962b140c5",
                    "99d689db-c15f-4ad0-afb6-7fc4c55ecd75",
                    "1878accf-edf0-4e3a-a5a3-296e1664d673"
                ],
                [
                    "90f75289-25c8-4e1d-a501-2a5f2d7b4e72",
                    "90924742-6eba-4bc4-b10d-2a6c10d5a0f3",
                    "8cdb56cc-2133-49be-95bc-65b4ae0ee874",
                    "99d689db-c15f-4ad0-afb6-7fc4c55ecd75",
                    "1878accf-edf0-4e3a-a5a3-296e1664d673"
                ]
            ]
        },
        {
            "output_tuple": [
                "Hae-Won Park"
            ],
            "tuple_id": "8c581a31-c26b-5b4f-9ea5-59d285e51c6d",
            "dnf": [
                [
                    "7834f550-6dd9-4813-ac09-bcc06f8b3e68",
                    "90924742-6eba-4bc4-b10d-2a6c10d5a0f3",
                    "c18cd7ca-b0b0-491e-850e-d9e7e30271a7",
                    "99d689db-c15f-4ad0-afb6-7fc4c55ecd75",
                    "1878accf-edf0-4e3a-a5a3-296e1664d673"
                ]
            ]
        },
        {
            "output_tuple": [
                "Anush Mohan"
            ],
            "tuple_id": "8e8887ac-db36-5203-a891-3046e3c3afe4",
            "dnf": [
                [
                    "e705565d-691c-4984-904c-6dce41d062cd",
                    "90924742-6eba-4bc4-b10d-2a6c10d5a0f3",
                    "51727892-c80d-4bbf-a649-6638c52cc3af",
                    "99d689db-c15f-4ad0-afb6-7fc4c55ecd75",
                    "1878accf-edf0-4e3a-a5a3-296e1664d673"
                ]
            ]
        },
        {
            "output_tuple": [
                "Jessy W. Grizzle"
            ],
            "tuple_id": "95d093ad-b7d9-532e-867c-8edc0de5a332",
            "dnf": [
                [
                    "c4c94b90-c3e8-4b38-b284-d41e52c7c391",
                    "90924742-6eba-4bc4-b10d-2a6c10d5a0f3",
                    "6eb32472-24b1-463a-bde8-f0a34b72d271",
                    "99d689db-c15f-4ad0-afb6-7fc4c55ecd75",
                    "1878accf-edf0-4e3a-a5a3-296e1664d673"
                ]
            ]
        },
        {
            "output_tuple": [
                "Huei Peng"
            ],
            "tuple_id": "965cb1db-6503-55e8-9022-489a2f8ee1f4",
            "dnf": [
                [
                    "65375441-9ace-44d2-b6e7-e5b6f4678ec0",
                    "90924742-6eba-4bc4-b10d-2a6c10d5a0f3",
                    "941de0c7-ba31-4267-95e4-a95ac783013f",
                    "99d689db-c15f-4ad0-afb6-7fc4c55ecd75",
                    "1878accf-edf0-4e3a-a5a3-296e1664d673"
                ]
            ]
        },
        {
            "output_tuple": [
                "Edwin Olson"
            ],
            "tuple_id": "9db99bf7-b0de-5750-a22d-023a1222ef4e",
            "dnf": [
                [
                    "490d75b9-145d-4353-8fbe-6b7da431311d",
                    "90924742-6eba-4bc4-b10d-2a6c10d5a0f3",
                    "8cdb56cc-2133-49be-95bc-65b4ae0ee874",
                    "99d689db-c15f-4ad0-afb6-7fc4c55ecd75",
                    "1878accf-edf0-4e3a-a5a3-296e1664d673"
                ],
                [
                    "490d75b9-145d-4353-8fbe-6b7da431311d",
                    "90924742-6eba-4bc4-b10d-2a6c10d5a0f3",
                    "6031663d-744a-489d-a2c8-597962b140c5",
                    "99d689db-c15f-4ad0-afb6-7fc4c55ecd75",
                    "1878accf-edf0-4e3a-a5a3-296e1664d673"
                ],
                [
                    "490d75b9-145d-4353-8fbe-6b7da431311d",
                    "90924742-6eba-4bc4-b10d-2a6c10d5a0f3",
                    "aaebeca9-f568-48de-ae61-59c56e129287",
                    "99d689db-c15f-4ad0-afb6-7fc4c55ecd75",
                    "1878accf-edf0-4e3a-a5a3-296e1664d673"
                ],
                [
                    "490d75b9-145d-4353-8fbe-6b7da431311d",
                    "90924742-6eba-4bc4-b10d-2a6c10d5a0f3",
                    "32c0c631-efcc-40cf-b79b-4184414e853a",
                    "99d689db-c15f-4ad0-afb6-7fc4c55ecd75",
                    "1878accf-edf0-4e3a-a5a3-296e1664d673"
                ],
                [
                    "490d75b9-145d-4353-8fbe-6b7da431311d",
                    "90924742-6eba-4bc4-b10d-2a6c10d5a0f3",
                    "d6c64f56-b048-4715-ab36-0782f2938756",
                    "99d689db-c15f-4ad0-afb6-7fc4c55ecd75",
                    "1878accf-edf0-4e3a-a5a3-296e1664d673"
                ],
                [
                    "490d75b9-145d-4353-8fbe-6b7da431311d",
                    "90924742-6eba-4bc4-b10d-2a6c10d5a0f3",
                    "74323f41-5cdc-48d4-b7dd-9b86bde7553e",
                    "99d689db-c15f-4ad0-afb6-7fc4c55ecd75",
                    "1878accf-edf0-4e3a-a5a3-296e1664d673"
                ],
                [
                    "490d75b9-145d-4353-8fbe-6b7da431311d",
                    "90924742-6eba-4bc4-b10d-2a6c10d5a0f3",
                    "a83facb4-9efb-4e63-b51f-ac051ad7640a",
                    "99d689db-c15f-4ad0-afb6-7fc4c55ecd75",
                    "1878accf-edf0-4e3a-a5a3-296e1664d673"
                ],
                [
                    "490d75b9-145d-4353-8fbe-6b7da431311d",
                    "90924742-6eba-4bc4-b10d-2a6c10d5a0f3",
                    "9aac821c-577c-4bd2-b363-bd7780a3f2e5",
                    "99d689db-c15f-4ad0-afb6-7fc4c55ecd75",
                    "1878accf-edf0-4e3a-a5a3-296e1664d673"
                ],
                [
                    "490d75b9-145d-4353-8fbe-6b7da431311d",
                    "90924742-6eba-4bc4-b10d-2a6c10d5a0f3",
                    "563edd74-a92a-439d-9127-61f2d292d084",
                    "99d689db-c15f-4ad0-afb6-7fc4c55ecd75",
                    "1878accf-edf0-4e3a-a5a3-296e1664d673"
                ],
                [
                    "490d75b9-145d-4353-8fbe-6b7da431311d",
                    "90924742-6eba-4bc4-b10d-2a6c10d5a0f3",
                    "1a76568a-1af2-4c80-92ce-84d59b644b3d",
                    "99d689db-c15f-4ad0-afb6-7fc4c55ecd75",
                    "1878accf-edf0-4e3a-a5a3-296e1664d673"
                ],
                [
                    "490d75b9-145d-4353-8fbe-6b7da431311d",
                    "90924742-6eba-4bc4-b10d-2a6c10d5a0f3",
                    "86445b49-eba5-4044-9124-cb45101acde6",
                    "99d689db-c15f-4ad0-afb6-7fc4c55ecd75",
                    "1878accf-edf0-4e3a-a5a3-296e1664d673"
                ],
                [
                    "490d75b9-145d-4353-8fbe-6b7da431311d",
                    "90924742-6eba-4bc4-b10d-2a6c10d5a0f3",
                    "87e811e6-09a6-4131-be96-40a8dbfdbe63",
                    "99d689db-c15f-4ad0-afb6-7fc4c55ecd75",
                    "1878accf-edf0-4e3a-a5a3-296e1664d673"
                ],
                [
                    "490d75b9-145d-4353-8fbe-6b7da431311d",
                    "90924742-6eba-4bc4-b10d-2a6c10d5a0f3",
                    "50589191-5e76-4dd1-9c67-00290d9fe9a5",
                    "99d689db-c15f-4ad0-afb6-7fc4c55ecd75",
                    "1878accf-edf0-4e3a-a5a3-296e1664d673"
                ],
                [
                    "490d75b9-145d-4353-8fbe-6b7da431311d",
                    "90924742-6eba-4bc4-b10d-2a6c10d5a0f3",
                    "7db4346c-7f9f-4468-8ab1-06403dbad40d",
                    "99d689db-c15f-4ad0-afb6-7fc4c55ecd75",
                    "1878accf-edf0-4e3a-a5a3-296e1664d673"
                ]
            ]
        },
        {
            "output_tuple": [
                "M. Abul Masrur"
            ],
            "tuple_id": "9ede510c-6a0f-5605-9308-a14509448d27",
            "dnf": [
                [
                    "85564950-1d37-4d39-964d-8baba00257e1",
                    "90924742-6eba-4bc4-b10d-2a6c10d5a0f3",
                    "fb3bcbec-fa3d-4867-983e-5cb15fa80c1a",
                    "9b64e31b-f6af-475b-92ce-2b98bf5c7b5e",
                    "1878accf-edf0-4e3a-a5a3-296e1664d673"
                ]
            ]
        },
        {
            "output_tuple": [
                "Sean Gerrish"
            ],
            "tuple_id": "a1188371-6519-5d90-b3f3-485148b52f46",
            "dnf": [
                [
                    "294cc532-d1c1-453a-a34d-19d1103b4b1e",
                    "90924742-6eba-4bc4-b10d-2a6c10d5a0f3",
                    "53dc7ff4-2bd7-4936-a21d-f790c7729ff6",
                    "ff7414b5-81ec-4243-963d-6e85b6f73b37",
                    "1878accf-edf0-4e3a-a5a3-296e1664d673"
                ],
                [
                    "294cc532-d1c1-453a-a34d-19d1103b4b1e",
                    "90924742-6eba-4bc4-b10d-2a6c10d5a0f3",
                    "cb37d560-7bcf-4c7e-ae75-e1168c60186d",
                    "e3a82cbf-0313-403e-b548-66b285089b1e",
                    "1878accf-edf0-4e3a-a5a3-296e1664d673"
                ],
                [
                    "294cc532-d1c1-453a-a34d-19d1103b4b1e",
                    "90924742-6eba-4bc4-b10d-2a6c10d5a0f3",
                    "aa0c5d7d-bd67-4f3f-8a05-2cc565f6c380",
                    "ff7414b5-81ec-4243-963d-6e85b6f73b37",
                    "1878accf-edf0-4e3a-a5a3-296e1664d673"
                ]
            ]
        },
        {
            "output_tuple": [
                "Yi Lu Murphey"
            ],
            "tuple_id": "a4cde769-82f7-5c2e-a871-16acba8bd17a",
            "dnf": [
                [
                    "4ab312f9-d69c-4c9a-ba68-c383f6d6d199",
                    "90924742-6eba-4bc4-b10d-2a6c10d5a0f3",
                    "1d55c0cc-27c5-449e-9766-4f335b7d19bd",
                    "9b64e31b-f6af-475b-92ce-2b98bf5c7b5e",
                    "1878accf-edf0-4e3a-a5a3-296e1664d673"
                ],
                [
                    "4ab312f9-d69c-4c9a-ba68-c383f6d6d199",
                    "90924742-6eba-4bc4-b10d-2a6c10d5a0f3",
                    "c4a4e376-028b-49b6-b6c8-6f67217ebccf",
                    "9b64e31b-f6af-475b-92ce-2b98bf5c7b5e",
                    "1878accf-edf0-4e3a-a5a3-296e1664d673"
                ],
                [
                    "4ab312f9-d69c-4c9a-ba68-c383f6d6d199",
                    "90924742-6eba-4bc4-b10d-2a6c10d5a0f3",
                    "5cfad26c-d29f-4032-ab16-09d791e7854a",
                    "d35826de-4ee7-44d4-8121-98cc548b721a",
                    "1878accf-edf0-4e3a-a5a3-296e1664d673"
                ],
                [
                    "4ab312f9-d69c-4c9a-ba68-c383f6d6d199",
                    "90924742-6eba-4bc4-b10d-2a6c10d5a0f3",
                    "cb7af672-fe63-4c54-9421-8ef707451253",
                    "d35826de-4ee7-44d4-8121-98cc548b721a",
                    "1878accf-edf0-4e3a-a5a3-296e1664d673"
                ],
                [
                    "4ab312f9-d69c-4c9a-ba68-c383f6d6d199",
                    "90924742-6eba-4bc4-b10d-2a6c10d5a0f3",
                    "14f44b11-e361-4b03-a57c-662722c32cae",
                    "9b64e31b-f6af-475b-92ce-2b98bf5c7b5e",
                    "1878accf-edf0-4e3a-a5a3-296e1664d673"
                ],
                [
                    "4ab312f9-d69c-4c9a-ba68-c383f6d6d199",
                    "90924742-6eba-4bc4-b10d-2a6c10d5a0f3",
                    "77c44bf2-8469-46e8-b436-62303af8c066",
                    "9b64e31b-f6af-475b-92ce-2b98bf5c7b5e",
                    "1878accf-edf0-4e3a-a5a3-296e1664d673"
                ],
                [
                    "4ab312f9-d69c-4c9a-ba68-c383f6d6d199",
                    "90924742-6eba-4bc4-b10d-2a6c10d5a0f3",
                    "fb3bcbec-fa3d-4867-983e-5cb15fa80c1a",
                    "9b64e31b-f6af-475b-92ce-2b98bf5c7b5e",
                    "1878accf-edf0-4e3a-a5a3-296e1664d673"
                ],
                [
                    "4ab312f9-d69c-4c9a-ba68-c383f6d6d199",
                    "90924742-6eba-4bc4-b10d-2a6c10d5a0f3",
                    "ef3e32a0-ad2e-41b3-a8a3-24406524d412",
                    "9b64e31b-f6af-475b-92ce-2b98bf5c7b5e",
                    "1878accf-edf0-4e3a-a5a3-296e1664d673"
                ],
                [
                    "4ab312f9-d69c-4c9a-ba68-c383f6d6d199",
                    "90924742-6eba-4bc4-b10d-2a6c10d5a0f3",
                    "7d65cb60-8b92-44f5-a826-826cb9618443",
                    "d35826de-4ee7-44d4-8121-98cc548b721a",
                    "1878accf-edf0-4e3a-a5a3-296e1664d673"
                ],
                [
                    "4ab312f9-d69c-4c9a-ba68-c383f6d6d199",
                    "90924742-6eba-4bc4-b10d-2a6c10d5a0f3",
                    "5018063c-8cb2-4dc1-81c1-5a419113d652",
                    "9b64e31b-f6af-475b-92ce-2b98bf5c7b5e",
                    "1878accf-edf0-4e3a-a5a3-296e1664d673"
                ],
                [
                    "4ab312f9-d69c-4c9a-ba68-c383f6d6d199",
                    "90924742-6eba-4bc4-b10d-2a6c10d5a0f3",
                    "993b3db9-45b6-4613-b257-fb45894da91a",
                    "78ebec57-7211-457b-be91-827918e1dd72",
                    "1878accf-edf0-4e3a-a5a3-296e1664d673"
                ]
            ]
        },
        {
            "output_tuple": [
                "Qiaozhu Mei"
            ],
            "tuple_id": "a888777a-6cbd-5d97-bf2d-c5ea0b97300f",
            "dnf": [
                [
                    "d3c15744-d110-47ea-82a1-5152eab6bc0a",
                    "90924742-6eba-4bc4-b10d-2a6c10d5a0f3",
                    "c0df11cc-05c9-4d5b-bbc7-d4127a13b509",
                    "e3a82cbf-0313-403e-b548-66b285089b1e",
                    "1878accf-edf0-4e3a-a5a3-296e1664d673"
                ],
                [
                    "d3c15744-d110-47ea-82a1-5152eab6bc0a",
                    "90924742-6eba-4bc4-b10d-2a6c10d5a0f3",
                    "b0d8dcd0-7d2a-4445-91bf-b4a9cbf5a437",
                    "ff7414b5-81ec-4243-963d-6e85b6f73b37",
                    "1878accf-edf0-4e3a-a5a3-296e1664d673"
                ]
            ]
        },
        {
            "output_tuple": [
                "Douglas C. Noll"
            ],
            "tuple_id": "ab79b3d8-3c8a-5090-b9b8-5e029e543047",
            "dnf": [
                [
                    "556b7a59-6078-4003-a48c-a137b8304b4a",
                    "90924742-6eba-4bc4-b10d-2a6c10d5a0f3",
                    "fe1e09f4-ad46-474b-9d8b-aeda2c2a36ee",
                    "9b64e31b-f6af-475b-92ce-2b98bf5c7b5e",
                    "1878accf-edf0-4e3a-a5a3-296e1664d673"
                ]
            ]
        },
        {
            "output_tuple": [
                "Daniel J. Lizotte"
            ],
            "tuple_id": "acdf70de-36cd-5cdc-ace4-312a341e3a1e",
            "dnf": [
                [
                    "c4f68a6b-589f-4dcc-95f5-3af7bc32eb26",
                    "90924742-6eba-4bc4-b10d-2a6c10d5a0f3",
                    "739e7085-030d-4f97-9673-b36277b04ff4",
                    "84e052ad-1172-4d63-bc64-57641f93942a",
                    "1878accf-edf0-4e3a-a5a3-296e1664d673"
                ]
            ]
        },
        {
            "output_tuple": [
                "Zhenzhong Jia"
            ],
            "tuple_id": "af9181f6-50e2-5f29-94aa-0deea6d8ba78",
            "dnf": [
                [
                    "5228904e-b0d7-4e00-a88b-a0b7bdd758be",
                    "90924742-6eba-4bc4-b10d-2a6c10d5a0f3",
                    "941de0c7-ba31-4267-95e4-a95ac783013f",
                    "99d689db-c15f-4ad0-afb6-7fc4c55ecd75",
                    "1878accf-edf0-4e3a-a5a3-296e1664d673"
                ]
            ]
        },
        {
            "output_tuple": [
                "Chih-Wei Wang"
            ],
            "tuple_id": "b4878ce3-c013-5fbc-9c69-b5c86ed11de0",
            "dnf": [
                [
                    "d5782fff-c004-4d54-a3df-b1b174854b1e",
                    "90924742-6eba-4bc4-b10d-2a6c10d5a0f3",
                    "4ec4300c-23a2-497d-91dc-7b9e10682c0c",
                    "ec3a5a90-7506-4a10-8223-be3821fad8ad",
                    "1878accf-edf0-4e3a-a5a3-296e1664d673"
                ]
            ]
        },
        {
            "output_tuple": [
                "Kihyuk Sohn"
            ],
            "tuple_id": "b5bffd0b-f325-5146-ad9f-dd3814383d9e",
            "dnf": [
                [
                    "6510b6a6-3481-4421-af16-447dad2cdf45",
                    "90924742-6eba-4bc4-b10d-2a6c10d5a0f3",
                    "249386c8-c67f-44ea-a128-ad2b46d3873e",
                    "e3a82cbf-0313-403e-b548-66b285089b1e",
                    "1878accf-edf0-4e3a-a5a3-296e1664d673"
                ],
                [
                    "6510b6a6-3481-4421-af16-447dad2cdf45",
                    "90924742-6eba-4bc4-b10d-2a6c10d5a0f3",
                    "c6f8ecf0-ebe0-401f-923b-54985f4f837d",
                    "e3a82cbf-0313-403e-b548-66b285089b1e",
                    "1878accf-edf0-4e3a-a5a3-296e1664d673"
                ],
                [
                    "6510b6a6-3481-4421-af16-447dad2cdf45",
                    "90924742-6eba-4bc4-b10d-2a6c10d5a0f3",
                    "6f6ae6a7-25f3-4083-b70d-91c5f3c535df",
                    "e3a82cbf-0313-403e-b548-66b285089b1e",
                    "1878accf-edf0-4e3a-a5a3-296e1664d673"
                ],
                [
                    "6510b6a6-3481-4421-af16-447dad2cdf45",
                    "90924742-6eba-4bc4-b10d-2a6c10d5a0f3",
                    "3c0cd0ca-2ab1-40fb-8877-bb4df08bbe3b",
                    "ff7414b5-81ec-4243-963d-6e85b6f73b37",
                    "1878accf-edf0-4e3a-a5a3-296e1664d673"
                ]
            ]
        },
        {
            "output_tuple": [
                "Richard L. Lewis"
            ],
            "tuple_id": "bb9d1632-a36b-5d83-b069-f1bd9d2424b1",
            "dnf": [
                [
                    "0906d24a-9892-48e5-9dcb-803e1fc8f0cc",
                    "90924742-6eba-4bc4-b10d-2a6c10d5a0f3",
                    "430a5d3a-ace7-4def-8e19-5f4757de1083",
                    "ff7414b5-81ec-4243-963d-6e85b6f73b37",
                    "1878accf-edf0-4e3a-a5a3-296e1664d673"
                ],
                [
                    "0906d24a-9892-48e5-9dcb-803e1fc8f0cc",
                    "90924742-6eba-4bc4-b10d-2a6c10d5a0f3",
                    "8a31b359-0264-4bee-89af-c17458fdcb2f",
                    "ff7414b5-81ec-4243-963d-6e85b6f73b37",
                    "1878accf-edf0-4e3a-a5a3-296e1664d673"
                ]
            ]
        },
        {
            "output_tuple": [
                "Scott E. Page"
            ],
            "tuple_id": "be1eea1d-e63c-5b8c-be45-59a85fad0ecb",
            "dnf": [
                [
                    "d4de2d8d-3ac4-425a-9201-7b965b285a43",
                    "90924742-6eba-4bc4-b10d-2a6c10d5a0f3",
                    "aaca5573-9b14-465a-aad0-8ae88aef7d7d",
                    "84e052ad-1172-4d63-bc64-57641f93942a",
                    "1878accf-edf0-4e3a-a5a3-296e1664d673"
                ]
            ]
        },
        {
            "output_tuple": [
                "Zhong Ji"
            ],
            "tuple_id": "c8013e9b-9bc5-53cf-a1b9-e94a54718a66",
            "dnf": [
                [
                    "8d2645a5-c1c1-41ba-b436-a904c072486e",
                    "90924742-6eba-4bc4-b10d-2a6c10d5a0f3",
                    "dffd78ad-2c6a-4e8d-8522-5746f2d0696a",
                    "ec3a5a90-7506-4a10-8223-be3821fad8ad",
                    "1878accf-edf0-4e3a-a5a3-296e1664d673"
                ],
                [
                    "8d2645a5-c1c1-41ba-b436-a904c072486e",
                    "90924742-6eba-4bc4-b10d-2a6c10d5a0f3",
                    "3b092ae7-436b-4ce6-8194-fc6a5ba6d8cd",
                    "ec3a5a90-7506-4a10-8223-be3821fad8ad",
                    "1878accf-edf0-4e3a-a5a3-296e1664d673"
                ]
            ]
        },
        {
            "output_tuple": [
                "Suresh K. Bhavnani"
            ],
            "tuple_id": "c9e77aa0-61f5-59d1-aaef-cdc5f59cddc5",
            "dnf": [
                [
                    "31f96138-1082-4ded-9be4-5e06ba61e6c1",
                    "90924742-6eba-4bc4-b10d-2a6c10d5a0f3",
                    "ac6d9826-efe0-4abe-a331-ec70aaf3fa9c",
                    "84e052ad-1172-4d63-bc64-57641f93942a",
                    "1878accf-edf0-4e3a-a5a3-296e1664d673"
                ]
            ]
        },
        {
            "output_tuple": [
                "Satinder P. Singh"
            ],
            "tuple_id": "cbbde372-0609-5a4a-bbd2-84e72de5e10e",
            "dnf": [
                [
                    "ea05e9dd-05c0-4d32-bd85-6adc056fc48f",
                    "90924742-6eba-4bc4-b10d-2a6c10d5a0f3",
                    "430a5d3a-ace7-4def-8e19-5f4757de1083",
                    "ff7414b5-81ec-4243-963d-6e85b6f73b37",
                    "1878accf-edf0-4e3a-a5a3-296e1664d673"
                ],
                [
                    "ea05e9dd-05c0-4d32-bd85-6adc056fc48f",
                    "90924742-6eba-4bc4-b10d-2a6c10d5a0f3",
                    "8a31b359-0264-4bee-89af-c17458fdcb2f",
                    "ff7414b5-81ec-4243-963d-6e85b6f73b37",
                    "1878accf-edf0-4e3a-a5a3-296e1664d673"
                ]
            ]
        },
        {
            "output_tuple": [
                "Pradeep Ranganathan"
            ],
            "tuple_id": "cf4baf4c-976c-57f0-baad-d9698f3e8e69",
            "dnf": [
                [
                    "ffcd0ee9-353f-469d-a5a5-07e8ffdba55d",
                    "90924742-6eba-4bc4-b10d-2a6c10d5a0f3",
                    "d6c64f56-b048-4715-ab36-0782f2938756",
                    "99d689db-c15f-4ad0-afb6-7fc4c55ecd75",
                    "1878accf-edf0-4e3a-a5a3-296e1664d673"
                ],
                [
                    "ffcd0ee9-353f-469d-a5a5-07e8ffdba55d",
                    "90924742-6eba-4bc4-b10d-2a6c10d5a0f3",
                    "32c0c631-efcc-40cf-b79b-4184414e853a",
                    "99d689db-c15f-4ad0-afb6-7fc4c55ecd75",
                    "1878accf-edf0-4e3a-a5a3-296e1664d673"
                ]
            ]
        },
        {
            "output_tuple": [
                "Nan Zheng"
            ],
            "tuple_id": "d99dab1b-9b15-51bf-be4a-c0a7447c7e8c",
            "dnf": [
                [
                    "8a4fb920-88fa-4815-9a04-d27d9030e2af",
                    "90924742-6eba-4bc4-b10d-2a6c10d5a0f3",
                    "cf3c7162-1dc1-4677-94eb-975a82296c24",
                    "716d8702-b603-4ab3-b1d8-39de0a19dfca",
                    "1878accf-edf0-4e3a-a5a3-296e1664d673"
                ],
                [
                    "8a4fb920-88fa-4815-9a04-d27d9030e2af",
                    "90924742-6eba-4bc4-b10d-2a6c10d5a0f3",
                    "d6d6cc5f-2e96-45a9-9573-5d5e53793393",
                    "8a93dbe2-4529-4418-8bcc-9075486d25c9",
                    "1878accf-edf0-4e3a-a5a3-296e1664d673"
                ]
            ]
        },
        {
            "output_tuple": [
                "Albert J. Shih"
            ],
            "tuple_id": "f167c191-f026-59ac-84ce-d1cce5831d8c",
            "dnf": [
                [
                    "65d19fbf-3693-4800-be1d-b47062f1d55f",
                    "90924742-6eba-4bc4-b10d-2a6c10d5a0f3",
                    "0aaaee11-4b79-41b9-b840-4dd16c549ba8",
                    "99d689db-c15f-4ad0-afb6-7fc4c55ecd75",
                    "1878accf-edf0-4e3a-a5a3-296e1664d673"
                ]
            ]
        },
        {
            "output_tuple": [
                "Nate Derbinsky"
            ],
            "tuple_id": "f326633b-6d15-5fc3-93f5-32140772f6d2",
            "dnf": [
                [
                    "2d746d7b-f4ed-40d5-8b69-5e79fc29f98b",
                    "90924742-6eba-4bc4-b10d-2a6c10d5a0f3",
                    "62ccd834-bcd7-4c6c-af87-6883eb3b7ffb",
                    "ff7414b5-81ec-4243-963d-6e85b6f73b37",
                    "1878accf-edf0-4e3a-a5a3-296e1664d673"
                ]
            ]
        },
        {
            "output_tuple": [
                "Mohammad Ghahramani"
            ],
            "tuple_id": "f580d588-881f-5fe3-b565-3fc1abea60b1",
            "dnf": [
                [
                    "d6c4f12e-f22a-4faf-9ab0-2876d01be311",
                    "90924742-6eba-4bc4-b10d-2a6c10d5a0f3",
                    "6e2d2e3c-ce78-4c8d-93d5-808882830ecf",
                    "78ebec57-7211-457b-be91-827918e1dd72",
                    "1878accf-edf0-4e3a-a5a3-296e1664d673"
                ]
            ]
        },
        {
            "output_tuple": [
                "Liang-Boon Wee"
            ],
            "tuple_id": "f77ba5a5-e328-5030-b7b3-45767d6d3043",
            "dnf": [
                [
                    "f8618ed2-2d23-4780-b370-28ef38133df3",
                    "90924742-6eba-4bc4-b10d-2a6c10d5a0f3",
                    "df8bb3df-66d6-4505-922a-54c2d0983067",
                    "99d689db-c15f-4ad0-afb6-7fc4c55ecd75",
                    "1878accf-edf0-4e3a-a5a3-296e1664d673"
                ]
            ]
        },
        {
            "output_tuple": [
                "Mark Culp"
            ],
            "tuple_id": "fa4d7dfd-5391-5c7f-be9d-a3fbb14f20b7",
            "dnf": [
                [
                    "43109d59-be6f-42b1-b6f8-1680a36a74ba",
                    "90924742-6eba-4bc4-b10d-2a6c10d5a0f3",
                    "1d4781b8-4312-4fd5-871b-449baa89bb22",
                    "78ebec57-7211-457b-be91-827918e1dd72",
                    "1878accf-edf0-4e3a-a5a3-296e1664d673"
                ]
            ]
        },
        {
            "output_tuple": [
                "XuanLong Nguyen"
            ],
            "tuple_id": "fdbcb934-8f42-5620-afa1-4c28c575a23c",
            "dnf": [
                [
                    "8429b8be-0430-4eb9-a5fa-e6142518c7d2",
                    "90924742-6eba-4bc4-b10d-2a6c10d5a0f3",
                    "19fdd4e4-5c88-4cc1-b05b-ee3a881e6c67",
                    "e3a82cbf-0313-403e-b548-66b285089b1e",
                    "1878accf-edf0-4e3a-a5a3-296e1664d673"
                ],
                [
                    "8429b8be-0430-4eb9-a5fa-e6142518c7d2",
                    "90924742-6eba-4bc4-b10d-2a6c10d5a0f3",
                    "c0df11cc-05c9-4d5b-bbc7-d4127a13b509",
                    "e3a82cbf-0313-403e-b548-66b285089b1e",
                    "1878accf-edf0-4e3a-a5a3-296e1664d673"
                ],
                [
                    "8429b8be-0430-4eb9-a5fa-e6142518c7d2",
                    "90924742-6eba-4bc4-b10d-2a6c10d5a0f3",
                    "c012ea76-f9a9-4678-aff4-7b018ff4d5fa",
                    "ff7414b5-81ec-4243-963d-6e85b6f73b37",
                    "1878accf-edf0-4e3a-a5a3-296e1664d673"
                ]
            ]
        },
        {
            "output_tuple": [
                "Johannes H. Strom"
            ],
            "tuple_id": "fe6bd290-83b8-5d2a-a780-e1ac7a6f98fb",
            "dnf": [
                [
                    "4a32d649-e654-4f88-a653-a7a4a2d71922",
                    "90924742-6eba-4bc4-b10d-2a6c10d5a0f3",
                    "74323f41-5cdc-48d4-b7dd-9b86bde7553e",
                    "99d689db-c15f-4ad0-afb6-7fc4c55ecd75",
                    "1878accf-edf0-4e3a-a5a3-296e1664d673"
                ],
                [
                    "4a32d649-e654-4f88-a653-a7a4a2d71922",
                    "90924742-6eba-4bc4-b10d-2a6c10d5a0f3",
                    "7db4346c-7f9f-4468-8ab1-06403dbad40d",
                    "99d689db-c15f-4ad0-afb6-7fc4c55ecd75",
                    "1878accf-edf0-4e3a-a5a3-296e1664d673"
                ],
                [
                    "4a32d649-e654-4f88-a653-a7a4a2d71922",
                    "90924742-6eba-4bc4-b10d-2a6c10d5a0f3",
                    "87e811e6-09a6-4131-be96-40a8dbfdbe63",
                    "99d689db-c15f-4ad0-afb6-7fc4c55ecd75",
                    "1878accf-edf0-4e3a-a5a3-296e1664d673"
                ]
            ]
        },
        {
            "output_tuple": [
                "Joseph Lee"
            ],
            "tuple_id": "fefed204-7415-50da-8a85-d0fe8aff577f",
            "dnf": [
                [
                    "daa5adc3-31e3-48bf-ab01-7aac08bc9707",
                    "90924742-6eba-4bc4-b10d-2a6c10d5a0f3",
                    "15e771af-3794-4bd4-b219-9d416731a975",
                    "99d689db-c15f-4ad0-afb6-7fc4c55ecd75",
                    "1878accf-edf0-4e3a-a5a3-296e1664d673"
                ]
            ]
        }
    ]
}