{
    "query_name": "3f_publication_citation_count",
    "query_sql": "SELECT \n    publication.citation_count  \nFROM \n    author, organization, writes, publication, conference, domain_conference, domain \nWHERE\n    author.oid = organization.oid\n    AND author.aid = writes.aid\n    AND writes.pid = publication.pid\n    AND publication.cid = conference.cid\n    AND conference.cid = domain_conference.cid\n    AND domain_conference.did = domain.did\n    AND organization.name = 'University of Michigan'\n    AND publication.year > 2010\n    AND domain.name = 'Machine Learning & Pattern Recognition'\n    AND author.paper_count > 20    \nGROUP BY publication.citation_count  ",
    "results": [
        {
            "output_tuple": [
                0
            ],
            "tuple_id": "15506a51-1d07-51a5-be12-ae4b1418d5be",
            "dnf": [
                [
                    "270fbd58-ab85-411c-8f0b-b23bc7b4a40d",
                    "160a49e9-4cb4-4586-a6fd-92df254a238b",
                    "a4a216e8-06fb-4e76-a163-953aa28a43d5",
                    "ab97727f-0e58-46c0-84c8-437c7a09c883",
                    "8eb11a01-a258-4e84-b748-4fde0bc4b855"
                ],
                [
                    "701bee10-a883-4809-8a16-90a54a901824",
                    "160a49e9-4cb4-4586-a6fd-92df254a238b",
                    "8b9daa78-5638-4eb3-b17d-da91b8adf651",
                    "8eb60c30-7611-4e1d-be34-5f908875e228",
                    "8eb11a01-a258-4e84-b748-4fde0bc4b855"
                ],
                [
                    "deb6adeb-f1ff-4bc8-8a7c-0c2c39140777",
                    "160a49e9-4cb4-4586-a6fd-92df254a238b",
                    "df240a2f-71f0-49a1-b5a6-1ad96d146ca6",
                    "0dc84cc9-5790-4145-a64b-24f12fc7cc3a",
                    "8eb11a01-a258-4e84-b748-4fde0bc4b855"
                ],
                [
                    "43be975f-cf60-441f-9493-b13878e25fb1",
                    "160a49e9-4cb4-4586-a6fd-92df254a238b",
                    "626831b8-d2a3-46a2-b73b-6f1d3a21174f",
                    "0dc84cc9-5790-4145-a64b-24f12fc7cc3a",
                    "8eb11a01-a258-4e84-b748-4fde0bc4b855"
                ],
                [
                    "bcbb876d-a0b2-447f-af68-c4d9cd9107a3",
                    "160a49e9-4cb4-4586-a6fd-92df254a238b",
                    "9b2b7448-fb38-479d-8ea6-d26b90c55975",
                    "ab97727f-0e58-46c0-84c8-437c7a09c883",
                    "8eb11a01-a258-4e84-b748-4fde0bc4b855"
                ],
                [
                    "270fbd58-ab85-411c-8f0b-b23bc7b4a40d",
                    "160a49e9-4cb4-4586-a6fd-92df254a238b",
                    "6bc3cac6-099b-49bf-b810-d667b089756a",
                    "ab97727f-0e58-46c0-84c8-437c7a09c883",
                    "8eb11a01-a258-4e84-b748-4fde0bc4b855"
                ],
                [
                    "8637c8b2-f9af-42a8-ad43-84168e5a635e",
                    "160a49e9-4cb4-4586-a6fd-92df254a238b",
                    "aa65d0a6-12d9-4512-8a16-55de42942165",
                    "15cccd87-06b9-427a-9371-d3cd485820a5",
                    "8eb11a01-a258-4e84-b748-4fde0bc4b855"
                ],
                [
                    "6e51cc79-5c93-4778-9a11-48ae9c0eae97",
                    "160a49e9-4cb4-4586-a6fd-92df254a238b",
                    "52de1920-d2d4-4de3-9342-205513edba7c",
                    "78dd3412-df73-4958-a519-e8b9dcb57cdb",
                    "8eb11a01-a258-4e84-b748-4fde0bc4b855"
                ],
                [
                    "701bee10-a883-4809-8a16-90a54a901824",
                    "160a49e9-4cb4-4586-a6fd-92df254a238b",
                    "080169d9-e2b2-4261-9b3f-5ce1eaba8adb",
                    "614bdbfe-4fe8-4835-a155-a32ccb6eb8a2",
                    "8eb11a01-a258-4e84-b748-4fde0bc4b855"
                ],
                [
                    "6fcf127d-dddb-46ec-bf7d-3cebfa4da132",
                    "160a49e9-4cb4-4586-a6fd-92df254a238b",
                    "c6a50e7d-c770-4b05-b6ba-8806190ae086",
                    "614bdbfe-4fe8-4835-a155-a32ccb6eb8a2",
                    "8eb11a01-a258-4e84-b748-4fde0bc4b855"
                ],
                [
                    "d9736e60-f74b-4400-8093-6aaefd7752c5",
                    "160a49e9-4cb4-4586-a6fd-92df254a238b",
                    "ecf1ff65-d4ab-4633-9d1d-1bedd1b59b59",
                    "ab97727f-0e58-46c0-84c8-437c7a09c883",
                    "8eb11a01-a258-4e84-b748-4fde0bc4b855"
                ],
                [
                    "f325408f-e37a-41a6-96a5-b8acaad9e9ad",
                    "160a49e9-4cb4-4586-a6fd-92df254a238b",
                    "62d004fd-88b7-4be9-a2a1-651dff454779",
                    "ab97727f-0e58-46c0-84c8-437c7a09c883",
                    "8eb11a01-a258-4e84-b748-4fde0bc4b855"
                ],
                [
                    "6e51cc79-5c93-4778-9a11-48ae9c0eae97",
                    "160a49e9-4cb4-4586-a6fd-92df254a238b",
                    "ef50978b-6998-4398-bd22-6bb6aceee4d6",
                    "0dc84cc9-5790-4145-a64b-24f12fc7cc3a",
                    "8eb11a01-a258-4e84-b748-4fde0bc4b855"
                ],
                [
                    "270fbd58-ab85-411c-8f0b-b23bc7b4a40d",
                    "160a49e9-4cb4-4586-a6fd-92df254a238b",
                    "004606f9-70ef-4d61-92c2-a84371d016bc",
                    "ab97727f-0e58-46c0-84c8-437c7a09c883",
                    "8eb11a01-a258-4e84-b748-4fde0bc4b855"
                ],
                [
                    "d9736e60-f74b-4400-8093-6aaefd7752c5",
                    "160a49e9-4cb4-4586-a6fd-92df254a238b",
                    "38d912fe-b6fc-441e-ac94-786b67f3332f",
                    "ab97727f-0e58-46c0-84c8-437c7a09c883",
                    "8eb11a01-a258-4e84-b748-4fde0bc4b855"
                ],
                [
                    "fd393fff-5467-4fc8-a878-9d6c7efee62e",
                    "160a49e9-4cb4-4586-a6fd-92df254a238b",
                    "1aaafc7c-3dd7-49dc-99c9-f6ef605e3eab",
                    "15cccd87-06b9-427a-9371-d3cd485820a5",
                    "8eb11a01-a258-4e84-b748-4fde0bc4b855"
                ],
                [
                    "fd393fff-5467-4fc8-a878-9d6c7efee62e",
                    "160a49e9-4cb4-4586-a6fd-92df254a238b",
                    "3073004f-b5bc-440a-88a6-29c893033d4b",
                    "cda00e85-6882-49f4-b7bd-cb3434c6855d",
                    "8eb11a01-a258-4e84-b748-4fde0bc4b855"
                ],
                [
                    "8637c8b2-f9af-42a8-ad43-84168e5a635e",
                    "160a49e9-4cb4-4586-a6fd-92df254a238b",
                    "fdafe45d-bc40-4880-ae7a-77bdfc5219cf",
                    "15cccd87-06b9-427a-9371-d3cd485820a5",
                    "8eb11a01-a258-4e84-b748-4fde0bc4b855"
                ],
                [
                    "bcbb876d-a0b2-447f-af68-c4d9cd9107a3",
                    "160a49e9-4cb4-4586-a6fd-92df254a238b",
                    "30edbb97-2231-486c-b0c7-f6f6a62faedf",
                    "ab97727f-0e58-46c0-84c8-437c7a09c883",
                    "8eb11a01-a258-4e84-b748-4fde0bc4b855"
                ],
                [
                    "bcbb876d-a0b2-447f-af68-c4d9cd9107a3",
                    "160a49e9-4cb4-4586-a6fd-92df254a238b",
                    "6455068d-0b60-41cf-9d70-7f283fbce3b2",
                    "ab97727f-0e58-46c0-84c8-437c7a09c883",
                    "8eb11a01-a258-4e84-b748-4fde0bc4b855"
                ],
                [
                    "bcbb876d-a0b2-447f-af68-c4d9cd9107a3",
                    "160a49e9-4cb4-4586-a6fd-92df254a238b",
                    "f9836745-b01d-4e2a-8b1c-3f3f1c6588fd",
                    "ab97727f-0e58-46c0-84c8-437c7a09c883",
                    "8eb11a01-a258-4e84-b748-4fde0bc4b855"
                ],
                [
                    "c253e478-2de5-42fb-b322-dda6f0de98e7",
                    "160a49e9-4cb4-4586-a6fd-92df254a238b",
                    "be035089-787c-4661-9454-256af1607a75",
                    "cda00e85-6882-49f4-b7bd-cb3434c6855d",
                    "8eb11a01-a258-4e84-b748-4fde0bc4b855"
                ],
                [
                    "bcbb876d-a0b2-447f-af68-c4d9cd9107a3",
                    "160a49e9-4cb4-4586-a6fd-92df254a238b",
                    "69ac4acd-e7b6-46fd-b0d7-a4cebfd95f56",
                    "ab97727f-0e58-46c0-84c8-437c7a09c883",
                    "8eb11a01-a258-4e84-b748-4fde0bc4b855"
                ],
                [
                    "6ca6f1b4-5dee-4d78-a2a5-d4904b8a9874",
                    "160a49e9-4cb4-4586-a6fd-92df254a238b",
                    "90511378-85a4-4eba-bba2-f45de0031935",
                    "cda00e85-6882-49f4-b7bd-cb3434c6855d",
                    "8eb11a01-a258-4e84-b748-4fde0bc4b855"
                ],
                [
                    "fd393fff-5467-4fc8-a878-9d6c7efee62e",
                    "160a49e9-4cb4-4586-a6fd-92df254a238b",
                    "99ad3eb0-bbd0-45e5-9c91-cc75ad15d58d",
                    "15cccd87-06b9-427a-9371-d3cd485820a5",
                    "8eb11a01-a258-4e84-b748-4fde0bc4b855"
                ],
                [
                    "047884e9-65fa-4f97-b2b2-77b890acdc4a",
                    "160a49e9-4cb4-4586-a6fd-92df254a238b",
                    "dbb1b38c-3a61-4255-8938-ad87020a3ff4",
                    "a5f77f02-bbae-44de-bc5e-b7212985d16f",
                    "8eb11a01-a258-4e84-b748-4fde0bc4b855"
                ],
                [
                    "828d79f8-741b-4627-b706-465c5efc1c64",
                    "160a49e9-4cb4-4586-a6fd-92df254a238b",
                    "004606f9-70ef-4d61-92c2-a84371d016bc",
                    "ab97727f-0e58-46c0-84c8-437c7a09c883",
                    "8eb11a01-a258-4e84-b748-4fde0bc4b855"
                ],
                [
                    "2fc49a4e-4687-496b-b44a-01fb76936a8b",
                    "160a49e9-4cb4-4586-a6fd-92df254a238b",
                    "66589d97-513e-4a10-b272-006275eb7d2e",
                    "cda00e85-6882-49f4-b7bd-cb3434c6855d",
                    "8eb11a01-a258-4e84-b748-4fde0bc4b855"
                ],
                [
                    "8637c8b2-f9af-42a8-ad43-84168e5a635e",
                    "160a49e9-4cb4-4586-a6fd-92df254a238b",
                    "0e9ee709-93bb-497d-9047-e0d4ea3b3919",
                    "cda00e85-6882-49f4-b7bd-cb3434c6855d",
                    "8eb11a01-a258-4e84-b748-4fde0bc4b855"
                ],
                [
                    "270fbd58-ab85-411c-8f0b-b23bc7b4a40d",
                    "160a49e9-4cb4-4586-a6fd-92df254a238b",
                    "a87338f5-be2f-4b51-b1c8-bbc7039d4e6d",
                    "ab97727f-0e58-46c0-84c8-437c7a09c883",
                    "8eb11a01-a258-4e84-b748-4fde0bc4b855"
                ],
                [
                    "8637c8b2-f9af-42a8-ad43-84168e5a635e",
                    "160a49e9-4cb4-4586-a6fd-92df254a238b",
                    "66589d97-513e-4a10-b272-006275eb7d2e",
                    "cda00e85-6882-49f4-b7bd-cb3434c6855d",
                    "8eb11a01-a258-4e84-b748-4fde0bc4b855"
                ],
                [
                    "c253e478-2de5-42fb-b322-dda6f0de98e7",
                    "160a49e9-4cb4-4586-a6fd-92df254a238b",
                    "336543ae-c5ae-4dcb-ac3c-75ed279a8c03",
                    "15cccd87-06b9-427a-9371-d3cd485820a5",
                    "8eb11a01-a258-4e84-b748-4fde0bc4b855"
                ],
                [
                    "701bee10-a883-4809-8a16-90a54a901824",
                    "160a49e9-4cb4-4586-a6fd-92df254a238b",
                    "9716132b-6f38-4177-b421-b87045132408",
                    "614bdbfe-4fe8-4835-a155-a32ccb6eb8a2",
                    "8eb11a01-a258-4e84-b748-4fde0bc4b855"
                ],
                [
                    "6fcf127d-dddb-46ec-bf7d-3cebfa4da132",
                    "160a49e9-4cb4-4586-a6fd-92df254a238b",
                    "ac47c5b0-6c9e-4ed2-a6b1-144117138c42",
                    "930c220f-eb98-420e-8241-4184c21f4c7b",
                    "8eb11a01-a258-4e84-b748-4fde0bc4b855"
                ],
                [
                    "81ed8c77-85e1-4af2-a614-0a9fe67de60d",
                    "160a49e9-4cb4-4586-a6fd-92df254a238b",
                    "78c624c8-14d3-4d83-a174-9d55ad4ba3f3",
                    "ae282d2f-1faf-4050-bc00-837469996e73",
                    "8eb11a01-a258-4e84-b748-4fde0bc4b855"
                ],
                [
                    "bcbb876d-a0b2-447f-af68-c4d9cd9107a3",
                    "160a49e9-4cb4-4586-a6fd-92df254a238b",
                    "734c39f2-a398-450a-9e7c-ceb1ea321cba",
                    "ab97727f-0e58-46c0-84c8-437c7a09c883",
                    "8eb11a01-a258-4e84-b748-4fde0bc4b855"
                ],
                [
                    "6e51cc79-5c93-4778-9a11-48ae9c0eae97",
                    "160a49e9-4cb4-4586-a6fd-92df254a238b",
                    "709a33e7-6469-4ac1-a0b1-a1b3d15fb996",
                    "0dc84cc9-5790-4145-a64b-24f12fc7cc3a",
                    "8eb11a01-a258-4e84-b748-4fde0bc4b855"
                ],
                [
                    "270fbd58-ab85-411c-8f0b-b23bc7b4a40d",
                    "160a49e9-4cb4-4586-a6fd-92df254a238b",
                    "9cb0ec5b-9a21-4737-a6af-0bd56fe614c2",
                    "ab97727f-0e58-46c0-84c8-437c7a09c883",
                    "8eb11a01-a258-4e84-b748-4fde0bc4b855"
                ],
                [
                    "bcbb876d-a0b2-447f-af68-c4d9cd9107a3",
                    "160a49e9-4cb4-4586-a6fd-92df254a238b",
                    "cb9e291e-44e9-4602-98f8-41d05680322b",
                    "ab97727f-0e58-46c0-84c8-437c7a09c883",
                    "8eb11a01-a258-4e84-b748-4fde0bc4b855"
                ],
                [
                    "701bee10-a883-4809-8a16-90a54a901824",
                    "160a49e9-4cb4-4586-a6fd-92df254a238b",
                    "b355cb8a-49dd-4844-93c7-6fe7ba9a187c",
                    "614bdbfe-4fe8-4835-a155-a32ccb6eb8a2",
                    "8eb11a01-a258-4e84-b748-4fde0bc4b855"
                ],
                [
                    "2c07f1d9-c60a-4809-a4ad-b07e2d0b9a58",
                    "160a49e9-4cb4-4586-a6fd-92df254a238b",
                    "fdafe45d-bc40-4880-ae7a-77bdfc5219cf",
                    "15cccd87-06b9-427a-9371-d3cd485820a5",
                    "8eb11a01-a258-4e84-b748-4fde0bc4b855"
                ],
                [
                    "701bee10-a883-4809-8a16-90a54a901824",
                    "160a49e9-4cb4-4586-a6fd-92df254a238b",
                    "a57690e7-280e-4108-8c57-def8c43b54a7",
                    "614bdbfe-4fe8-4835-a155-a32ccb6eb8a2",
                    "8eb11a01-a258-4e84-b748-4fde0bc4b855"
                ],
                [
                    "182bb5e4-b22e-4b3b-a247-2a0028ff7737",
                    "160a49e9-4cb4-4586-a6fd-92df254a238b",
                    "228349fe-f8c3-45bc-b7de-b4978f88655e",
                    "15cccd87-06b9-427a-9371-d3cd485820a5",
                    "8eb11a01-a258-4e84-b748-4fde0bc4b855"
                ],
                [
                    "6ca6f1b4-5dee-4d78-a2a5-d4904b8a9874",
                    "160a49e9-4cb4-4586-a6fd-92df254a238b",
                    "d535d872-9dad-4c1f-a5fe-13e9ea2f9e1b",
                    "cfed8cac-f06c-42e2-8aef-9bf6a896b605",
                    "8eb11a01-a258-4e84-b748-4fde0bc4b855"
                ],
                [
                    "6e51cc79-5c93-4778-9a11-48ae9c0eae97",
                    "160a49e9-4cb4-4586-a6fd-92df254a238b",
                    "748010fe-2004-489d-adde-88611f3a7f5d",
                    "4af7007a-a800-4fac-9b93-aad93fcc04fe",
                    "8eb11a01-a258-4e84-b748-4fde0bc4b855"
                ],
                [
                    "828d79f8-741b-4627-b706-465c5efc1c64",
                    "160a49e9-4cb4-4586-a6fd-92df254a238b",
                    "8bda00e5-1204-4815-9818-6e8477fc8475",
                    "cda00e85-6882-49f4-b7bd-cb3434c6855d",
                    "8eb11a01-a258-4e84-b748-4fde0bc4b855"
                ],
                [
                    "fb1aebeb-e088-41f5-b127-d9f6940a2826",
                    "160a49e9-4cb4-4586-a6fd-92df254a238b",
                    "1b7d97f0-3d08-4f10-9556-f0800e9199e7",
                    "0dc84cc9-5790-4145-a64b-24f12fc7cc3a",
                    "8eb11a01-a258-4e84-b748-4fde0bc4b855"
                ],
                [
                    "270fbd58-ab85-411c-8f0b-b23bc7b4a40d",
                    "160a49e9-4cb4-4586-a6fd-92df254a238b",
                    "2fad74e4-7954-4deb-ba66-82089c03bb94",
                    "ab97727f-0e58-46c0-84c8-437c7a09c883",
                    "8eb11a01-a258-4e84-b748-4fde0bc4b855"
                ],
                [
                    "8637c8b2-f9af-42a8-ad43-84168e5a635e",
                    "160a49e9-4cb4-4586-a6fd-92df254a238b",
                    "c33b2f32-bfd6-4292-8eaa-969151e88d17",
                    "15cccd87-06b9-427a-9371-d3cd485820a5",
                    "8eb11a01-a258-4e84-b748-4fde0bc4b855"
                ],
                [
                    "22d5b3b7-ebd7-48df-93c6-fc1d4e4bc813",
                    "160a49e9-4cb4-4586-a6fd-92df254a238b",
                    "fdafe45d-bc40-4880-ae7a-77bdfc5219cf",
                    "15cccd87-06b9-427a-9371-d3cd485820a5",
                    "8eb11a01-a258-4e84-b748-4fde0bc4b855"
                ],
                [
                    "ef772da7-8227-456d-b7f2-3464bb91999d",
                    "160a49e9-4cb4-4586-a6fd-92df254a238b",
                    "e13f2d40-c89d-4701-a64e-df816c78afdc",
                    "ab97727f-0e58-46c0-84c8-437c7a09c883",
                    "8eb11a01-a258-4e84-b748-4fde0bc4b855"
                ],
                [
                    "6e51cc79-5c93-4778-9a11-48ae9c0eae97",
                    "160a49e9-4cb4-4586-a6fd-92df254a238b",
                    "96bafdc0-fd16-49bc-9412-cbbdd9f33d8f",
                    "4af7007a-a800-4fac-9b93-aad93fcc04fe",
                    "8eb11a01-a258-4e84-b748-4fde0bc4b855"
                ],
                [
                    "bcbb876d-a0b2-447f-af68-c4d9cd9107a3",
                    "160a49e9-4cb4-4586-a6fd-92df254a238b",
                    "1c9b96ee-6dfb-4874-afbe-3d2d432be14d",
                    "ab97727f-0e58-46c0-84c8-437c7a09c883",
                    "8eb11a01-a258-4e84-b748-4fde0bc4b855"
                ],
                [
                    "e49ba1d6-50dd-4273-86f9-32662b1c1c88",
                    "160a49e9-4cb4-4586-a6fd-92df254a238b",
                    "b6aad6b7-064e-4cc7-b068-a8f7c2a32e1a",
                    "15cccd87-06b9-427a-9371-d3cd485820a5",
                    "8eb11a01-a258-4e84-b748-4fde0bc4b855"
                ],
                [
                    "047884e9-65fa-4f97-b2b2-77b890acdc4a",
                    "160a49e9-4cb4-4586-a6fd-92df254a238b",
                    "153bc822-71b7-48a9-bd14-6f48f7e23c17",
                    "78dd3412-df73-4958-a519-e8b9dcb57cdb",
                    "8eb11a01-a258-4e84-b748-4fde0bc4b855"
                ],
                [
                    "6e51cc79-5c93-4778-9a11-48ae9c0eae97",
                    "160a49e9-4cb4-4586-a6fd-92df254a238b",
                    "b3f0d083-dc81-496a-8e3d-5ea91b891b0c",
                    "0dc84cc9-5790-4145-a64b-24f12fc7cc3a",
                    "8eb11a01-a258-4e84-b748-4fde0bc4b855"
                ],
                [
                    "1bca6f7f-879e-4e72-a54e-298b488e5bf7",
                    "160a49e9-4cb4-4586-a6fd-92df254a238b",
                    "04b30057-826f-4ecd-8283-1415fa17a48a",
                    "ab97727f-0e58-46c0-84c8-437c7a09c883",
                    "8eb11a01-a258-4e84-b748-4fde0bc4b855"
                ],
                [
                    "f325408f-e37a-41a6-96a5-b8acaad9e9ad",
                    "160a49e9-4cb4-4586-a6fd-92df254a238b",
                    "31732947-861d-4de3-8eed-3fd0df519818",
                    "ab97727f-0e58-46c0-84c8-437c7a09c883",
                    "8eb11a01-a258-4e84-b748-4fde0bc4b855"
                ],
                [
                    "701bee10-a883-4809-8a16-90a54a901824",
                    "160a49e9-4cb4-4586-a6fd-92df254a238b",
                    "929e8d76-f89f-4a0a-9aad-77b7fcc6cf76",
                    "930c220f-eb98-420e-8241-4184c21f4c7b",
                    "8eb11a01-a258-4e84-b748-4fde0bc4b855"
                ],
                [
                    "270fbd58-ab85-411c-8f0b-b23bc7b4a40d",
                    "160a49e9-4cb4-4586-a6fd-92df254a238b",
                    "cdd75876-d6fc-4a0e-92a0-853451e8309c",
                    "ab97727f-0e58-46c0-84c8-437c7a09c883",
                    "8eb11a01-a258-4e84-b748-4fde0bc4b855"
                ],
                [
                    "caf2ba1c-33eb-415e-8fa2-68db9e49925d",
                    "160a49e9-4cb4-4586-a6fd-92df254a238b",
                    "970eae87-c578-4ba6-86b1-d99b623d4b40",
                    "ae282d2f-1faf-4050-bc00-837469996e73",
                    "8eb11a01-a258-4e84-b748-4fde0bc4b855"
                ],
                [
                    "6e51cc79-5c93-4778-9a11-48ae9c0eae97",
                    "160a49e9-4cb4-4586-a6fd-92df254a238b",
                    "3f31b6c6-9cb0-47e2-8ab8-164b683dcc64",
                    "0dc84cc9-5790-4145-a64b-24f12fc7cc3a",
                    "8eb11a01-a258-4e84-b748-4fde0bc4b855"
                ],
                [
                    "fd393fff-5467-4fc8-a878-9d6c7efee62e",
                    "160a49e9-4cb4-4586-a6fd-92df254a238b",
                    "dc964d4a-134d-422e-831d-2ed93566a80e",
                    "15cccd87-06b9-427a-9371-d3cd485820a5",
                    "8eb11a01-a258-4e84-b748-4fde0bc4b855"
                ],
                [
                    "bcbb876d-a0b2-447f-af68-c4d9cd9107a3",
                    "160a49e9-4cb4-4586-a6fd-92df254a238b",
                    "4f4f4a73-37c6-421b-8fe1-3820660aebd6",
                    "ab97727f-0e58-46c0-84c8-437c7a09c883",
                    "8eb11a01-a258-4e84-b748-4fde0bc4b855"
                ],
                [
                    "22d5b3b7-ebd7-48df-93c6-fc1d4e4bc813",
                    "160a49e9-4cb4-4586-a6fd-92df254a238b",
                    "f141ea28-85de-4cc0-8480-1378f7ef514e",
                    "15cccd87-06b9-427a-9371-d3cd485820a5",
                    "8eb11a01-a258-4e84-b748-4fde0bc4b855"
                ],
                [
                    "8637c8b2-f9af-42a8-ad43-84168e5a635e",
                    "160a49e9-4cb4-4586-a6fd-92df254a238b",
                    "3176d37a-d3e0-4da1-887b-528d1a1374cc",
                    "15cccd87-06b9-427a-9371-d3cd485820a5",
                    "8eb11a01-a258-4e84-b748-4fde0bc4b855"
                ],
                [
                    "e1cf98d1-f6d1-4b09-b33f-aa2ff6635669",
                    "160a49e9-4cb4-4586-a6fd-92df254a238b",
                    "1b7d97f0-3d08-4f10-9556-f0800e9199e7",
                    "0dc84cc9-5790-4145-a64b-24f12fc7cc3a",
                    "8eb11a01-a258-4e84-b748-4fde0bc4b855"
                ],
                [
                    "f325408f-e37a-41a6-96a5-b8acaad9e9ad",
                    "160a49e9-4cb4-4586-a6fd-92df254a238b",
                    "66589d97-513e-4a10-b272-006275eb7d2e",
                    "cda00e85-6882-49f4-b7bd-cb3434c6855d",
                    "8eb11a01-a258-4e84-b748-4fde0bc4b855"
                ],
                [
                    "6ca6f1b4-5dee-4d78-a2a5-d4904b8a9874",
                    "160a49e9-4cb4-4586-a6fd-92df254a238b",
                    "ec0846c4-78e3-4424-9591-b4e48969ce89",
                    "15cccd87-06b9-427a-9371-d3cd485820a5",
                    "8eb11a01-a258-4e84-b748-4fde0bc4b855"
                ],
                [
                    "deb6adeb-f1ff-4bc8-8a7c-0c2c39140777",
                    "160a49e9-4cb4-4586-a6fd-92df254a238b",
                    "824e04f5-4789-4cac-943f-a5e5ee45f9bd",
                    "4af7007a-a800-4fac-9b93-aad93fcc04fe",
                    "8eb11a01-a258-4e84-b748-4fde0bc4b855"
                ],
                [
                    "002083c0-a41e-460a-8815-20a4f6f2a6e5",
                    "160a49e9-4cb4-4586-a6fd-92df254a238b",
                    "01af4455-02b1-405f-ae21-3a6adbf62f3b",
                    "ae282d2f-1faf-4050-bc00-837469996e73",
                    "8eb11a01-a258-4e84-b748-4fde0bc4b855"
                ],
                [
                    "270fbd58-ab85-411c-8f0b-b23bc7b4a40d",
                    "160a49e9-4cb4-4586-a6fd-92df254a238b",
                    "a5180986-4558-444b-abda-d1f0b340f958",
                    "ab97727f-0e58-46c0-84c8-437c7a09c883",
                    "8eb11a01-a258-4e84-b748-4fde0bc4b855"
                ],
                [
                    "bcbb876d-a0b2-447f-af68-c4d9cd9107a3",
                    "160a49e9-4cb4-4586-a6fd-92df254a238b",
                    "0b0a2c8e-6e78-4cba-90e9-a576ca4b8070",
                    "ab97727f-0e58-46c0-84c8-437c7a09c883",
                    "8eb11a01-a258-4e84-b748-4fde0bc4b855"
                ],
                [
                    "8637c8b2-f9af-42a8-ad43-84168e5a635e",
                    "160a49e9-4cb4-4586-a6fd-92df254a238b",
                    "992392e0-9284-494c-8e1c-1c56c8dbff0a",
                    "cda00e85-6882-49f4-b7bd-cb3434c6855d",
                    "8eb11a01-a258-4e84-b748-4fde0bc4b855"
                ],
                [
                    "182bb5e4-b22e-4b3b-a247-2a0028ff7737",
                    "160a49e9-4cb4-4586-a6fd-92df254a238b",
                    "be035089-787c-4661-9454-256af1607a75",
                    "cda00e85-6882-49f4-b7bd-cb3434c6855d",
                    "8eb11a01-a258-4e84-b748-4fde0bc4b855"
                ],
                [
                    "270fbd58-ab85-411c-8f0b-b23bc7b4a40d",
                    "160a49e9-4cb4-4586-a6fd-92df254a238b",
                    "07d4e0e6-ea04-4423-8294-586302d7b5af",
                    "ab97727f-0e58-46c0-84c8-437c7a09c883",
                    "8eb11a01-a258-4e84-b748-4fde0bc4b855"
                ],
                [
                    "517fbef5-1a42-4ec5-a26d-c8e91edb0baa",
                    "160a49e9-4cb4-4586-a6fd-92df254a238b",
                    "a0b71966-7f08-4bdd-8273-632f40730ecf",
                    "cfed8cac-f06c-42e2-8aef-9bf6a896b605",
                    "8eb11a01-a258-4e84-b748-4fde0bc4b855"
                ],
                [
                    "8637c8b2-f9af-42a8-ad43-84168e5a635e",
                    "160a49e9-4cb4-4586-a6fd-92df254a238b",
                    "97e66497-1f8d-45b7-9450-9d7b16ab04fa",
                    "cda00e85-6882-49f4-b7bd-cb3434c6855d",
                    "8eb11a01-a258-4e84-b748-4fde0bc4b855"
                ],
                [
                    "6e51cc79-5c93-4778-9a11-48ae9c0eae97",
                    "160a49e9-4cb4-4586-a6fd-92df254a238b",
                    "e3f9b783-8691-4b28-83eb-43c65794bf76",
                    "0dc84cc9-5790-4145-a64b-24f12fc7cc3a",
                    "8eb11a01-a258-4e84-b748-4fde0bc4b855"
                ],
                [
                    "047884e9-65fa-4f97-b2b2-77b890acdc4a",
                    "160a49e9-4cb4-4586-a6fd-92df254a238b",
                    "ae36f11a-a7ed-4afb-b598-97ace9441553",
                    "a40bdeff-27a1-4a46-8779-788c68c3f61d",
                    "8eb11a01-a258-4e84-b748-4fde0bc4b855"
                ],
                [
                    "fd393fff-5467-4fc8-a878-9d6c7efee62e",
                    "160a49e9-4cb4-4586-a6fd-92df254a238b",
                    "5408ecad-8db0-443d-bdbc-c9a346e845ca",
                    "15cccd87-06b9-427a-9371-d3cd485820a5",
                    "8eb11a01-a258-4e84-b748-4fde0bc4b855"
                ],
                [
                    "2fc49a4e-4687-496b-b44a-01fb76936a8b",
                    "160a49e9-4cb4-4586-a6fd-92df254a238b",
                    "004606f9-70ef-4d61-92c2-a84371d016bc",
                    "ab97727f-0e58-46c0-84c8-437c7a09c883",
                    "8eb11a01-a258-4e84-b748-4fde0bc4b855"
                ],
                [
                    "2c07f1d9-c60a-4809-a4ad-b07e2d0b9a58",
                    "160a49e9-4cb4-4586-a6fd-92df254a238b",
                    "f141ea28-85de-4cc0-8480-1378f7ef514e",
                    "15cccd87-06b9-427a-9371-d3cd485820a5",
                    "8eb11a01-a258-4e84-b748-4fde0bc4b855"
                ],
                [
                    "81ed8c77-85e1-4af2-a614-0a9fe67de60d",
                    "160a49e9-4cb4-4586-a6fd-92df254a238b",
                    "bcf9b764-af5c-4c30-9a7f-c897610f3129",
                    "ae282d2f-1faf-4050-bc00-837469996e73",
                    "8eb11a01-a258-4e84-b748-4fde0bc4b855"
                ],
                [
                    "6e51cc79-5c93-4778-9a11-48ae9c0eae97",
                    "160a49e9-4cb4-4586-a6fd-92df254a238b",
                    "9f13680d-3606-4335-8d92-c2ec77cbd960",
                    "0dc84cc9-5790-4145-a64b-24f12fc7cc3a",
                    "8eb11a01-a258-4e84-b748-4fde0bc4b855"
                ],
                [
                    "bcbb876d-a0b2-447f-af68-c4d9cd9107a3",
                    "160a49e9-4cb4-4586-a6fd-92df254a238b",
                    "364da4ab-5cf8-410f-ac40-05eb7c6a12a4",
                    "ab97727f-0e58-46c0-84c8-437c7a09c883",
                    "8eb11a01-a258-4e84-b748-4fde0bc4b855"
                ],
                [
                    "bcbb876d-a0b2-447f-af68-c4d9cd9107a3",
                    "160a49e9-4cb4-4586-a6fd-92df254a238b",
                    "9660995d-a8cf-4a7c-9de7-e86d47cd57ea",
                    "ab97727f-0e58-46c0-84c8-437c7a09c883",
                    "8eb11a01-a258-4e84-b748-4fde0bc4b855"
                ],
                [
                    "f325408f-e37a-41a6-96a5-b8acaad9e9ad",
                    "160a49e9-4cb4-4586-a6fd-92df254a238b",
                    "d08e1666-3716-4da0-a8e7-bac9d0956cec",
                    "ab97727f-0e58-46c0-84c8-437c7a09c883",
                    "8eb11a01-a258-4e84-b748-4fde0bc4b855"
                ],
                [
                    "182bb5e4-b22e-4b3b-a247-2a0028ff7737",
                    "160a49e9-4cb4-4586-a6fd-92df254a238b",
                    "4788126a-c88c-4d7f-a3ce-2da4d676b1ee",
                    "cda00e85-6882-49f4-b7bd-cb3434c6855d",
                    "8eb11a01-a258-4e84-b748-4fde0bc4b855"
                ],
                [
                    "8637c8b2-f9af-42a8-ad43-84168e5a635e",
                    "160a49e9-4cb4-4586-a6fd-92df254a238b",
                    "6938322c-2c02-4d23-9855-443af69e79e2",
                    "cda00e85-6882-49f4-b7bd-cb3434c6855d",
                    "8eb11a01-a258-4e84-b748-4fde0bc4b855"
                ],
                [
                    "bcbb876d-a0b2-447f-af68-c4d9cd9107a3",
                    "160a49e9-4cb4-4586-a6fd-92df254a238b",
                    "75040e83-daa0-4e7b-aff7-32065ee8da3d",
                    "ab97727f-0e58-46c0-84c8-437c7a09c883",
                    "8eb11a01-a258-4e84-b748-4fde0bc4b855"
                ],
                [
                    "701bee10-a883-4809-8a16-90a54a901824",
                    "160a49e9-4cb4-4586-a6fd-92df254a238b",
                    "c159f028-35ad-49c1-8c04-14c6f63e4845",
                    "930c220f-eb98-420e-8241-4184c21f4c7b",
                    "8eb11a01-a258-4e84-b748-4fde0bc4b855"
                ],
                [
                    "701bee10-a883-4809-8a16-90a54a901824",
                    "160a49e9-4cb4-4586-a6fd-92df254a238b",
                    "691133ec-12b5-47ee-9fe3-3998727f0d86",
                    "a40bdeff-27a1-4a46-8779-788c68c3f61d",
                    "8eb11a01-a258-4e84-b748-4fde0bc4b855"
                ],
                [
                    "6e51cc79-5c93-4778-9a11-48ae9c0eae97",
                    "160a49e9-4cb4-4586-a6fd-92df254a238b",
                    "138e2f14-fc91-4838-974f-f2aebbf34983",
                    "4af7007a-a800-4fac-9b93-aad93fcc04fe",
                    "8eb11a01-a258-4e84-b748-4fde0bc4b855"
                ],
                [
                    "6e51cc79-5c93-4778-9a11-48ae9c0eae97",
                    "160a49e9-4cb4-4586-a6fd-92df254a238b",
                    "ca9cca7f-6f04-4f4e-ad67-0eb40994abbf",
                    "0dc84cc9-5790-4145-a64b-24f12fc7cc3a",
                    "8eb11a01-a258-4e84-b748-4fde0bc4b855"
                ],
                [
                    "f325408f-e37a-41a6-96a5-b8acaad9e9ad",
                    "160a49e9-4cb4-4586-a6fd-92df254a238b",
                    "72e1b420-5b1a-4e8b-a53f-b0c826af76ed",
                    "ab97727f-0e58-46c0-84c8-437c7a09c883",
                    "8eb11a01-a258-4e84-b748-4fde0bc4b855"
                ],
                [
                    "bcbb876d-a0b2-447f-af68-c4d9cd9107a3",
                    "160a49e9-4cb4-4586-a6fd-92df254a238b",
                    "469fdc7c-b881-4bc2-ae1b-8ac3665fa45f",
                    "ab97727f-0e58-46c0-84c8-437c7a09c883",
                    "8eb11a01-a258-4e84-b748-4fde0bc4b855"
                ]
            ]
        }
    ]
}