{
    "query_name": "4a_domain_name",
    "query_sql": "SELECT \n\tdomain2.name\nFROM \n\tauthor, organization, writes, publication, conference, domain_author, domain_conference, domain as domain1, domain as domain2\nWHERE\n\tauthor.oid = organization.oid\n\tAND author.aid = writes.aid\n    AND writes.pid = publication.pid\n    AND publication.cid = conference.cid\n    AND conference.cid = domain_conference.cid\n    AND domain_conference.did = domain1.did\n    AND author.aid = domain_author.aid\n    AND domain_author.did = domain2.did\n    AND organization.name = 'Tel Aviv University'\n    AND publication.year > 2000\n    AND domain1.name = 'Databases'\n    AND domain2.name != 'Databases'\nGROUP BY domain2.name",
    "results": [
        {
            "output_tuple": [
                "Human-Computer Interaction"
            ],
            "tuple_id": "0b254515-e439-5ccc-a89e-892c9c6f0b10",
            "dnf": [
                [
                    "59331134-862f-4aaf-9a68-f32c588ecfda",
                    "ae7dece4-dbc4-48fc-96ca-fc6a7d070d35",
                    "4eacadec-b0eb-4704-8389-419ab6636094",
                    "63e2b6d5-1046-4a55-9df1-a5eb2f7ad6e5",
                    "0576060b-7298-40a6-b1d8-90a13ab86e6a",
                    "0fad53b7-82c5-4ed8-a4ca-17650ce08f56"
                ],
                [
                    "59331134-862f-4aaf-9a68-f32c588ecfda",
                    "ae7dece4-dbc4-48fc-96ca-fc6a7d070d35",
                    "9c8257bb-d7ba-40af-b3ac-887a94ca9cd5",
                    "70d177aa-9f42-4af8-af95-0fba2f0bbf04",
                    "0576060b-7298-40a6-b1d8-90a13ab86e6a",
                    "0fad53b7-82c5-4ed8-a4ca-17650ce08f56"
                ],
                [
                    "59331134-862f-4aaf-9a68-f32c588ecfda",
                    "ae7dece4-dbc4-48fc-96ca-fc6a7d070d35",
                    "0eacf7e3-26da-43db-85b3-9fb76fbb5c04",
                    "70d177aa-9f42-4af8-af95-0fba2f0bbf04",
                    "0576060b-7298-40a6-b1d8-90a13ab86e6a",
                    "0fad53b7-82c5-4ed8-a4ca-17650ce08f56"
                ],
                [
                    "59331134-862f-4aaf-9a68-f32c588ecfda",
                    "ae7dece4-dbc4-48fc-96ca-fc6a7d070d35",
                    "fcac16c3-4a7b-46bc-9dc6-2df36cddf473",
                    "669e64cc-fa85-4fae-b0af-7fe82a8cc870",
                    "0576060b-7298-40a6-b1d8-90a13ab86e6a",
                    "0fad53b7-82c5-4ed8-a4ca-17650ce08f56"
                ],
                [
                    "59331134-862f-4aaf-9a68-f32c588ecfda",
                    "ae7dece4-dbc4-48fc-96ca-fc6a7d070d35",
                    "7ce0f9e3-8f01-4ff9-8f91-529cc9b9e100",
                    "669e64cc-fa85-4fae-b0af-7fe82a8cc870",
                    "0576060b-7298-40a6-b1d8-90a13ab86e6a",
                    "0fad53b7-82c5-4ed8-a4ca-17650ce08f56"
                ]
            ]
        },
        {
            "output_tuple": [
                "Networks & Communications"
            ],
            "tuple_id": "26784f03-af63-5c76-a454-81406f3baee9",
            "dnf": [
                [
                    "59331134-862f-4aaf-9a68-f32c588ecfda",
                    "ae7dece4-dbc4-48fc-96ca-fc6a7d070d35",
                    "0eacf7e3-26da-43db-85b3-9fb76fbb5c04",
                    "70d177aa-9f42-4af8-af95-0fba2f0bbf04",
                    "0576060b-7298-40a6-b1d8-90a13ab86e6a",
                    "71196eb2-4dc8-4101-a394-856f038355ec"
                ],
                [
                    "2763e805-5043-48a9-9243-39f3becf6863",
                    "ae7dece4-dbc4-48fc-96ca-fc6a7d070d35",
                    "719de193-92de-48ea-a548-2ce35a940bf4",
                    "fd2ba6d0-41af-4def-ba69-5bd21662b3e0",
                    "0576060b-7298-40a6-b1d8-90a13ab86e6a",
                    "71196eb2-4dc8-4101-a394-856f038355ec"
                ],
                [
                    "59331134-862f-4aaf-9a68-f32c588ecfda",
                    "ae7dece4-dbc4-48fc-96ca-fc6a7d070d35",
                    "4eacadec-b0eb-4704-8389-419ab6636094",
                    "63e2b6d5-1046-4a55-9df1-a5eb2f7ad6e5",
                    "0576060b-7298-40a6-b1d8-90a13ab86e6a",
                    "71196eb2-4dc8-4101-a394-856f038355ec"
                ],
                [
                    "59331134-862f-4aaf-9a68-f32c588ecfda",
                    "ae7dece4-dbc4-48fc-96ca-fc6a7d070d35",
                    "7ce0f9e3-8f01-4ff9-8f91-529cc9b9e100",
                    "669e64cc-fa85-4fae-b0af-7fe82a8cc870",
                    "0576060b-7298-40a6-b1d8-90a13ab86e6a",
                    "71196eb2-4dc8-4101-a394-856f038355ec"
                ],
                [
                    "66bed3f0-caba-43bd-ab50-191551270736",
                    "ae7dece4-dbc4-48fc-96ca-fc6a7d070d35",
                    "719de193-92de-48ea-a548-2ce35a940bf4",
                    "fd2ba6d0-41af-4def-ba69-5bd21662b3e0",
                    "0576060b-7298-40a6-b1d8-90a13ab86e6a",
                    "71196eb2-4dc8-4101-a394-856f038355ec"
                ],
                [
                    "59331134-862f-4aaf-9a68-f32c588ecfda",
                    "ae7dece4-dbc4-48fc-96ca-fc6a7d070d35",
                    "fcac16c3-4a7b-46bc-9dc6-2df36cddf473",
                    "669e64cc-fa85-4fae-b0af-7fe82a8cc870",
                    "0576060b-7298-40a6-b1d8-90a13ab86e6a",
                    "71196eb2-4dc8-4101-a394-856f038355ec"
                ],
                [
                    "a6ba65d7-6125-41cf-aea6-b3de88518ba4",
                    "ae7dece4-dbc4-48fc-96ca-fc6a7d070d35",
                    "719de193-92de-48ea-a548-2ce35a940bf4",
                    "fd2ba6d0-41af-4def-ba69-5bd21662b3e0",
                    "0576060b-7298-40a6-b1d8-90a13ab86e6a",
                    "71196eb2-4dc8-4101-a394-856f038355ec"
                ],
                [
                    "59331134-862f-4aaf-9a68-f32c588ecfda",
                    "ae7dece4-dbc4-48fc-96ca-fc6a7d070d35",
                    "9c8257bb-d7ba-40af-b3ac-887a94ca9cd5",
                    "70d177aa-9f42-4af8-af95-0fba2f0bbf04",
                    "0576060b-7298-40a6-b1d8-90a13ab86e6a",
                    "71196eb2-4dc8-4101-a394-856f038355ec"
                ],
                [
                    "2763e805-5043-48a9-9243-39f3becf6863",
                    "ae7dece4-dbc4-48fc-96ca-fc6a7d070d35",
                    "4a9aa79d-cc33-493f-9676-c580b490f114",
                    "fd2ba6d0-41af-4def-ba69-5bd21662b3e0",
                    "0576060b-7298-40a6-b1d8-90a13ab86e6a",
                    "71196eb2-4dc8-4101-a394-856f038355ec"
                ]
            ]
        },
        {
            "output_tuple": [
                "Security & Privacy"
            ],
            "tuple_id": "2df7fd84-fa3d-57c2-b848-7234b3274eab",
            "dnf": [
                [
                    "e8b92f92-7d77-4663-bd4b-383f7802d534",
                    "ae7dece4-dbc4-48fc-96ca-fc6a7d070d35",
                    "e8f88e43-d6e5-430f-a5c6-8f0c26621005",
                    "b18d07bb-d2a1-417c-a237-434f444adc22",
                    "0576060b-7298-40a6-b1d8-90a13ab86e6a",
                    "4dd74d74-ede4-4761-8a78-fc219f535963"
                ],
                [
                    "e8b92f92-7d77-4663-bd4b-383f7802d534",
                    "ae7dece4-dbc4-48fc-96ca-fc6a7d070d35",
                    "18df6464-53cf-42d5-b86b-22d43d5bdec7",
                    "b18d07bb-d2a1-417c-a237-434f444adc22",
                    "0576060b-7298-40a6-b1d8-90a13ab86e6a",
                    "4dd74d74-ede4-4761-8a78-fc219f535963"
                ]
            ]
        },
        {
            "output_tuple": [
                "Machine Learning & Pattern Recognition"
            ],
            "tuple_id": "2ead1235-4e08-5515-9d2f-0092d17923d0",
            "dnf": [
                [
                    "c29991db-040b-4527-a894-fdadf7fd312c",
                    "ae7dece4-dbc4-48fc-96ca-fc6a7d070d35",
                    "64965688-8223-4349-a280-29e0403398e8",
                    "fd2ba6d0-41af-4def-ba69-5bd21662b3e0",
                    "0576060b-7298-40a6-b1d8-90a13ab86e6a",
                    "402ac43c-61e3-43fb-8935-526d9f5d4e55"
                ],
                [
                    "0c7da114-fdcf-4850-b40c-3f4e282ecdef",
                    "ae7dece4-dbc4-48fc-96ca-fc6a7d070d35",
                    "29f114e9-53e5-4308-8887-76174ce339a7",
                    "fc77d1bd-aaac-4bc6-b335-45a9fc38541b",
                    "0576060b-7298-40a6-b1d8-90a13ab86e6a",
                    "402ac43c-61e3-43fb-8935-526d9f5d4e55"
                ],
                [
                    "c29991db-040b-4527-a894-fdadf7fd312c",
                    "ae7dece4-dbc4-48fc-96ca-fc6a7d070d35",
                    "74e41898-0b50-48bd-a74c-dd496477f34e",
                    "fd2ba6d0-41af-4def-ba69-5bd21662b3e0",
                    "0576060b-7298-40a6-b1d8-90a13ab86e6a",
                    "402ac43c-61e3-43fb-8935-526d9f5d4e55"
                ],
                [
                    "38a256e6-1f24-49da-87f7-7cbec7e71dc1",
                    "ae7dece4-dbc4-48fc-96ca-fc6a7d070d35",
                    "29f114e9-53e5-4308-8887-76174ce339a7",
                    "fc77d1bd-aaac-4bc6-b335-45a9fc38541b",
                    "0576060b-7298-40a6-b1d8-90a13ab86e6a",
                    "402ac43c-61e3-43fb-8935-526d9f5d4e55"
                ],
                [
                    "c29991db-040b-4527-a894-fdadf7fd312c",
                    "ae7dece4-dbc4-48fc-96ca-fc6a7d070d35",
                    "96be937e-4ae3-4762-8a6b-aeedb3d26b1f",
                    "fd2ba6d0-41af-4def-ba69-5bd21662b3e0",
                    "0576060b-7298-40a6-b1d8-90a13ab86e6a",
                    "402ac43c-61e3-43fb-8935-526d9f5d4e55"
                ]
            ]
        },
        {
            "output_tuple": [
                "Scientific Computing"
            ],
            "tuple_id": "2f97fb75-62ee-5453-8815-bd89ff43f075",
            "dnf": [
                [
                    "53b5a9d0-2fa8-4d8f-8e18-272089dd5aeb",
                    "ae7dece4-dbc4-48fc-96ca-fc6a7d070d35",
                    "350e4090-8c44-4f1a-a2f9-c3ad5fcf10c6",
                    "ca06d347-e447-4176-8710-df95c3c3cf23",
                    "0576060b-7298-40a6-b1d8-90a13ab86e6a",
                    "003270a8-6160-4279-bedf-028801e8529a"
                ],
                [
                    "48023934-f6e6-45e6-8bf2-d63124fdbb39",
                    "ae7dece4-dbc4-48fc-96ca-fc6a7d070d35",
                    "b2bbd2f4-4559-48a8-921e-e7897726f48a",
                    "0d960ad3-c06e-4218-acde-c8a20f235f01",
                    "0576060b-7298-40a6-b1d8-90a13ab86e6a",
                    "003270a8-6160-4279-bedf-028801e8529a"
                ],
                [
                    "a8945ed5-9e1b-4c60-81c6-09360a5904a0",
                    "ae7dece4-dbc4-48fc-96ca-fc6a7d070d35",
                    "497c724b-de07-4e40-8d4f-e11fd49282b4",
                    "87702e88-9871-486c-adfb-0129cfd1f210",
                    "0576060b-7298-40a6-b1d8-90a13ab86e6a",
                    "003270a8-6160-4279-bedf-028801e8529a"
                ],
                [
                    "ef741c64-9b62-49cf-b022-042f5918efca",
                    "ae7dece4-dbc4-48fc-96ca-fc6a7d070d35",
                    "15b51e28-1215-45f6-8dce-b97c3836c87b",
                    "87702e88-9871-486c-adfb-0129cfd1f210",
                    "0576060b-7298-40a6-b1d8-90a13ab86e6a",
                    "003270a8-6160-4279-bedf-028801e8529a"
                ],
                [
                    "a8945ed5-9e1b-4c60-81c6-09360a5904a0",
                    "ae7dece4-dbc4-48fc-96ca-fc6a7d070d35",
                    "d3e54309-d6fd-4624-a61d-885977d34984",
                    "9434dddd-456e-4a6b-8331-f63ecb2b446a",
                    "0576060b-7298-40a6-b1d8-90a13ab86e6a",
                    "003270a8-6160-4279-bedf-028801e8529a"
                ],
                [
                    "53b5a9d0-2fa8-4d8f-8e18-272089dd5aeb",
                    "ae7dece4-dbc4-48fc-96ca-fc6a7d070d35",
                    "0963936c-fd0a-4d29-b97a-d50322984cbf",
                    "b562b31d-337b-4ca8-afa1-ea209af1a48d",
                    "0576060b-7298-40a6-b1d8-90a13ab86e6a",
                    "003270a8-6160-4279-bedf-028801e8529a"
                ],
                [
                    "fe75f4d6-8b72-45fe-8de1-6b121d6298cd",
                    "ae7dece4-dbc4-48fc-96ca-fc6a7d070d35",
                    "5c03ad54-a1cc-4802-a18b-2430aa910b7c",
                    "7bf56238-4259-4058-ae94-df4ebfa36909",
                    "0576060b-7298-40a6-b1d8-90a13ab86e6a",
                    "003270a8-6160-4279-bedf-028801e8529a"
                ],
                [
                    "a8945ed5-9e1b-4c60-81c6-09360a5904a0",
                    "ae7dece4-dbc4-48fc-96ca-fc6a7d070d35",
                    "d81404a5-d926-4cfe-8dbb-45ba4eec6932",
                    "87702e88-9871-486c-adfb-0129cfd1f210",
                    "0576060b-7298-40a6-b1d8-90a13ab86e6a",
                    "003270a8-6160-4279-bedf-028801e8529a"
                ],
                [
                    "48023934-f6e6-45e6-8bf2-d63124fdbb39",
                    "ae7dece4-dbc4-48fc-96ca-fc6a7d070d35",
                    "b1ea814a-4016-48ad-819d-61cd09b456b4",
                    "eccac072-2138-4d11-9f65-69acf295b9f2",
                    "0576060b-7298-40a6-b1d8-90a13ab86e6a",
                    "003270a8-6160-4279-bedf-028801e8529a"
                ],
                [
                    "ef741c64-9b62-49cf-b022-042f5918efca",
                    "ae7dece4-dbc4-48fc-96ca-fc6a7d070d35",
                    "c5e1534d-825e-4e6f-9f63-9f80709b0155",
                    "87702e88-9871-486c-adfb-0129cfd1f210",
                    "0576060b-7298-40a6-b1d8-90a13ab86e6a",
                    "003270a8-6160-4279-bedf-028801e8529a"
                ],
                [
                    "a8945ed5-9e1b-4c60-81c6-09360a5904a0",
                    "ae7dece4-dbc4-48fc-96ca-fc6a7d070d35",
                    "03061231-d714-4a07-8597-a0f6c1513927",
                    "eccac072-2138-4d11-9f65-69acf295b9f2",
                    "0576060b-7298-40a6-b1d8-90a13ab86e6a",
                    "003270a8-6160-4279-bedf-028801e8529a"
                ],
                [
                    "48023934-f6e6-45e6-8bf2-d63124fdbb39",
                    "ae7dece4-dbc4-48fc-96ca-fc6a7d070d35",
                    "afa167a3-80ff-4a83-a9fa-a678b79eb3fb",
                    "9434dddd-456e-4a6b-8331-f63ecb2b446a",
                    "0576060b-7298-40a6-b1d8-90a13ab86e6a",
                    "003270a8-6160-4279-bedf-028801e8529a"
                ],
                [
                    "a8945ed5-9e1b-4c60-81c6-09360a5904a0",
                    "ae7dece4-dbc4-48fc-96ca-fc6a7d070d35",
                    "0963936c-fd0a-4d29-b97a-d50322984cbf",
                    "b562b31d-337b-4ca8-afa1-ea209af1a48d",
                    "0576060b-7298-40a6-b1d8-90a13ab86e6a",
                    "003270a8-6160-4279-bedf-028801e8529a"
                ],
                [
                    "48023934-f6e6-45e6-8bf2-d63124fdbb39",
                    "ae7dece4-dbc4-48fc-96ca-fc6a7d070d35",
                    "5c03ad54-a1cc-4802-a18b-2430aa910b7c",
                    "7bf56238-4259-4058-ae94-df4ebfa36909",
                    "0576060b-7298-40a6-b1d8-90a13ab86e6a",
                    "003270a8-6160-4279-bedf-028801e8529a"
                ],
                [
                    "a8945ed5-9e1b-4c60-81c6-09360a5904a0",
                    "ae7dece4-dbc4-48fc-96ca-fc6a7d070d35",
                    "24dbe3a3-dc95-4d1d-b4a4-f228218f9fe5",
                    "87702e88-9871-486c-adfb-0129cfd1f210",
                    "0576060b-7298-40a6-b1d8-90a13ab86e6a",
                    "003270a8-6160-4279-bedf-028801e8529a"
                ]
            ]
        },
        {
            "output_tuple": [
                "Programming Languages"
            ],
            "tuple_id": "4bfb67f8-03ce-5108-8b76-10e6415f9fc8",
            "dnf": [
                [
                    "699f1b02-33ff-48f7-95ac-c3b90c35bcb6",
                    "ae7dece4-dbc4-48fc-96ca-fc6a7d070d35",
                    "6a87680e-1447-45ee-b9da-0a4887cc4fe9",
                    "63e2b6d5-1046-4a55-9df1-a5eb2f7ad6e5",
                    "0576060b-7298-40a6-b1d8-90a13ab86e6a",
                    "77a6b233-6cb4-4006-91f8-d65fd7944859"
                ]
            ]
        },
        {
            "output_tuple": [
                "Data Mining"
            ],
            "tuple_id": "52044eda-a2b5-5cae-bf9e-acf90858ece8",
            "dnf": [
                [
                    "0602d4a9-90d2-40c5-88fe-60b673056bc3",
                    "ae7dece4-dbc4-48fc-96ca-fc6a7d070d35",
                    "088a43f9-eb3b-4231-a829-845b023eb894",
                    "15fafe6e-83a1-46a0-a299-f8823f5a094e",
                    "0576060b-7298-40a6-b1d8-90a13ab86e6a",
                    "0e4d23dc-6408-4861-a022-6c93221d97ef"
                ],
                [
                    "da923b09-a181-4692-a53a-1dcd15e6eabc",
                    "ae7dece4-dbc4-48fc-96ca-fc6a7d070d35",
                    "d4f8f6d5-3c6c-4c76-a012-d2d0508ee976",
                    "758a034e-e576-4916-ab47-1046882ce8b0",
                    "0576060b-7298-40a6-b1d8-90a13ab86e6a",
                    "0e4d23dc-6408-4861-a022-6c93221d97ef"
                ],
                [
                    "0602d4a9-90d2-40c5-88fe-60b673056bc3",
                    "ae7dece4-dbc4-48fc-96ca-fc6a7d070d35",
                    "e2ebadeb-cc8c-4309-85d2-ba2c5398d6b8",
                    "aff3c690-0e6c-42c6-bd9d-1a5802c7a9b1",
                    "0576060b-7298-40a6-b1d8-90a13ab86e6a",
                    "0e4d23dc-6408-4861-a022-6c93221d97ef"
                ],
                [
                    "da923b09-a181-4692-a53a-1dcd15e6eabc",
                    "ae7dece4-dbc4-48fc-96ca-fc6a7d070d35",
                    "6c01f8fe-b9e6-4b81-bf45-0a975c400ca7",
                    "758a034e-e576-4916-ab47-1046882ce8b0",
                    "0576060b-7298-40a6-b1d8-90a13ab86e6a",
                    "0e4d23dc-6408-4861-a022-6c93221d97ef"
                ],
                [
                    "da923b09-a181-4692-a53a-1dcd15e6eabc",
                    "ae7dece4-dbc4-48fc-96ca-fc6a7d070d35",
                    "fc1412da-d97e-41d7-9a33-2486dc15cfdf",
                    "758a034e-e576-4916-ab47-1046882ce8b0",
                    "0576060b-7298-40a6-b1d8-90a13ab86e6a",
                    "0e4d23dc-6408-4861-a022-6c93221d97ef"
                ],
                [
                    "a6ba65d7-6125-41cf-aea6-b3de88518ba4",
                    "ae7dece4-dbc4-48fc-96ca-fc6a7d070d35",
                    "719de193-92de-48ea-a548-2ce35a940bf4",
                    "fd2ba6d0-41af-4def-ba69-5bd21662b3e0",
                    "0576060b-7298-40a6-b1d8-90a13ab86e6a",
                    "0e4d23dc-6408-4861-a022-6c93221d97ef"
                ],
                [
                    "0602d4a9-90d2-40c5-88fe-60b673056bc3",
                    "ae7dece4-dbc4-48fc-96ca-fc6a7d070d35",
                    "14042681-026a-4380-b7f7-281aafc00da1",
                    "ca06d347-e447-4176-8710-df95c3c3cf23",
                    "0576060b-7298-40a6-b1d8-90a13ab86e6a",
                    "0e4d23dc-6408-4861-a022-6c93221d97ef"
                ],
                [
                    "da923b09-a181-4692-a53a-1dcd15e6eabc",
                    "ae7dece4-dbc4-48fc-96ca-fc6a7d070d35",
                    "d3e54309-d6fd-4624-a61d-885977d34984",
                    "9434dddd-456e-4a6b-8331-f63ecb2b446a",
                    "0576060b-7298-40a6-b1d8-90a13ab86e6a",
                    "0e4d23dc-6408-4861-a022-6c93221d97ef"
                ],
                [
                    "0602d4a9-90d2-40c5-88fe-60b673056bc3",
                    "ae7dece4-dbc4-48fc-96ca-fc6a7d070d35",
                    "99b009b3-3838-46b6-8572-3f645850831c",
                    "63e2b6d5-1046-4a55-9df1-a5eb2f7ad6e5",
                    "0576060b-7298-40a6-b1d8-90a13ab86e6a",
                    "0e4d23dc-6408-4861-a022-6c93221d97ef"
                ],
                [
                    "da923b09-a181-4692-a53a-1dcd15e6eabc",
                    "ae7dece4-dbc4-48fc-96ca-fc6a7d070d35",
                    "06514334-df81-426e-9170-3c4b0b65106a",
                    "fd2ba6d0-41af-4def-ba69-5bd21662b3e0",
                    "0576060b-7298-40a6-b1d8-90a13ab86e6a",
                    "0e4d23dc-6408-4861-a022-6c93221d97ef"
                ],
                [
                    "da923b09-a181-4692-a53a-1dcd15e6eabc",
                    "ae7dece4-dbc4-48fc-96ca-fc6a7d070d35",
                    "0fc2e849-2455-46f6-a151-7662e71b546b",
                    "0d960ad3-c06e-4218-acde-c8a20f235f01",
                    "0576060b-7298-40a6-b1d8-90a13ab86e6a",
                    "0e4d23dc-6408-4861-a022-6c93221d97ef"
                ],
                [
                    "da923b09-a181-4692-a53a-1dcd15e6eabc",
                    "ae7dece4-dbc4-48fc-96ca-fc6a7d070d35",
                    "5b995fd8-0232-43dd-bfc6-86430763f657",
                    "eccac072-2138-4d11-9f65-69acf295b9f2",
                    "0576060b-7298-40a6-b1d8-90a13ab86e6a",
                    "0e4d23dc-6408-4861-a022-6c93221d97ef"
                ],
                [
                    "0602d4a9-90d2-40c5-88fe-60b673056bc3",
                    "ae7dece4-dbc4-48fc-96ca-fc6a7d070d35",
                    "887c3011-aeaf-4192-b038-dd0010fbc442",
                    "758a034e-e576-4916-ab47-1046882ce8b0",
                    "0576060b-7298-40a6-b1d8-90a13ab86e6a",
                    "0e4d23dc-6408-4861-a022-6c93221d97ef"
                ],
                [
                    "0602d4a9-90d2-40c5-88fe-60b673056bc3",
                    "ae7dece4-dbc4-48fc-96ca-fc6a7d070d35",
                    "6ec9add1-1eaa-47e2-a2b2-4d57487a37ba",
                    "b18d07bb-d2a1-417c-a237-434f444adc22",
                    "0576060b-7298-40a6-b1d8-90a13ab86e6a",
                    "0e4d23dc-6408-4861-a022-6c93221d97ef"
                ]
            ]
        },
        {
            "output_tuple": [
                "Artificial Intelligence"
            ],
            "tuple_id": "7ab82c19-23e8-5f2b-99b9-58edf881e34d",
            "dnf": [
                [
                    "d2b88e76-a633-4489-9243-8697dc90981c",
                    "ae7dece4-dbc4-48fc-96ca-fc6a7d070d35",
                    "206647eb-33d5-4478-a4f3-bc6de5921ae5",
                    "624c729a-be9d-4dd9-a1fc-dbb6553898ec",
                    "0576060b-7298-40a6-b1d8-90a13ab86e6a",
                    "f9e495e4-ce3a-4c6e-9c59-5704d4e5c868"
                ],
                [
                    "bdac8697-8fc2-4f29-9c7c-0cc021ed0a9e",
                    "ae7dece4-dbc4-48fc-96ca-fc6a7d070d35",
                    "4a9aa79d-cc33-493f-9676-c580b490f114",
                    "fd2ba6d0-41af-4def-ba69-5bd21662b3e0",
                    "0576060b-7298-40a6-b1d8-90a13ab86e6a",
                    "f9e495e4-ce3a-4c6e-9c59-5704d4e5c868"
                ],
                [
                    "851af5fe-b42c-49bf-af66-a79d3a8ac00e",
                    "ae7dece4-dbc4-48fc-96ca-fc6a7d070d35",
                    "db1aebe4-7510-4df5-9a92-d1fed8dc52f9",
                    "aff3c690-0e6c-42c6-bd9d-1a5802c7a9b1",
                    "0576060b-7298-40a6-b1d8-90a13ab86e6a",
                    "f9e495e4-ce3a-4c6e-9c59-5704d4e5c868"
                ],
                [
                    "0602d4a9-90d2-40c5-88fe-60b673056bc3",
                    "ae7dece4-dbc4-48fc-96ca-fc6a7d070d35",
                    "6ec9add1-1eaa-47e2-a2b2-4d57487a37ba",
                    "b18d07bb-d2a1-417c-a237-434f444adc22",
                    "0576060b-7298-40a6-b1d8-90a13ab86e6a",
                    "f9e495e4-ce3a-4c6e-9c59-5704d4e5c868"
                ],
                [
                    "d2b88e76-a633-4489-9243-8697dc90981c",
                    "ae7dece4-dbc4-48fc-96ca-fc6a7d070d35",
                    "6b355474-d263-45d7-8068-f7c0434ed231",
                    "624c729a-be9d-4dd9-a1fc-dbb6553898ec",
                    "0576060b-7298-40a6-b1d8-90a13ab86e6a",
                    "f9e495e4-ce3a-4c6e-9c59-5704d4e5c868"
                ],
                [
                    "851af5fe-b42c-49bf-af66-a79d3a8ac00e",
                    "ae7dece4-dbc4-48fc-96ca-fc6a7d070d35",
                    "6436af17-23bc-4ec0-b9b5-e56e00c90f05",
                    "aff3c690-0e6c-42c6-bd9d-1a5802c7a9b1",
                    "0576060b-7298-40a6-b1d8-90a13ab86e6a",
                    "f9e495e4-ce3a-4c6e-9c59-5704d4e5c868"
                ],
                [
                    "0602d4a9-90d2-40c5-88fe-60b673056bc3",
                    "ae7dece4-dbc4-48fc-96ca-fc6a7d070d35",
                    "e2ebadeb-cc8c-4309-85d2-ba2c5398d6b8",
                    "aff3c690-0e6c-42c6-bd9d-1a5802c7a9b1",
                    "0576060b-7298-40a6-b1d8-90a13ab86e6a",
                    "f9e495e4-ce3a-4c6e-9c59-5704d4e5c868"
                ],
                [
                    "851af5fe-b42c-49bf-af66-a79d3a8ac00e",
                    "ae7dece4-dbc4-48fc-96ca-fc6a7d070d35",
                    "be126920-03f9-45bc-b0db-4c51c568cc9a",
                    "aff3c690-0e6c-42c6-bd9d-1a5802c7a9b1",
                    "0576060b-7298-40a6-b1d8-90a13ab86e6a",
                    "f9e495e4-ce3a-4c6e-9c59-5704d4e5c868"
                ],
                [
                    "851af5fe-b42c-49bf-af66-a79d3a8ac00e",
                    "ae7dece4-dbc4-48fc-96ca-fc6a7d070d35",
                    "729c0fe3-0edc-437e-8fc6-71257ddbd7f0",
                    "1e44b971-4dd5-4304-8a8e-5986efe07321",
                    "0576060b-7298-40a6-b1d8-90a13ab86e6a",
                    "f9e495e4-ce3a-4c6e-9c59-5704d4e5c868"
                ],
                [
                    "0602d4a9-90d2-40c5-88fe-60b673056bc3",
                    "ae7dece4-dbc4-48fc-96ca-fc6a7d070d35",
                    "14042681-026a-4380-b7f7-281aafc00da1",
                    "ca06d347-e447-4176-8710-df95c3c3cf23",
                    "0576060b-7298-40a6-b1d8-90a13ab86e6a",
                    "f9e495e4-ce3a-4c6e-9c59-5704d4e5c868"
                ],
                [
                    "fc0fffaa-e40d-45db-9398-c02a6d978ed3",
                    "ae7dece4-dbc4-48fc-96ca-fc6a7d070d35",
                    "b16c43c7-f04a-457d-b12e-68eff3ad5681",
                    "7bf56238-4259-4058-ae94-df4ebfa36909",
                    "0576060b-7298-40a6-b1d8-90a13ab86e6a",
                    "f9e495e4-ce3a-4c6e-9c59-5704d4e5c868"
                ],
                [
                    "187aaefd-4655-40e4-8c36-a25b861b8792",
                    "ae7dece4-dbc4-48fc-96ca-fc6a7d070d35",
                    "db1aebe4-7510-4df5-9a92-d1fed8dc52f9",
                    "aff3c690-0e6c-42c6-bd9d-1a5802c7a9b1",
                    "0576060b-7298-40a6-b1d8-90a13ab86e6a",
                    "f9e495e4-ce3a-4c6e-9c59-5704d4e5c868"
                ],
                [
                    "0602d4a9-90d2-40c5-88fe-60b673056bc3",
                    "ae7dece4-dbc4-48fc-96ca-fc6a7d070d35",
                    "088a43f9-eb3b-4231-a829-845b023eb894",
                    "15fafe6e-83a1-46a0-a299-f8823f5a094e",
                    "0576060b-7298-40a6-b1d8-90a13ab86e6a",
                    "f9e495e4-ce3a-4c6e-9c59-5704d4e5c868"
                ],
                [
                    "474cc79a-aa93-4d94-abc8-b4bdd6af93a6",
                    "ae7dece4-dbc4-48fc-96ca-fc6a7d070d35",
                    "29f114e9-53e5-4308-8887-76174ce339a7",
                    "fc77d1bd-aaac-4bc6-b335-45a9fc38541b",
                    "0576060b-7298-40a6-b1d8-90a13ab86e6a",
                    "f9e495e4-ce3a-4c6e-9c59-5704d4e5c868"
                ],
                [
                    "0602d4a9-90d2-40c5-88fe-60b673056bc3",
                    "ae7dece4-dbc4-48fc-96ca-fc6a7d070d35",
                    "887c3011-aeaf-4192-b038-dd0010fbc442",
                    "758a034e-e576-4916-ab47-1046882ce8b0",
                    "0576060b-7298-40a6-b1d8-90a13ab86e6a",
                    "f9e495e4-ce3a-4c6e-9c59-5704d4e5c868"
                ],
                [
                    "d2b88e76-a633-4489-9243-8697dc90981c",
                    "ae7dece4-dbc4-48fc-96ca-fc6a7d070d35",
                    "c8a3cc1b-9c66-441c-be14-cce808af347b",
                    "913341f5-1901-459a-bcbb-4f9e6e9eead4",
                    "0576060b-7298-40a6-b1d8-90a13ab86e6a",
                    "f9e495e4-ce3a-4c6e-9c59-5704d4e5c868"
                ],
                [
                    "0602d4a9-90d2-40c5-88fe-60b673056bc3",
                    "ae7dece4-dbc4-48fc-96ca-fc6a7d070d35",
                    "99b009b3-3838-46b6-8572-3f645850831c",
                    "63e2b6d5-1046-4a55-9df1-a5eb2f7ad6e5",
                    "0576060b-7298-40a6-b1d8-90a13ab86e6a",
                    "f9e495e4-ce3a-4c6e-9c59-5704d4e5c868"
                ]
            ]
        },
        {
            "output_tuple": [
                "Information Retrieval"
            ],
            "tuple_id": "810662ab-faf2-575b-bd96-6659e44b3538",
            "dnf": [
                [
                    "c29991db-040b-4527-a894-fdadf7fd312c",
                    "ae7dece4-dbc4-48fc-96ca-fc6a7d070d35",
                    "74e41898-0b50-48bd-a74c-dd496477f34e",
                    "fd2ba6d0-41af-4def-ba69-5bd21662b3e0",
                    "0576060b-7298-40a6-b1d8-90a13ab86e6a",
                    "35da65fc-ab8f-4b67-8ea6-7deff082a9dd"
                ],
                [
                    "c29991db-040b-4527-a894-fdadf7fd312c",
                    "ae7dece4-dbc4-48fc-96ca-fc6a7d070d35",
                    "64965688-8223-4349-a280-29e0403398e8",
                    "fd2ba6d0-41af-4def-ba69-5bd21662b3e0",
                    "0576060b-7298-40a6-b1d8-90a13ab86e6a",
                    "35da65fc-ab8f-4b67-8ea6-7deff082a9dd"
                ],
                [
                    "e4b39a21-a058-4c3c-93fd-48c714fc5801",
                    "ae7dece4-dbc4-48fc-96ca-fc6a7d070d35",
                    "36f480d8-1b62-480e-9c8f-96186313ebc0",
                    "0d960ad3-c06e-4218-acde-c8a20f235f01",
                    "0576060b-7298-40a6-b1d8-90a13ab86e6a",
                    "35da65fc-ab8f-4b67-8ea6-7deff082a9dd"
                ],
                [
                    "c29991db-040b-4527-a894-fdadf7fd312c",
                    "ae7dece4-dbc4-48fc-96ca-fc6a7d070d35",
                    "96be937e-4ae3-4762-8a6b-aeedb3d26b1f",
                    "fd2ba6d0-41af-4def-ba69-5bd21662b3e0",
                    "0576060b-7298-40a6-b1d8-90a13ab86e6a",
                    "35da65fc-ab8f-4b67-8ea6-7deff082a9dd"
                ]
            ]
        },
        {
            "output_tuple": [
                "Graphics"
            ],
            "tuple_id": "8a19cb8c-6ef6-53ee-ac0c-f725dc1f9d25",
            "dnf": [
                [
                    "246d11b8-240b-4fc2-bdaf-243b782d1501",
                    "ae7dece4-dbc4-48fc-96ca-fc6a7d070d35",
                    "dce9cc5f-f84d-43b9-8c79-34759c8e8628",
                    "63e2b6d5-1046-4a55-9df1-a5eb2f7ad6e5",
                    "0576060b-7298-40a6-b1d8-90a13ab86e6a",
                    "fb7dc15f-7060-42b0-b4d7-8efb96c1694a"
                ],
                [
                    "af392f6f-ec94-4408-9145-a2084b96ebee",
                    "ae7dece4-dbc4-48fc-96ca-fc6a7d070d35",
                    "bdaa1f26-953b-4d0d-9166-15d1f4b75486",
                    "42971226-9129-4e4c-9657-401b19d0c19b",
                    "0576060b-7298-40a6-b1d8-90a13ab86e6a",
                    "fb7dc15f-7060-42b0-b4d7-8efb96c1694a"
                ]
            ]
        },
        {
            "output_tuple": [
                "Software Engineering"
            ],
            "tuple_id": "9d3204a3-91d7-5ef7-9101-7211b7a3b9ba",
            "dnf": [
                [
                    "e8b92f92-7d77-4663-bd4b-383f7802d534",
                    "ae7dece4-dbc4-48fc-96ca-fc6a7d070d35",
                    "e8f88e43-d6e5-430f-a5c6-8f0c26621005",
                    "b18d07bb-d2a1-417c-a237-434f444adc22",
                    "0576060b-7298-40a6-b1d8-90a13ab86e6a",
                    "68cd9c01-9845-413d-9951-b75a6f72aa05"
                ],
                [
                    "699f1b02-33ff-48f7-95ac-c3b90c35bcb6",
                    "ae7dece4-dbc4-48fc-96ca-fc6a7d070d35",
                    "6a87680e-1447-45ee-b9da-0a4887cc4fe9",
                    "63e2b6d5-1046-4a55-9df1-a5eb2f7ad6e5",
                    "0576060b-7298-40a6-b1d8-90a13ab86e6a",
                    "68cd9c01-9845-413d-9951-b75a6f72aa05"
                ],
                [
                    "e8b92f92-7d77-4663-bd4b-383f7802d534",
                    "ae7dece4-dbc4-48fc-96ca-fc6a7d070d35",
                    "18df6464-53cf-42d5-b86b-22d43d5bdec7",
                    "b18d07bb-d2a1-417c-a237-434f444adc22",
                    "0576060b-7298-40a6-b1d8-90a13ab86e6a",
                    "68cd9c01-9845-413d-9951-b75a6f72aa05"
                ],
                [
                    "73246afd-ce9c-4403-9e53-d2681ce9eca1",
                    "ae7dece4-dbc4-48fc-96ca-fc6a7d070d35",
                    "6352ac74-3011-429f-879a-79725dbe14e5",
                    "34612709-fe62-41d6-a889-9978c79b32f1",
                    "0576060b-7298-40a6-b1d8-90a13ab86e6a",
                    "68cd9c01-9845-413d-9951-b75a6f72aa05"
                ],
                [
                    "96961b89-4f25-4f47-b94f-fceadf9f046d",
                    "ae7dece4-dbc4-48fc-96ca-fc6a7d070d35",
                    "dfb14c7f-3fca-4747-863b-6caf73cc9e8d",
                    "1e44b971-4dd5-4304-8a8e-5986efe07321",
                    "0576060b-7298-40a6-b1d8-90a13ab86e6a",
                    "68cd9c01-9845-413d-9951-b75a6f72aa05"
                ],
                [
                    "982bc6b9-a664-4719-a6b6-ad6e332abf06",
                    "ae7dece4-dbc4-48fc-96ca-fc6a7d070d35",
                    "071c5849-0da2-40a3-abfb-723b10d39b32",
                    "624c729a-be9d-4dd9-a1fc-dbb6553898ec",
                    "0576060b-7298-40a6-b1d8-90a13ab86e6a",
                    "68cd9c01-9845-413d-9951-b75a6f72aa05"
                ]
            ]
        },
        {
            "output_tuple": [
                "Algorithms & Theory"
            ],
            "tuple_id": "bd54e4d0-613d-5e4f-a340-f5069c58aef8",
            "dnf": [
                [
                    "a8945ed5-9e1b-4c60-81c6-09360a5904a0",
                    "ae7dece4-dbc4-48fc-96ca-fc6a7d070d35",
                    "03061231-d714-4a07-8597-a0f6c1513927",
                    "eccac072-2138-4d11-9f65-69acf295b9f2",
                    "0576060b-7298-40a6-b1d8-90a13ab86e6a",
                    "23df300b-e90d-4d4b-92fe-60f2e38631f8"
                ],
                [
                    "187aaefd-4655-40e4-8c36-a25b861b8792",
                    "ae7dece4-dbc4-48fc-96ca-fc6a7d070d35",
                    "db1aebe4-7510-4df5-9a92-d1fed8dc52f9",
                    "aff3c690-0e6c-42c6-bd9d-1a5802c7a9b1",
                    "0576060b-7298-40a6-b1d8-90a13ab86e6a",
                    "23df300b-e90d-4d4b-92fe-60f2e38631f8"
                ],
                [
                    "1088ba6d-b4e0-41d4-a08e-51cb6bb85d90",
                    "ae7dece4-dbc4-48fc-96ca-fc6a7d070d35",
                    "5d2943fe-c820-4306-a5e4-49c72f4e65d3",
                    "0d960ad3-c06e-4218-acde-c8a20f235f01",
                    "0576060b-7298-40a6-b1d8-90a13ab86e6a",
                    "23df300b-e90d-4d4b-92fe-60f2e38631f8"
                ],
                [
                    "1088ba6d-b4e0-41d4-a08e-51cb6bb85d90",
                    "ae7dece4-dbc4-48fc-96ca-fc6a7d070d35",
                    "b1ea814a-4016-48ad-819d-61cd09b456b4",
                    "eccac072-2138-4d11-9f65-69acf295b9f2",
                    "0576060b-7298-40a6-b1d8-90a13ab86e6a",
                    "23df300b-e90d-4d4b-92fe-60f2e38631f8"
                ],
                [
                    "747374d5-8a98-48ca-827b-c27fef238bd4",
                    "ae7dece4-dbc4-48fc-96ca-fc6a7d070d35",
                    "5f267fbd-a84f-4cb1-9640-241c2fe15604",
                    "758a034e-e576-4916-ab47-1046882ce8b0",
                    "0576060b-7298-40a6-b1d8-90a13ab86e6a",
                    "23df300b-e90d-4d4b-92fe-60f2e38631f8"
                ],
                [
                    "1088ba6d-b4e0-41d4-a08e-51cb6bb85d90",
                    "ae7dece4-dbc4-48fc-96ca-fc6a7d070d35",
                    "1a5437dd-68c8-492a-bb5b-e56e270ca846",
                    "7a81cde0-a883-4e50-b9bd-65d606419f0f",
                    "0576060b-7298-40a6-b1d8-90a13ab86e6a",
                    "23df300b-e90d-4d4b-92fe-60f2e38631f8"
                ],
                [
                    "1088ba6d-b4e0-41d4-a08e-51cb6bb85d90",
                    "ae7dece4-dbc4-48fc-96ca-fc6a7d070d35",
                    "6c01f8fe-b9e6-4b81-bf45-0a975c400ca7",
                    "758a034e-e576-4916-ab47-1046882ce8b0",
                    "0576060b-7298-40a6-b1d8-90a13ab86e6a",
                    "23df300b-e90d-4d4b-92fe-60f2e38631f8"
                ],
                [
                    "1088ba6d-b4e0-41d4-a08e-51cb6bb85d90",
                    "ae7dece4-dbc4-48fc-96ca-fc6a7d070d35",
                    "d4f8f6d5-3c6c-4c76-a012-d2d0508ee976",
                    "758a034e-e576-4916-ab47-1046882ce8b0",
                    "0576060b-7298-40a6-b1d8-90a13ab86e6a",
                    "23df300b-e90d-4d4b-92fe-60f2e38631f8"
                ],
                [
                    "1088ba6d-b4e0-41d4-a08e-51cb6bb85d90",
                    "ae7dece4-dbc4-48fc-96ca-fc6a7d070d35",
                    "8da1d0ce-0315-4a5d-9346-39636b1ffb88",
                    "7a81cde0-a883-4e50-b9bd-65d606419f0f",
                    "0576060b-7298-40a6-b1d8-90a13ab86e6a",
                    "23df300b-e90d-4d4b-92fe-60f2e38631f8"
                ],
                [
                    "1088ba6d-b4e0-41d4-a08e-51cb6bb85d90",
                    "ae7dece4-dbc4-48fc-96ca-fc6a7d070d35",
                    "7c7dccf9-7fd7-49bf-a132-3aadb8ec7544",
                    "eccac072-2138-4d11-9f65-69acf295b9f2",
                    "0576060b-7298-40a6-b1d8-90a13ab86e6a",
                    "23df300b-e90d-4d4b-92fe-60f2e38631f8"
                ],
                [
                    "1088ba6d-b4e0-41d4-a08e-51cb6bb85d90",
                    "ae7dece4-dbc4-48fc-96ca-fc6a7d070d35",
                    "640ef229-d970-4a5b-a139-81cfd184655d",
                    "7a81cde0-a883-4e50-b9bd-65d606419f0f",
                    "0576060b-7298-40a6-b1d8-90a13ab86e6a",
                    "23df300b-e90d-4d4b-92fe-60f2e38631f8"
                ],
                [
                    "48023934-f6e6-45e6-8bf2-d63124fdbb39",
                    "ae7dece4-dbc4-48fc-96ca-fc6a7d070d35",
                    "afa167a3-80ff-4a83-a9fa-a678b79eb3fb",
                    "9434dddd-456e-4a6b-8331-f63ecb2b446a",
                    "0576060b-7298-40a6-b1d8-90a13ab86e6a",
                    "23df300b-e90d-4d4b-92fe-60f2e38631f8"
                ],
                [
                    "1088ba6d-b4e0-41d4-a08e-51cb6bb85d90",
                    "ae7dece4-dbc4-48fc-96ca-fc6a7d070d35",
                    "63bc59d4-5522-4969-9ba9-c04e03ee2d10",
                    "758a034e-e576-4916-ab47-1046882ce8b0",
                    "0576060b-7298-40a6-b1d8-90a13ab86e6a",
                    "23df300b-e90d-4d4b-92fe-60f2e38631f8"
                ],
                [
                    "1088ba6d-b4e0-41d4-a08e-51cb6bb85d90",
                    "ae7dece4-dbc4-48fc-96ca-fc6a7d070d35",
                    "c43d8296-4cfa-4c19-8bec-f3c4c95a42de",
                    "eccac072-2138-4d11-9f65-69acf295b9f2",
                    "0576060b-7298-40a6-b1d8-90a13ab86e6a",
                    "23df300b-e90d-4d4b-92fe-60f2e38631f8"
                ],
                [
                    "1088ba6d-b4e0-41d4-a08e-51cb6bb85d90",
                    "ae7dece4-dbc4-48fc-96ca-fc6a7d070d35",
                    "6d7bfaa7-54b8-4de2-a951-7c5847257288",
                    "7bf56238-4259-4058-ae94-df4ebfa36909",
                    "0576060b-7298-40a6-b1d8-90a13ab86e6a",
                    "23df300b-e90d-4d4b-92fe-60f2e38631f8"
                ],
                [
                    "1088ba6d-b4e0-41d4-a08e-51cb6bb85d90",
                    "ae7dece4-dbc4-48fc-96ca-fc6a7d070d35",
                    "497c724b-de07-4e40-8d4f-e11fd49282b4",
                    "87702e88-9871-486c-adfb-0129cfd1f210",
                    "0576060b-7298-40a6-b1d8-90a13ab86e6a",
                    "23df300b-e90d-4d4b-92fe-60f2e38631f8"
                ],
                [
                    "1088ba6d-b4e0-41d4-a08e-51cb6bb85d90",
                    "ae7dece4-dbc4-48fc-96ca-fc6a7d070d35",
                    "3087e90c-b934-4685-aa9f-d66670f62cbf",
                    "eccac072-2138-4d11-9f65-69acf295b9f2",
                    "0576060b-7298-40a6-b1d8-90a13ab86e6a",
                    "23df300b-e90d-4d4b-92fe-60f2e38631f8"
                ],
                [
                    "1088ba6d-b4e0-41d4-a08e-51cb6bb85d90",
                    "ae7dece4-dbc4-48fc-96ca-fc6a7d070d35",
                    "d2f35234-eb58-4b71-8cef-1c4e81e19aa5",
                    "08dc7f0b-0d72-42e2-a787-08b1e659ae7d",
                    "0576060b-7298-40a6-b1d8-90a13ab86e6a",
                    "23df300b-e90d-4d4b-92fe-60f2e38631f8"
                ],
                [
                    "48023934-f6e6-45e6-8bf2-d63124fdbb39",
                    "ae7dece4-dbc4-48fc-96ca-fc6a7d070d35",
                    "b2bbd2f4-4559-48a8-921e-e7897726f48a",
                    "0d960ad3-c06e-4218-acde-c8a20f235f01",
                    "0576060b-7298-40a6-b1d8-90a13ab86e6a",
                    "23df300b-e90d-4d4b-92fe-60f2e38631f8"
                ],
                [
                    "1088ba6d-b4e0-41d4-a08e-51cb6bb85d90",
                    "ae7dece4-dbc4-48fc-96ca-fc6a7d070d35",
                    "5eba3603-3eea-4237-9187-eed480152792",
                    "87702e88-9871-486c-adfb-0129cfd1f210",
                    "0576060b-7298-40a6-b1d8-90a13ab86e6a",
                    "23df300b-e90d-4d4b-92fe-60f2e38631f8"
                ],
                [
                    "1088ba6d-b4e0-41d4-a08e-51cb6bb85d90",
                    "ae7dece4-dbc4-48fc-96ca-fc6a7d070d35",
                    "0112e1a0-d87e-4eef-8314-957636c6695c",
                    "a97b8074-63f9-4170-a147-0cceae2a80f8",
                    "0576060b-7298-40a6-b1d8-90a13ab86e6a",
                    "23df300b-e90d-4d4b-92fe-60f2e38631f8"
                ],
                [
                    "1088ba6d-b4e0-41d4-a08e-51cb6bb85d90",
                    "ae7dece4-dbc4-48fc-96ca-fc6a7d070d35",
                    "0faede6e-6ab2-4a35-9d1d-d3b624b1da7d",
                    "0d960ad3-c06e-4218-acde-c8a20f235f01",
                    "0576060b-7298-40a6-b1d8-90a13ab86e6a",
                    "23df300b-e90d-4d4b-92fe-60f2e38631f8"
                ],
                [
                    "1088ba6d-b4e0-41d4-a08e-51cb6bb85d90",
                    "ae7dece4-dbc4-48fc-96ca-fc6a7d070d35",
                    "5e97e755-ddb2-4be2-9852-049b9e62757c",
                    "87702e88-9871-486c-adfb-0129cfd1f210",
                    "0576060b-7298-40a6-b1d8-90a13ab86e6a",
                    "23df300b-e90d-4d4b-92fe-60f2e38631f8"
                ],
                [
                    "747374d5-8a98-48ca-827b-c27fef238bd4",
                    "ae7dece4-dbc4-48fc-96ca-fc6a7d070d35",
                    "76612e65-c59c-4acc-800d-f60267175073",
                    "63e2b6d5-1046-4a55-9df1-a5eb2f7ad6e5",
                    "0576060b-7298-40a6-b1d8-90a13ab86e6a",
                    "23df300b-e90d-4d4b-92fe-60f2e38631f8"
                ],
                [
                    "1088ba6d-b4e0-41d4-a08e-51cb6bb85d90",
                    "ae7dece4-dbc4-48fc-96ca-fc6a7d070d35",
                    "66fbc713-ac16-42e8-a305-9699d46555b4",
                    "7bf56238-4259-4058-ae94-df4ebfa36909",
                    "0576060b-7298-40a6-b1d8-90a13ab86e6a",
                    "23df300b-e90d-4d4b-92fe-60f2e38631f8"
                ],
                [
                    "851af5fe-b42c-49bf-af66-a79d3a8ac00e",
                    "ae7dece4-dbc4-48fc-96ca-fc6a7d070d35",
                    "6436af17-23bc-4ec0-b9b5-e56e00c90f05",
                    "aff3c690-0e6c-42c6-bd9d-1a5802c7a9b1",
                    "0576060b-7298-40a6-b1d8-90a13ab86e6a",
                    "23df300b-e90d-4d4b-92fe-60f2e38631f8"
                ],
                [
                    "851af5fe-b42c-49bf-af66-a79d3a8ac00e",
                    "ae7dece4-dbc4-48fc-96ca-fc6a7d070d35",
                    "db1aebe4-7510-4df5-9a92-d1fed8dc52f9",
                    "aff3c690-0e6c-42c6-bd9d-1a5802c7a9b1",
                    "0576060b-7298-40a6-b1d8-90a13ab86e6a",
                    "23df300b-e90d-4d4b-92fe-60f2e38631f8"
                ],
                [
                    "747374d5-8a98-48ca-827b-c27fef238bd4",
                    "ae7dece4-dbc4-48fc-96ca-fc6a7d070d35",
                    "a8be17ce-2ba3-46be-9ed1-1c06a9d5a404",
                    "0d960ad3-c06e-4218-acde-c8a20f235f01",
                    "0576060b-7298-40a6-b1d8-90a13ab86e6a",
                    "23df300b-e90d-4d4b-92fe-60f2e38631f8"
                ],
                [
                    "1088ba6d-b4e0-41d4-a08e-51cb6bb85d90",
                    "ae7dece4-dbc4-48fc-96ca-fc6a7d070d35",
                    "613cb0bf-8e6a-4e0c-a36e-60fe7c35f361",
                    "7a81cde0-a883-4e50-b9bd-65d606419f0f",
                    "0576060b-7298-40a6-b1d8-90a13ab86e6a",
                    "23df300b-e90d-4d4b-92fe-60f2e38631f8"
                ],
                [
                    "1088ba6d-b4e0-41d4-a08e-51cb6bb85d90",
                    "ae7dece4-dbc4-48fc-96ca-fc6a7d070d35",
                    "b33bce40-f359-4977-910d-724e6d2e8e6d",
                    "eccac072-2138-4d11-9f65-69acf295b9f2",
                    "0576060b-7298-40a6-b1d8-90a13ab86e6a",
                    "23df300b-e90d-4d4b-92fe-60f2e38631f8"
                ],
                [
                    "1088ba6d-b4e0-41d4-a08e-51cb6bb85d90",
                    "ae7dece4-dbc4-48fc-96ca-fc6a7d070d35",
                    "f4a251b6-e1f8-4760-aee5-cd5d2873387a",
                    "758a034e-e576-4916-ab47-1046882ce8b0",
                    "0576060b-7298-40a6-b1d8-90a13ab86e6a",
                    "23df300b-e90d-4d4b-92fe-60f2e38631f8"
                ],
                [
                    "747374d5-8a98-48ca-827b-c27fef238bd4",
                    "ae7dece4-dbc4-48fc-96ca-fc6a7d070d35",
                    "e23ffe25-852e-49fe-b29d-6163b63c21f0",
                    "58c32414-0a9a-4fe1-b135-2d67149af79b",
                    "0576060b-7298-40a6-b1d8-90a13ab86e6a",
                    "23df300b-e90d-4d4b-92fe-60f2e38631f8"
                ],
                [
                    "1088ba6d-b4e0-41d4-a08e-51cb6bb85d90",
                    "ae7dece4-dbc4-48fc-96ca-fc6a7d070d35",
                    "1463e0a2-bc63-409a-8e3c-835c35bf1bd3",
                    "eccac072-2138-4d11-9f65-69acf295b9f2",
                    "0576060b-7298-40a6-b1d8-90a13ab86e6a",
                    "23df300b-e90d-4d4b-92fe-60f2e38631f8"
                ],
                [
                    "1088ba6d-b4e0-41d4-a08e-51cb6bb85d90",
                    "ae7dece4-dbc4-48fc-96ca-fc6a7d070d35",
                    "5034db9c-b5fa-472b-9585-d2953dd1933e",
                    "eccac072-2138-4d11-9f65-69acf295b9f2",
                    "0576060b-7298-40a6-b1d8-90a13ab86e6a",
                    "23df300b-e90d-4d4b-92fe-60f2e38631f8"
                ],
                [
                    "747374d5-8a98-48ca-827b-c27fef238bd4",
                    "ae7dece4-dbc4-48fc-96ca-fc6a7d070d35",
                    "b16c43c7-f04a-457d-b12e-68eff3ad5681",
                    "7bf56238-4259-4058-ae94-df4ebfa36909",
                    "0576060b-7298-40a6-b1d8-90a13ab86e6a",
                    "23df300b-e90d-4d4b-92fe-60f2e38631f8"
                ],
                [
                    "1088ba6d-b4e0-41d4-a08e-51cb6bb85d90",
                    "ae7dece4-dbc4-48fc-96ca-fc6a7d070d35",
                    "9e340b1f-c9a8-416a-9cf3-29b4fb7f163f",
                    "6ce6d3c8-ebe6-44f4-99d2-1f22d8c2c715",
                    "0576060b-7298-40a6-b1d8-90a13ab86e6a",
                    "23df300b-e90d-4d4b-92fe-60f2e38631f8"
                ],
                [
                    "48023934-f6e6-45e6-8bf2-d63124fdbb39",
                    "ae7dece4-dbc4-48fc-96ca-fc6a7d070d35",
                    "b1ea814a-4016-48ad-819d-61cd09b456b4",
                    "eccac072-2138-4d11-9f65-69acf295b9f2",
                    "0576060b-7298-40a6-b1d8-90a13ab86e6a",
                    "23df300b-e90d-4d4b-92fe-60f2e38631f8"
                ],
                [
                    "1088ba6d-b4e0-41d4-a08e-51cb6bb85d90",
                    "ae7dece4-dbc4-48fc-96ca-fc6a7d070d35",
                    "b2bbd2f4-4559-48a8-921e-e7897726f48a",
                    "0d960ad3-c06e-4218-acde-c8a20f235f01",
                    "0576060b-7298-40a6-b1d8-90a13ab86e6a",
                    "23df300b-e90d-4d4b-92fe-60f2e38631f8"
                ],
                [
                    "1088ba6d-b4e0-41d4-a08e-51cb6bb85d90",
                    "ae7dece4-dbc4-48fc-96ca-fc6a7d070d35",
                    "6e42aa1b-4e6a-4619-a9a0-441f1071f0d6",
                    "7a81cde0-a883-4e50-b9bd-65d606419f0f",
                    "0576060b-7298-40a6-b1d8-90a13ab86e6a",
                    "23df300b-e90d-4d4b-92fe-60f2e38631f8"
                ],
                [
                    "48023934-f6e6-45e6-8bf2-d63124fdbb39",
                    "ae7dece4-dbc4-48fc-96ca-fc6a7d070d35",
                    "5c03ad54-a1cc-4802-a18b-2430aa910b7c",
                    "7bf56238-4259-4058-ae94-df4ebfa36909",
                    "0576060b-7298-40a6-b1d8-90a13ab86e6a",
                    "23df300b-e90d-4d4b-92fe-60f2e38631f8"
                ],
                [
                    "1088ba6d-b4e0-41d4-a08e-51cb6bb85d90",
                    "ae7dece4-dbc4-48fc-96ca-fc6a7d070d35",
                    "5c03ad54-a1cc-4802-a18b-2430aa910b7c",
                    "7bf56238-4259-4058-ae94-df4ebfa36909",
                    "0576060b-7298-40a6-b1d8-90a13ab86e6a",
                    "23df300b-e90d-4d4b-92fe-60f2e38631f8"
                ],
                [
                    "1088ba6d-b4e0-41d4-a08e-51cb6bb85d90",
                    "ae7dece4-dbc4-48fc-96ca-fc6a7d070d35",
                    "4fd4664d-9922-4c0c-890b-232a1f34277f",
                    "582567cd-2e36-4197-98c7-53a9551669cd",
                    "0576060b-7298-40a6-b1d8-90a13ab86e6a",
                    "23df300b-e90d-4d4b-92fe-60f2e38631f8"
                ],
                [
                    "1088ba6d-b4e0-41d4-a08e-51cb6bb85d90",
                    "ae7dece4-dbc4-48fc-96ca-fc6a7d070d35",
                    "f7a75aba-baf5-495a-b548-abdaef5322ef",
                    "7bf56238-4259-4058-ae94-df4ebfa36909",
                    "0576060b-7298-40a6-b1d8-90a13ab86e6a",
                    "23df300b-e90d-4d4b-92fe-60f2e38631f8"
                ],
                [
                    "a8945ed5-9e1b-4c60-81c6-09360a5904a0",
                    "ae7dece4-dbc4-48fc-96ca-fc6a7d070d35",
                    "497c724b-de07-4e40-8d4f-e11fd49282b4",
                    "87702e88-9871-486c-adfb-0129cfd1f210",
                    "0576060b-7298-40a6-b1d8-90a13ab86e6a",
                    "23df300b-e90d-4d4b-92fe-60f2e38631f8"
                ],
                [
                    "1088ba6d-b4e0-41d4-a08e-51cb6bb85d90",
                    "ae7dece4-dbc4-48fc-96ca-fc6a7d070d35",
                    "acb068cd-843b-4df2-8d8c-095abbc7a1a9",
                    "87702e88-9871-486c-adfb-0129cfd1f210",
                    "0576060b-7298-40a6-b1d8-90a13ab86e6a",
                    "23df300b-e90d-4d4b-92fe-60f2e38631f8"
                ],
                [
                    "747374d5-8a98-48ca-827b-c27fef238bd4",
                    "ae7dece4-dbc4-48fc-96ca-fc6a7d070d35",
                    "90243991-4550-4bfd-9a55-07d9e342c599",
                    "30c719b2-5ffe-41eb-8b59-4280c203a6d2",
                    "0576060b-7298-40a6-b1d8-90a13ab86e6a",
                    "23df300b-e90d-4d4b-92fe-60f2e38631f8"
                ],
                [
                    "851af5fe-b42c-49bf-af66-a79d3a8ac00e",
                    "ae7dece4-dbc4-48fc-96ca-fc6a7d070d35",
                    "729c0fe3-0edc-437e-8fc6-71257ddbd7f0",
                    "1e44b971-4dd5-4304-8a8e-5986efe07321",
                    "0576060b-7298-40a6-b1d8-90a13ab86e6a",
                    "23df300b-e90d-4d4b-92fe-60f2e38631f8"
                ],
                [
                    "a8945ed5-9e1b-4c60-81c6-09360a5904a0",
                    "ae7dece4-dbc4-48fc-96ca-fc6a7d070d35",
                    "d3e54309-d6fd-4624-a61d-885977d34984",
                    "9434dddd-456e-4a6b-8331-f63ecb2b446a",
                    "0576060b-7298-40a6-b1d8-90a13ab86e6a",
                    "23df300b-e90d-4d4b-92fe-60f2e38631f8"
                ],
                [
                    "1088ba6d-b4e0-41d4-a08e-51cb6bb85d90",
                    "ae7dece4-dbc4-48fc-96ca-fc6a7d070d35",
                    "c5e1534d-825e-4e6f-9f63-9f80709b0155",
                    "87702e88-9871-486c-adfb-0129cfd1f210",
                    "0576060b-7298-40a6-b1d8-90a13ab86e6a",
                    "23df300b-e90d-4d4b-92fe-60f2e38631f8"
                ],
                [
                    "747374d5-8a98-48ca-827b-c27fef238bd4",
                    "ae7dece4-dbc4-48fc-96ca-fc6a7d070d35",
                    "1f689172-700e-498e-9c2e-ed7cd67a1a53",
                    "63e2b6d5-1046-4a55-9df1-a5eb2f7ad6e5",
                    "0576060b-7298-40a6-b1d8-90a13ab86e6a",
                    "23df300b-e90d-4d4b-92fe-60f2e38631f8"
                ],
                [
                    "1088ba6d-b4e0-41d4-a08e-51cb6bb85d90",
                    "ae7dece4-dbc4-48fc-96ca-fc6a7d070d35",
                    "7d05f2f5-1974-4f72-88d6-cefa6729e799",
                    "ae8761a5-4814-49ea-91cb-dfdca92e7475",
                    "0576060b-7298-40a6-b1d8-90a13ab86e6a",
                    "23df300b-e90d-4d4b-92fe-60f2e38631f8"
                ],
                [
                    "1088ba6d-b4e0-41d4-a08e-51cb6bb85d90",
                    "ae7dece4-dbc4-48fc-96ca-fc6a7d070d35",
                    "fc1412da-d97e-41d7-9a33-2486dc15cfdf",
                    "758a034e-e576-4916-ab47-1046882ce8b0",
                    "0576060b-7298-40a6-b1d8-90a13ab86e6a",
                    "23df300b-e90d-4d4b-92fe-60f2e38631f8"
                ],
                [
                    "1088ba6d-b4e0-41d4-a08e-51cb6bb85d90",
                    "ae7dece4-dbc4-48fc-96ca-fc6a7d070d35",
                    "4879963f-1cc5-42bb-a044-b70592b8bcb8",
                    "758a034e-e576-4916-ab47-1046882ce8b0",
                    "0576060b-7298-40a6-b1d8-90a13ab86e6a",
                    "23df300b-e90d-4d4b-92fe-60f2e38631f8"
                ],
                [
                    "1088ba6d-b4e0-41d4-a08e-51cb6bb85d90",
                    "ae7dece4-dbc4-48fc-96ca-fc6a7d070d35",
                    "36f480d8-1b62-480e-9c8f-96186313ebc0",
                    "0d960ad3-c06e-4218-acde-c8a20f235f01",
                    "0576060b-7298-40a6-b1d8-90a13ab86e6a",
                    "23df300b-e90d-4d4b-92fe-60f2e38631f8"
                ],
                [
                    "1088ba6d-b4e0-41d4-a08e-51cb6bb85d90",
                    "ae7dece4-dbc4-48fc-96ca-fc6a7d070d35",
                    "b11bbd2b-92b2-4412-ade9-f2a2fbe1079d",
                    "87702e88-9871-486c-adfb-0129cfd1f210",
                    "0576060b-7298-40a6-b1d8-90a13ab86e6a",
                    "23df300b-e90d-4d4b-92fe-60f2e38631f8"
                ],
                [
                    "1088ba6d-b4e0-41d4-a08e-51cb6bb85d90",
                    "ae7dece4-dbc4-48fc-96ca-fc6a7d070d35",
                    "2bfab4a5-f13d-427c-bfd9-fea3ccb4b806",
                    "eccac072-2138-4d11-9f65-69acf295b9f2",
                    "0576060b-7298-40a6-b1d8-90a13ab86e6a",
                    "23df300b-e90d-4d4b-92fe-60f2e38631f8"
                ],
                [
                    "a8945ed5-9e1b-4c60-81c6-09360a5904a0",
                    "ae7dece4-dbc4-48fc-96ca-fc6a7d070d35",
                    "0963936c-fd0a-4d29-b97a-d50322984cbf",
                    "b562b31d-337b-4ca8-afa1-ea209af1a48d",
                    "0576060b-7298-40a6-b1d8-90a13ab86e6a",
                    "23df300b-e90d-4d4b-92fe-60f2e38631f8"
                ],
                [
                    "1088ba6d-b4e0-41d4-a08e-51cb6bb85d90",
                    "ae7dece4-dbc4-48fc-96ca-fc6a7d070d35",
                    "0963936c-fd0a-4d29-b97a-d50322984cbf",
                    "b562b31d-337b-4ca8-afa1-ea209af1a48d",
                    "0576060b-7298-40a6-b1d8-90a13ab86e6a",
                    "23df300b-e90d-4d4b-92fe-60f2e38631f8"
                ],
                [
                    "1088ba6d-b4e0-41d4-a08e-51cb6bb85d90",
                    "ae7dece4-dbc4-48fc-96ca-fc6a7d070d35",
                    "f0915df1-4be1-4da9-8051-f7aa3be6e924",
                    "7a81cde0-a883-4e50-b9bd-65d606419f0f",
                    "0576060b-7298-40a6-b1d8-90a13ab86e6a",
                    "23df300b-e90d-4d4b-92fe-60f2e38631f8"
                ],
                [
                    "1088ba6d-b4e0-41d4-a08e-51cb6bb85d90",
                    "ae7dece4-dbc4-48fc-96ca-fc6a7d070d35",
                    "52659dd4-f81b-4778-b8c9-54535ad705d8",
                    "87702e88-9871-486c-adfb-0129cfd1f210",
                    "0576060b-7298-40a6-b1d8-90a13ab86e6a",
                    "23df300b-e90d-4d4b-92fe-60f2e38631f8"
                ],
                [
                    "1088ba6d-b4e0-41d4-a08e-51cb6bb85d90",
                    "ae7dece4-dbc4-48fc-96ca-fc6a7d070d35",
                    "9ca061cb-da62-4d14-826d-f55a2ce9916f",
                    "87702e88-9871-486c-adfb-0129cfd1f210",
                    "0576060b-7298-40a6-b1d8-90a13ab86e6a",
                    "23df300b-e90d-4d4b-92fe-60f2e38631f8"
                ],
                [
                    "1088ba6d-b4e0-41d4-a08e-51cb6bb85d90",
                    "ae7dece4-dbc4-48fc-96ca-fc6a7d070d35",
                    "c4d8d835-f791-465f-8733-e5917ed7a9ef",
                    "8051b7a1-61f9-45b0-986f-f277e3620db3",
                    "0576060b-7298-40a6-b1d8-90a13ab86e6a",
                    "23df300b-e90d-4d4b-92fe-60f2e38631f8"
                ],
                [
                    "1088ba6d-b4e0-41d4-a08e-51cb6bb85d90",
                    "ae7dece4-dbc4-48fc-96ca-fc6a7d070d35",
                    "e5e760b7-3b1e-4e84-aaa2-876c2a81b2c9",
                    "eccac072-2138-4d11-9f65-69acf295b9f2",
                    "0576060b-7298-40a6-b1d8-90a13ab86e6a",
                    "23df300b-e90d-4d4b-92fe-60f2e38631f8"
                ],
                [
                    "1088ba6d-b4e0-41d4-a08e-51cb6bb85d90",
                    "ae7dece4-dbc4-48fc-96ca-fc6a7d070d35",
                    "8784f378-a7ee-43c3-a5e8-4744f26b53df",
                    "9434dddd-456e-4a6b-8331-f63ecb2b446a",
                    "0576060b-7298-40a6-b1d8-90a13ab86e6a",
                    "23df300b-e90d-4d4b-92fe-60f2e38631f8"
                ],
                [
                    "a8945ed5-9e1b-4c60-81c6-09360a5904a0",
                    "ae7dece4-dbc4-48fc-96ca-fc6a7d070d35",
                    "24dbe3a3-dc95-4d1d-b4a4-f228218f9fe5",
                    "87702e88-9871-486c-adfb-0129cfd1f210",
                    "0576060b-7298-40a6-b1d8-90a13ab86e6a",
                    "23df300b-e90d-4d4b-92fe-60f2e38631f8"
                ],
                [
                    "1088ba6d-b4e0-41d4-a08e-51cb6bb85d90",
                    "ae7dece4-dbc4-48fc-96ca-fc6a7d070d35",
                    "afa167a3-80ff-4a83-a9fa-a678b79eb3fb",
                    "9434dddd-456e-4a6b-8331-f63ecb2b446a",
                    "0576060b-7298-40a6-b1d8-90a13ab86e6a",
                    "23df300b-e90d-4d4b-92fe-60f2e38631f8"
                ],
                [
                    "66bed3f0-caba-43bd-ab50-191551270736",
                    "ae7dece4-dbc4-48fc-96ca-fc6a7d070d35",
                    "719de193-92de-48ea-a548-2ce35a940bf4",
                    "fd2ba6d0-41af-4def-ba69-5bd21662b3e0",
                    "0576060b-7298-40a6-b1d8-90a13ab86e6a",
                    "23df300b-e90d-4d4b-92fe-60f2e38631f8"
                ],
                [
                    "1088ba6d-b4e0-41d4-a08e-51cb6bb85d90",
                    "ae7dece4-dbc4-48fc-96ca-fc6a7d070d35",
                    "993ed038-06f5-404e-be76-406884f1f76f",
                    "758a034e-e576-4916-ab47-1046882ce8b0",
                    "0576060b-7298-40a6-b1d8-90a13ab86e6a",
                    "23df300b-e90d-4d4b-92fe-60f2e38631f8"
                ],
                [
                    "ef741c64-9b62-49cf-b022-042f5918efca",
                    "ae7dece4-dbc4-48fc-96ca-fc6a7d070d35",
                    "15b51e28-1215-45f6-8dce-b97c3836c87b",
                    "87702e88-9871-486c-adfb-0129cfd1f210",
                    "0576060b-7298-40a6-b1d8-90a13ab86e6a",
                    "23df300b-e90d-4d4b-92fe-60f2e38631f8"
                ],
                [
                    "747374d5-8a98-48ca-827b-c27fef238bd4",
                    "ae7dece4-dbc4-48fc-96ca-fc6a7d070d35",
                    "11bf1826-ee4d-4539-af6a-43884b2f5b6f",
                    "eccac072-2138-4d11-9f65-69acf295b9f2",
                    "0576060b-7298-40a6-b1d8-90a13ab86e6a",
                    "23df300b-e90d-4d4b-92fe-60f2e38631f8"
                ],
                [
                    "1088ba6d-b4e0-41d4-a08e-51cb6bb85d90",
                    "ae7dece4-dbc4-48fc-96ca-fc6a7d070d35",
                    "46e66420-0e9f-4678-8052-a9a48d61fa65",
                    "b562b31d-337b-4ca8-afa1-ea209af1a48d",
                    "0576060b-7298-40a6-b1d8-90a13ab86e6a",
                    "23df300b-e90d-4d4b-92fe-60f2e38631f8"
                ],
                [
                    "1088ba6d-b4e0-41d4-a08e-51cb6bb85d90",
                    "ae7dece4-dbc4-48fc-96ca-fc6a7d070d35",
                    "e2d41e59-9775-4998-bc6d-b702302d1da9",
                    "eccac072-2138-4d11-9f65-69acf295b9f2",
                    "0576060b-7298-40a6-b1d8-90a13ab86e6a",
                    "23df300b-e90d-4d4b-92fe-60f2e38631f8"
                ],
                [
                    "1088ba6d-b4e0-41d4-a08e-51cb6bb85d90",
                    "ae7dece4-dbc4-48fc-96ca-fc6a7d070d35",
                    "0fc2e849-2455-46f6-a151-7662e71b546b",
                    "0d960ad3-c06e-4218-acde-c8a20f235f01",
                    "0576060b-7298-40a6-b1d8-90a13ab86e6a",
                    "23df300b-e90d-4d4b-92fe-60f2e38631f8"
                ],
                [
                    "1088ba6d-b4e0-41d4-a08e-51cb6bb85d90",
                    "ae7dece4-dbc4-48fc-96ca-fc6a7d070d35",
                    "12c16166-3254-49d9-8943-5f5d471f7f32",
                    "56604fa9-f842-4496-87cd-4493f648a939",
                    "0576060b-7298-40a6-b1d8-90a13ab86e6a",
                    "23df300b-e90d-4d4b-92fe-60f2e38631f8"
                ],
                [
                    "1088ba6d-b4e0-41d4-a08e-51cb6bb85d90",
                    "ae7dece4-dbc4-48fc-96ca-fc6a7d070d35",
                    "431de542-c8c2-4f71-9370-bcabef3f4130",
                    "582567cd-2e36-4197-98c7-53a9551669cd",
                    "0576060b-7298-40a6-b1d8-90a13ab86e6a",
                    "23df300b-e90d-4d4b-92fe-60f2e38631f8"
                ],
                [
                    "53b5a9d0-2fa8-4d8f-8e18-272089dd5aeb",
                    "ae7dece4-dbc4-48fc-96ca-fc6a7d070d35",
                    "0963936c-fd0a-4d29-b97a-d50322984cbf",
                    "b562b31d-337b-4ca8-afa1-ea209af1a48d",
                    "0576060b-7298-40a6-b1d8-90a13ab86e6a",
                    "23df300b-e90d-4d4b-92fe-60f2e38631f8"
                ],
                [
                    "747374d5-8a98-48ca-827b-c27fef238bd4",
                    "ae7dece4-dbc4-48fc-96ca-fc6a7d070d35",
                    "f8908d28-2b14-47bd-b1c2-4fb1b51ba936",
                    "eccac072-2138-4d11-9f65-69acf295b9f2",
                    "0576060b-7298-40a6-b1d8-90a13ab86e6a",
                    "23df300b-e90d-4d4b-92fe-60f2e38631f8"
                ],
                [
                    "a8945ed5-9e1b-4c60-81c6-09360a5904a0",
                    "ae7dece4-dbc4-48fc-96ca-fc6a7d070d35",
                    "d81404a5-d926-4cfe-8dbb-45ba4eec6932",
                    "87702e88-9871-486c-adfb-0129cfd1f210",
                    "0576060b-7298-40a6-b1d8-90a13ab86e6a",
                    "23df300b-e90d-4d4b-92fe-60f2e38631f8"
                ],
                [
                    "1088ba6d-b4e0-41d4-a08e-51cb6bb85d90",
                    "ae7dece4-dbc4-48fc-96ca-fc6a7d070d35",
                    "f932d10d-0b81-4711-8d18-151da579e73b",
                    "758a034e-e576-4916-ab47-1046882ce8b0",
                    "0576060b-7298-40a6-b1d8-90a13ab86e6a",
                    "23df300b-e90d-4d4b-92fe-60f2e38631f8"
                ],
                [
                    "1088ba6d-b4e0-41d4-a08e-51cb6bb85d90",
                    "ae7dece4-dbc4-48fc-96ca-fc6a7d070d35",
                    "aea5cf6c-a9ab-42f0-891f-3019a9f87c19",
                    "7a81cde0-a883-4e50-b9bd-65d606419f0f",
                    "0576060b-7298-40a6-b1d8-90a13ab86e6a",
                    "23df300b-e90d-4d4b-92fe-60f2e38631f8"
                ],
                [
                    "1088ba6d-b4e0-41d4-a08e-51cb6bb85d90",
                    "ae7dece4-dbc4-48fc-96ca-fc6a7d070d35",
                    "9b7543aa-e927-472a-a592-5e23de09b309",
                    "758a034e-e576-4916-ab47-1046882ce8b0",
                    "0576060b-7298-40a6-b1d8-90a13ab86e6a",
                    "23df300b-e90d-4d4b-92fe-60f2e38631f8"
                ],
                [
                    "1088ba6d-b4e0-41d4-a08e-51cb6bb85d90",
                    "ae7dece4-dbc4-48fc-96ca-fc6a7d070d35",
                    "ce746865-f997-4ad6-9780-8163b6fca3c6",
                    "15fafe6e-83a1-46a0-a299-f8823f5a094e",
                    "0576060b-7298-40a6-b1d8-90a13ab86e6a",
                    "23df300b-e90d-4d4b-92fe-60f2e38631f8"
                ],
                [
                    "1088ba6d-b4e0-41d4-a08e-51cb6bb85d90",
                    "ae7dece4-dbc4-48fc-96ca-fc6a7d070d35",
                    "c8d7e0da-bf47-4a18-932e-9011286adfbe",
                    "582567cd-2e36-4197-98c7-53a9551669cd",
                    "0576060b-7298-40a6-b1d8-90a13ab86e6a",
                    "23df300b-e90d-4d4b-92fe-60f2e38631f8"
                ],
                [
                    "53b5a9d0-2fa8-4d8f-8e18-272089dd5aeb",
                    "ae7dece4-dbc4-48fc-96ca-fc6a7d070d35",
                    "350e4090-8c44-4f1a-a2f9-c3ad5fcf10c6",
                    "ca06d347-e447-4176-8710-df95c3c3cf23",
                    "0576060b-7298-40a6-b1d8-90a13ab86e6a",
                    "23df300b-e90d-4d4b-92fe-60f2e38631f8"
                ],
                [
                    "747374d5-8a98-48ca-827b-c27fef238bd4",
                    "ae7dece4-dbc4-48fc-96ca-fc6a7d070d35",
                    "f3f76840-7be7-422d-a76e-67c837c6f5f6",
                    "758a034e-e576-4916-ab47-1046882ce8b0",
                    "0576060b-7298-40a6-b1d8-90a13ab86e6a",
                    "23df300b-e90d-4d4b-92fe-60f2e38631f8"
                ],
                [
                    "1088ba6d-b4e0-41d4-a08e-51cb6bb85d90",
                    "ae7dece4-dbc4-48fc-96ca-fc6a7d070d35",
                    "2c62bf7e-0e45-4b6d-9bbb-86fe194fb940",
                    "b562b31d-337b-4ca8-afa1-ea209af1a48d",
                    "0576060b-7298-40a6-b1d8-90a13ab86e6a",
                    "23df300b-e90d-4d4b-92fe-60f2e38631f8"
                ],
                [
                    "ef741c64-9b62-49cf-b022-042f5918efca",
                    "ae7dece4-dbc4-48fc-96ca-fc6a7d070d35",
                    "c5e1534d-825e-4e6f-9f63-9f80709b0155",
                    "87702e88-9871-486c-adfb-0129cfd1f210",
                    "0576060b-7298-40a6-b1d8-90a13ab86e6a",
                    "23df300b-e90d-4d4b-92fe-60f2e38631f8"
                ],
                [
                    "1088ba6d-b4e0-41d4-a08e-51cb6bb85d90",
                    "ae7dece4-dbc4-48fc-96ca-fc6a7d070d35",
                    "d35e4aa3-897e-4827-be4f-738ea0bf7008",
                    "758a034e-e576-4916-ab47-1046882ce8b0",
                    "0576060b-7298-40a6-b1d8-90a13ab86e6a",
                    "23df300b-e90d-4d4b-92fe-60f2e38631f8"
                ],
                [
                    "1088ba6d-b4e0-41d4-a08e-51cb6bb85d90",
                    "ae7dece4-dbc4-48fc-96ca-fc6a7d070d35",
                    "86805d28-0a1f-4d15-b739-08d4c75f0b89",
                    "eccac072-2138-4d11-9f65-69acf295b9f2",
                    "0576060b-7298-40a6-b1d8-90a13ab86e6a",
                    "23df300b-e90d-4d4b-92fe-60f2e38631f8"
                ],
                [
                    "747374d5-8a98-48ca-827b-c27fef238bd4",
                    "ae7dece4-dbc4-48fc-96ca-fc6a7d070d35",
                    "26dc3e91-4247-4f6d-bea5-aec1897c647f",
                    "0d960ad3-c06e-4218-acde-c8a20f235f01",
                    "0576060b-7298-40a6-b1d8-90a13ab86e6a",
                    "23df300b-e90d-4d4b-92fe-60f2e38631f8"
                ],
                [
                    "fe75f4d6-8b72-45fe-8de1-6b121d6298cd",
                    "ae7dece4-dbc4-48fc-96ca-fc6a7d070d35",
                    "5c03ad54-a1cc-4802-a18b-2430aa910b7c",
                    "7bf56238-4259-4058-ae94-df4ebfa36909",
                    "0576060b-7298-40a6-b1d8-90a13ab86e6a",
                    "23df300b-e90d-4d4b-92fe-60f2e38631f8"
                ],
                [
                    "1088ba6d-b4e0-41d4-a08e-51cb6bb85d90",
                    "ae7dece4-dbc4-48fc-96ca-fc6a7d070d35",
                    "2951762c-3cd9-44ee-a28a-4cdb3dcd8733",
                    "eccac072-2138-4d11-9f65-69acf295b9f2",
                    "0576060b-7298-40a6-b1d8-90a13ab86e6a",
                    "23df300b-e90d-4d4b-92fe-60f2e38631f8"
                ],
                [
                    "1088ba6d-b4e0-41d4-a08e-51cb6bb85d90",
                    "ae7dece4-dbc4-48fc-96ca-fc6a7d070d35",
                    "06514334-df81-426e-9170-3c4b0b65106a",
                    "fd2ba6d0-41af-4def-ba69-5bd21662b3e0",
                    "0576060b-7298-40a6-b1d8-90a13ab86e6a",
                    "23df300b-e90d-4d4b-92fe-60f2e38631f8"
                ],
                [
                    "747374d5-8a98-48ca-827b-c27fef238bd4",
                    "ae7dece4-dbc4-48fc-96ca-fc6a7d070d35",
                    "2b535e8a-60ec-453b-bf50-de69750aef94",
                    "0d960ad3-c06e-4218-acde-c8a20f235f01",
                    "0576060b-7298-40a6-b1d8-90a13ab86e6a",
                    "23df300b-e90d-4d4b-92fe-60f2e38631f8"
                ],
                [
                    "1088ba6d-b4e0-41d4-a08e-51cb6bb85d90",
                    "ae7dece4-dbc4-48fc-96ca-fc6a7d070d35",
                    "af40064e-4902-488a-9b93-86cdcb970f7d",
                    "7bf56238-4259-4058-ae94-df4ebfa36909",
                    "0576060b-7298-40a6-b1d8-90a13ab86e6a",
                    "23df300b-e90d-4d4b-92fe-60f2e38631f8"
                ],
                [
                    "1088ba6d-b4e0-41d4-a08e-51cb6bb85d90",
                    "ae7dece4-dbc4-48fc-96ca-fc6a7d070d35",
                    "acf2aeab-0c34-4dac-8186-89c1b1f60a35",
                    "7bf56238-4259-4058-ae94-df4ebfa36909",
                    "0576060b-7298-40a6-b1d8-90a13ab86e6a",
                    "23df300b-e90d-4d4b-92fe-60f2e38631f8"
                ],
                [
                    "1088ba6d-b4e0-41d4-a08e-51cb6bb85d90",
                    "ae7dece4-dbc4-48fc-96ca-fc6a7d070d35",
                    "bb43f832-012e-4245-a35b-0675c1ce3cbc",
                    "7bf56238-4259-4058-ae94-df4ebfa36909",
                    "0576060b-7298-40a6-b1d8-90a13ab86e6a",
                    "23df300b-e90d-4d4b-92fe-60f2e38631f8"
                ],
                [
                    "1088ba6d-b4e0-41d4-a08e-51cb6bb85d90",
                    "ae7dece4-dbc4-48fc-96ca-fc6a7d070d35",
                    "5b995fd8-0232-43dd-bfc6-86430763f657",
                    "eccac072-2138-4d11-9f65-69acf295b9f2",
                    "0576060b-7298-40a6-b1d8-90a13ab86e6a",
                    "23df300b-e90d-4d4b-92fe-60f2e38631f8"
                ],
                [
                    "1088ba6d-b4e0-41d4-a08e-51cb6bb85d90",
                    "ae7dece4-dbc4-48fc-96ca-fc6a7d070d35",
                    "d1e694a8-182e-4333-b176-eb8a64a4a16f",
                    "f77cfcc8-7440-4081-b99b-f47107406eef",
                    "0576060b-7298-40a6-b1d8-90a13ab86e6a",
                    "23df300b-e90d-4d4b-92fe-60f2e38631f8"
                ],
                [
                    "1088ba6d-b4e0-41d4-a08e-51cb6bb85d90",
                    "ae7dece4-dbc4-48fc-96ca-fc6a7d070d35",
                    "8c7dc52c-485a-4362-ae6c-fb18c4b3b2ef",
                    "87702e88-9871-486c-adfb-0129cfd1f210",
                    "0576060b-7298-40a6-b1d8-90a13ab86e6a",
                    "23df300b-e90d-4d4b-92fe-60f2e38631f8"
                ],
                [
                    "1088ba6d-b4e0-41d4-a08e-51cb6bb85d90",
                    "ae7dece4-dbc4-48fc-96ca-fc6a7d070d35",
                    "528c9777-827f-433d-8c11-61270f4c7929",
                    "87702e88-9871-486c-adfb-0129cfd1f210",
                    "0576060b-7298-40a6-b1d8-90a13ab86e6a",
                    "23df300b-e90d-4d4b-92fe-60f2e38631f8"
                ],
                [
                    "1088ba6d-b4e0-41d4-a08e-51cb6bb85d90",
                    "ae7dece4-dbc4-48fc-96ca-fc6a7d070d35",
                    "76b56150-95a4-4003-bb36-f7011e66df6a",
                    "87702e88-9871-486c-adfb-0129cfd1f210",
                    "0576060b-7298-40a6-b1d8-90a13ab86e6a",
                    "23df300b-e90d-4d4b-92fe-60f2e38631f8"
                ],
                [
                    "1088ba6d-b4e0-41d4-a08e-51cb6bb85d90",
                    "ae7dece4-dbc4-48fc-96ca-fc6a7d070d35",
                    "d3e54309-d6fd-4624-a61d-885977d34984",
                    "9434dddd-456e-4a6b-8331-f63ecb2b446a",
                    "0576060b-7298-40a6-b1d8-90a13ab86e6a",
                    "23df300b-e90d-4d4b-92fe-60f2e38631f8"
                ],
                [
                    "1088ba6d-b4e0-41d4-a08e-51cb6bb85d90",
                    "ae7dece4-dbc4-48fc-96ca-fc6a7d070d35",
                    "3c3beaf6-922c-4363-8ed2-5b55cf33513f",
                    "582567cd-2e36-4197-98c7-53a9551669cd",
                    "0576060b-7298-40a6-b1d8-90a13ab86e6a",
                    "23df300b-e90d-4d4b-92fe-60f2e38631f8"
                ],
                [
                    "851af5fe-b42c-49bf-af66-a79d3a8ac00e",
                    "ae7dece4-dbc4-48fc-96ca-fc6a7d070d35",
                    "be126920-03f9-45bc-b0db-4c51c568cc9a",
                    "aff3c690-0e6c-42c6-bd9d-1a5802c7a9b1",
                    "0576060b-7298-40a6-b1d8-90a13ab86e6a",
                    "23df300b-e90d-4d4b-92fe-60f2e38631f8"
                ],
                [
                    "1088ba6d-b4e0-41d4-a08e-51cb6bb85d90",
                    "ae7dece4-dbc4-48fc-96ca-fc6a7d070d35",
                    "c06790b6-162b-46aa-8db7-87ce0307332f",
                    "7bf56238-4259-4058-ae94-df4ebfa36909",
                    "0576060b-7298-40a6-b1d8-90a13ab86e6a",
                    "23df300b-e90d-4d4b-92fe-60f2e38631f8"
                ]
            ]
        },
        {
            "output_tuple": [
                "Distributed & Parallel Computing"
            ],
            "tuple_id": "eaf9b075-09fa-528e-adcc-70e5018d3fff",
            "dnf": [
                [
                    "747374d5-8a98-48ca-827b-c27fef238bd4",
                    "ae7dece4-dbc4-48fc-96ca-fc6a7d070d35",
                    "76612e65-c59c-4acc-800d-f60267175073",
                    "63e2b6d5-1046-4a55-9df1-a5eb2f7ad6e5",
                    "0576060b-7298-40a6-b1d8-90a13ab86e6a",
                    "1e0f2c49-451c-4387-b447-a63a53411723"
                ],
                [
                    "747374d5-8a98-48ca-827b-c27fef238bd4",
                    "ae7dece4-dbc4-48fc-96ca-fc6a7d070d35",
                    "11bf1826-ee4d-4539-af6a-43884b2f5b6f",
                    "eccac072-2138-4d11-9f65-69acf295b9f2",
                    "0576060b-7298-40a6-b1d8-90a13ab86e6a",
                    "1e0f2c49-451c-4387-b447-a63a53411723"
                ],
                [
                    "747374d5-8a98-48ca-827b-c27fef238bd4",
                    "ae7dece4-dbc4-48fc-96ca-fc6a7d070d35",
                    "26dc3e91-4247-4f6d-bea5-aec1897c647f",
                    "0d960ad3-c06e-4218-acde-c8a20f235f01",
                    "0576060b-7298-40a6-b1d8-90a13ab86e6a",
                    "1e0f2c49-451c-4387-b447-a63a53411723"
                ],
                [
                    "747374d5-8a98-48ca-827b-c27fef238bd4",
                    "ae7dece4-dbc4-48fc-96ca-fc6a7d070d35",
                    "b16c43c7-f04a-457d-b12e-68eff3ad5681",
                    "7bf56238-4259-4058-ae94-df4ebfa36909",
                    "0576060b-7298-40a6-b1d8-90a13ab86e6a",
                    "1e0f2c49-451c-4387-b447-a63a53411723"
                ],
                [
                    "747374d5-8a98-48ca-827b-c27fef238bd4",
                    "ae7dece4-dbc4-48fc-96ca-fc6a7d070d35",
                    "2b535e8a-60ec-453b-bf50-de69750aef94",
                    "0d960ad3-c06e-4218-acde-c8a20f235f01",
                    "0576060b-7298-40a6-b1d8-90a13ab86e6a",
                    "1e0f2c49-451c-4387-b447-a63a53411723"
                ],
                [
                    "747374d5-8a98-48ca-827b-c27fef238bd4",
                    "ae7dece4-dbc4-48fc-96ca-fc6a7d070d35",
                    "a8be17ce-2ba3-46be-9ed1-1c06a9d5a404",
                    "0d960ad3-c06e-4218-acde-c8a20f235f01",
                    "0576060b-7298-40a6-b1d8-90a13ab86e6a",
                    "1e0f2c49-451c-4387-b447-a63a53411723"
                ],
                [
                    "747374d5-8a98-48ca-827b-c27fef238bd4",
                    "ae7dece4-dbc4-48fc-96ca-fc6a7d070d35",
                    "5f267fbd-a84f-4cb1-9640-241c2fe15604",
                    "758a034e-e576-4916-ab47-1046882ce8b0",
                    "0576060b-7298-40a6-b1d8-90a13ab86e6a",
                    "1e0f2c49-451c-4387-b447-a63a53411723"
                ],
                [
                    "747374d5-8a98-48ca-827b-c27fef238bd4",
                    "ae7dece4-dbc4-48fc-96ca-fc6a7d070d35",
                    "f8908d28-2b14-47bd-b1c2-4fb1b51ba936",
                    "eccac072-2138-4d11-9f65-69acf295b9f2",
                    "0576060b-7298-40a6-b1d8-90a13ab86e6a",
                    "1e0f2c49-451c-4387-b447-a63a53411723"
                ],
                [
                    "747374d5-8a98-48ca-827b-c27fef238bd4",
                    "ae7dece4-dbc4-48fc-96ca-fc6a7d070d35",
                    "90243991-4550-4bfd-9a55-07d9e342c599",
                    "30c719b2-5ffe-41eb-8b59-4280c203a6d2",
                    "0576060b-7298-40a6-b1d8-90a13ab86e6a",
                    "1e0f2c49-451c-4387-b447-a63a53411723"
                ],
                [
                    "747374d5-8a98-48ca-827b-c27fef238bd4",
                    "ae7dece4-dbc4-48fc-96ca-fc6a7d070d35",
                    "e23ffe25-852e-49fe-b29d-6163b63c21f0",
                    "58c32414-0a9a-4fe1-b135-2d67149af79b",
                    "0576060b-7298-40a6-b1d8-90a13ab86e6a",
                    "1e0f2c49-451c-4387-b447-a63a53411723"
                ],
                [
                    "747374d5-8a98-48ca-827b-c27fef238bd4",
                    "ae7dece4-dbc4-48fc-96ca-fc6a7d070d35",
                    "f3f76840-7be7-422d-a76e-67c837c6f5f6",
                    "758a034e-e576-4916-ab47-1046882ce8b0",
                    "0576060b-7298-40a6-b1d8-90a13ab86e6a",
                    "1e0f2c49-451c-4387-b447-a63a53411723"
                ],
                [
                    "747374d5-8a98-48ca-827b-c27fef238bd4",
                    "ae7dece4-dbc4-48fc-96ca-fc6a7d070d35",
                    "1f689172-700e-498e-9c2e-ed7cd67a1a53",
                    "63e2b6d5-1046-4a55-9df1-a5eb2f7ad6e5",
                    "0576060b-7298-40a6-b1d8-90a13ab86e6a",
                    "1e0f2c49-451c-4387-b447-a63a53411723"
                ]
            ]
        },
        {
            "output_tuple": [
                "World Wide Web"
            ],
            "tuple_id": "ebf96e64-1543-5b31-b839-044c23929826",
            "dnf": [
                [
                    "c29991db-040b-4527-a894-fdadf7fd312c",
                    "ae7dece4-dbc4-48fc-96ca-fc6a7d070d35",
                    "96be937e-4ae3-4762-8a6b-aeedb3d26b1f",
                    "fd2ba6d0-41af-4def-ba69-5bd21662b3e0",
                    "0576060b-7298-40a6-b1d8-90a13ab86e6a",
                    "374df1d7-161b-4734-a647-7d921de23c76"
                ],
                [
                    "c29991db-040b-4527-a894-fdadf7fd312c",
                    "ae7dece4-dbc4-48fc-96ca-fc6a7d070d35",
                    "74e41898-0b50-48bd-a74c-dd496477f34e",
                    "fd2ba6d0-41af-4def-ba69-5bd21662b3e0",
                    "0576060b-7298-40a6-b1d8-90a13ab86e6a",
                    "374df1d7-161b-4734-a647-7d921de23c76"
                ],
                [
                    "c29991db-040b-4527-a894-fdadf7fd312c",
                    "ae7dece4-dbc4-48fc-96ca-fc6a7d070d35",
                    "64965688-8223-4349-a280-29e0403398e8",
                    "fd2ba6d0-41af-4def-ba69-5bd21662b3e0",
                    "0576060b-7298-40a6-b1d8-90a13ab86e6a",
                    "374df1d7-161b-4734-a647-7d921de23c76"
                ]
            ]
        },
        {
            "output_tuple": [
                "Multimedia"
            ],
            "tuple_id": "edc30f77-eb1c-5010-968f-c35dae862b7a",
            "dnf": [
                [
                    "a6ba65d7-6125-41cf-aea6-b3de88518ba4",
                    "ae7dece4-dbc4-48fc-96ca-fc6a7d070d35",
                    "719de193-92de-48ea-a548-2ce35a940bf4",
                    "fd2ba6d0-41af-4def-ba69-5bd21662b3e0",
                    "0576060b-7298-40a6-b1d8-90a13ab86e6a",
                    "9e349afc-98fd-43c6-8f82-91ecba8ee658"
                ]
            ]
        },
        {
            "output_tuple": [
                "Natural Language & Speech"
            ],
            "tuple_id": "efda90ad-843c-54cb-a5e7-10ebe74e7a70",
            "dnf": [
                [
                    "9de6f0f5-beeb-4160-b7d7-cf1701fdf680",
                    "ae7dece4-dbc4-48fc-96ca-fc6a7d070d35",
                    "930044fd-48d6-4049-9a72-24bd5d3e598f",
                    "624c729a-be9d-4dd9-a1fc-dbb6553898ec",
                    "0576060b-7298-40a6-b1d8-90a13ab86e6a",
                    "be96ff94-532a-410d-8877-b5bb14d6c953"
                ]
            ]
        }
    ]
}