{
    "query_name": "4f_author_name",
    "query_sql": "SELECT \n\tauthor.name \nFROM \n\tauthor, organization, writes, publication, conference, domain_author, domain_conference, domain as domain1, domain as domain2\nWHERE\n\tauthor.oid = organization.oid\n\tAND author.aid = writes.aid\n    AND writes.pid = publication.pid\n    AND publication.cid = conference.cid\n    AND conference.cid = domain_conference.cid\n    AND domain_conference.did = domain1.did\n    AND author.aid = domain_author.aid\n    AND domain_author.did = domain2.did\n    AND organization.name = 'University of Michigan'\n    AND publication.year > 2005\n    AND domain1.name = 'Machine Learning & Pattern Recognition'\n    AND domain2.name != 'Machine Learning & Pattern Recognition'\n    AND author.citation_count > 500\nGROUP BY author.name ",
    "results": [
        {
            "output_tuple": [
                "Qiaozhu Mei"
            ],
            "tuple_id": "18fa0462-8297-5dd1-b6ea-2228ee129dee",
            "dnf": [
                [
                    "c253e478-2de5-42fb-b322-dda6f0de98e7",
                    "160a49e9-4cb4-4586-a6fd-92df254a238b",
                    "be035089-787c-4661-9454-256af1607a75",
                    "cda00e85-6882-49f4-b7bd-cb3434c6855d",
                    "8eb11a01-a258-4e84-b748-4fde0bc4b855",
                    "47144a50-4121-4600-85a8-82fdb5226231"
                ],
                [
                    "c253e478-2de5-42fb-b322-dda6f0de98e7",
                    "160a49e9-4cb4-4586-a6fd-92df254a238b",
                    "be035089-787c-4661-9454-256af1607a75",
                    "cda00e85-6882-49f4-b7bd-cb3434c6855d",
                    "8eb11a01-a258-4e84-b748-4fde0bc4b855",
                    "9a1790fd-30b4-4ffe-bdc2-6979774778ba"
                ],
                [
                    "c253e478-2de5-42fb-b322-dda6f0de98e7",
                    "160a49e9-4cb4-4586-a6fd-92df254a238b",
                    "336543ae-c5ae-4dcb-ac3c-75ed279a8c03",
                    "15cccd87-06b9-427a-9371-d3cd485820a5",
                    "8eb11a01-a258-4e84-b748-4fde0bc4b855",
                    "2c3d7a33-6cf5-45e4-8cb8-0f8056bbeeb6"
                ],
                [
                    "c253e478-2de5-42fb-b322-dda6f0de98e7",
                    "160a49e9-4cb4-4586-a6fd-92df254a238b",
                    "be035089-787c-4661-9454-256af1607a75",
                    "cda00e85-6882-49f4-b7bd-cb3434c6855d",
                    "8eb11a01-a258-4e84-b748-4fde0bc4b855",
                    "2c3d7a33-6cf5-45e4-8cb8-0f8056bbeeb6"
                ],
                [
                    "c253e478-2de5-42fb-b322-dda6f0de98e7",
                    "160a49e9-4cb4-4586-a6fd-92df254a238b",
                    "336543ae-c5ae-4dcb-ac3c-75ed279a8c03",
                    "15cccd87-06b9-427a-9371-d3cd485820a5",
                    "8eb11a01-a258-4e84-b748-4fde0bc4b855",
                    "47144a50-4121-4600-85a8-82fdb5226231"
                ],
                [
                    "c253e478-2de5-42fb-b322-dda6f0de98e7",
                    "160a49e9-4cb4-4586-a6fd-92df254a238b",
                    "336543ae-c5ae-4dcb-ac3c-75ed279a8c03",
                    "15cccd87-06b9-427a-9371-d3cd485820a5",
                    "8eb11a01-a258-4e84-b748-4fde0bc4b855",
                    "9a1790fd-30b4-4ffe-bdc2-6979774778ba"
                ]
            ]
        },
        {
            "output_tuple": [
                "Michael P. Wellman"
            ],
            "tuple_id": "19f14b38-09f8-5ea4-87bd-b762c0279b2d",
            "dnf": [
                [
                    "81ed8c77-85e1-4af2-a614-0a9fe67de60d",
                    "160a49e9-4cb4-4586-a6fd-92df254a238b",
                    "78c624c8-14d3-4d83-a174-9d55ad4ba3f3",
                    "ae282d2f-1faf-4050-bc00-837469996e73",
                    "8eb11a01-a258-4e84-b748-4fde0bc4b855",
                    "8fa7b602-90c2-41af-bd24-ae1ec97f1cf5"
                ],
                [
                    "81ed8c77-85e1-4af2-a614-0a9fe67de60d",
                    "160a49e9-4cb4-4586-a6fd-92df254a238b",
                    "64bac175-c3a8-4519-a0aa-610b61c42336",
                    "ae282d2f-1faf-4050-bc00-837469996e73",
                    "8eb11a01-a258-4e84-b748-4fde0bc4b855",
                    "8fa7b602-90c2-41af-bd24-ae1ec97f1cf5"
                ],
                [
                    "81ed8c77-85e1-4af2-a614-0a9fe67de60d",
                    "160a49e9-4cb4-4586-a6fd-92df254a238b",
                    "64bac175-c3a8-4519-a0aa-610b61c42336",
                    "ae282d2f-1faf-4050-bc00-837469996e73",
                    "8eb11a01-a258-4e84-b748-4fde0bc4b855",
                    "a5f4ae89-01de-4eba-83ea-2bc43d548d55"
                ],
                [
                    "81ed8c77-85e1-4af2-a614-0a9fe67de60d",
                    "160a49e9-4cb4-4586-a6fd-92df254a238b",
                    "64bac175-c3a8-4519-a0aa-610b61c42336",
                    "ae282d2f-1faf-4050-bc00-837469996e73",
                    "8eb11a01-a258-4e84-b748-4fde0bc4b855",
                    "9a1790fd-30b4-4ffe-bdc2-6979774778ba"
                ],
                [
                    "81ed8c77-85e1-4af2-a614-0a9fe67de60d",
                    "160a49e9-4cb4-4586-a6fd-92df254a238b",
                    "78c624c8-14d3-4d83-a174-9d55ad4ba3f3",
                    "ae282d2f-1faf-4050-bc00-837469996e73",
                    "8eb11a01-a258-4e84-b748-4fde0bc4b855",
                    "9a1790fd-30b4-4ffe-bdc2-6979774778ba"
                ],
                [
                    "81ed8c77-85e1-4af2-a614-0a9fe67de60d",
                    "160a49e9-4cb4-4586-a6fd-92df254a238b",
                    "bcf9b764-af5c-4c30-9a7f-c897610f3129",
                    "ae282d2f-1faf-4050-bc00-837469996e73",
                    "8eb11a01-a258-4e84-b748-4fde0bc4b855",
                    "9a1790fd-30b4-4ffe-bdc2-6979774778ba"
                ],
                [
                    "81ed8c77-85e1-4af2-a614-0a9fe67de60d",
                    "160a49e9-4cb4-4586-a6fd-92df254a238b",
                    "6f1c9c1b-13c0-481b-929b-75704683e78a",
                    "ae282d2f-1faf-4050-bc00-837469996e73",
                    "8eb11a01-a258-4e84-b748-4fde0bc4b855",
                    "9a1790fd-30b4-4ffe-bdc2-6979774778ba"
                ],
                [
                    "81ed8c77-85e1-4af2-a614-0a9fe67de60d",
                    "160a49e9-4cb4-4586-a6fd-92df254a238b",
                    "bcf9b764-af5c-4c30-9a7f-c897610f3129",
                    "ae282d2f-1faf-4050-bc00-837469996e73",
                    "8eb11a01-a258-4e84-b748-4fde0bc4b855",
                    "a5f4ae89-01de-4eba-83ea-2bc43d548d55"
                ],
                [
                    "81ed8c77-85e1-4af2-a614-0a9fe67de60d",
                    "160a49e9-4cb4-4586-a6fd-92df254a238b",
                    "78c624c8-14d3-4d83-a174-9d55ad4ba3f3",
                    "ae282d2f-1faf-4050-bc00-837469996e73",
                    "8eb11a01-a258-4e84-b748-4fde0bc4b855",
                    "a5f4ae89-01de-4eba-83ea-2bc43d548d55"
                ],
                [
                    "81ed8c77-85e1-4af2-a614-0a9fe67de60d",
                    "160a49e9-4cb4-4586-a6fd-92df254a238b",
                    "6f1c9c1b-13c0-481b-929b-75704683e78a",
                    "ae282d2f-1faf-4050-bc00-837469996e73",
                    "8eb11a01-a258-4e84-b748-4fde0bc4b855",
                    "8fa7b602-90c2-41af-bd24-ae1ec97f1cf5"
                ],
                [
                    "81ed8c77-85e1-4af2-a614-0a9fe67de60d",
                    "160a49e9-4cb4-4586-a6fd-92df254a238b",
                    "6f1c9c1b-13c0-481b-929b-75704683e78a",
                    "ae282d2f-1faf-4050-bc00-837469996e73",
                    "8eb11a01-a258-4e84-b748-4fde0bc4b855",
                    "a5f4ae89-01de-4eba-83ea-2bc43d548d55"
                ],
                [
                    "81ed8c77-85e1-4af2-a614-0a9fe67de60d",
                    "160a49e9-4cb4-4586-a6fd-92df254a238b",
                    "bcf9b764-af5c-4c30-9a7f-c897610f3129",
                    "ae282d2f-1faf-4050-bc00-837469996e73",
                    "8eb11a01-a258-4e84-b748-4fde0bc4b855",
                    "8fa7b602-90c2-41af-bd24-ae1ec97f1cf5"
                ]
            ]
        },
        {
            "output_tuple": [
                "Satinder P. Singh"
            ],
            "tuple_id": "366f7bec-8f32-57ce-a31d-c8bf934d5665",
            "dnf": [
                [
                    "22d5b3b7-ebd7-48df-93c6-fc1d4e4bc813",
                    "160a49e9-4cb4-4586-a6fd-92df254a238b",
                    "41c46c26-f2e5-4838-95ea-36912fc60582",
                    "cda00e85-6882-49f4-b7bd-cb3434c6855d",
                    "8eb11a01-a258-4e84-b748-4fde0bc4b855",
                    "8fa7b602-90c2-41af-bd24-ae1ec97f1cf5"
                ],
                [
                    "22d5b3b7-ebd7-48df-93c6-fc1d4e4bc813",
                    "160a49e9-4cb4-4586-a6fd-92df254a238b",
                    "64bac175-c3a8-4519-a0aa-610b61c42336",
                    "ae282d2f-1faf-4050-bc00-837469996e73",
                    "8eb11a01-a258-4e84-b748-4fde0bc4b855",
                    "097fef79-c27f-4fd7-9aa5-1831824fc85c"
                ],
                [
                    "22d5b3b7-ebd7-48df-93c6-fc1d4e4bc813",
                    "160a49e9-4cb4-4586-a6fd-92df254a238b",
                    "d9fc4bf6-c177-4948-b8aa-8e935f93b33d",
                    "cda00e85-6882-49f4-b7bd-cb3434c6855d",
                    "8eb11a01-a258-4e84-b748-4fde0bc4b855",
                    "8fa7b602-90c2-41af-bd24-ae1ec97f1cf5"
                ],
                [
                    "22d5b3b7-ebd7-48df-93c6-fc1d4e4bc813",
                    "160a49e9-4cb4-4586-a6fd-92df254a238b",
                    "f141ea28-85de-4cc0-8480-1378f7ef514e",
                    "15cccd87-06b9-427a-9371-d3cd485820a5",
                    "8eb11a01-a258-4e84-b748-4fde0bc4b855",
                    "8fa7b602-90c2-41af-bd24-ae1ec97f1cf5"
                ],
                [
                    "22d5b3b7-ebd7-48df-93c6-fc1d4e4bc813",
                    "160a49e9-4cb4-4586-a6fd-92df254a238b",
                    "41c46c26-f2e5-4838-95ea-36912fc60582",
                    "cda00e85-6882-49f4-b7bd-cb3434c6855d",
                    "8eb11a01-a258-4e84-b748-4fde0bc4b855",
                    "097fef79-c27f-4fd7-9aa5-1831824fc85c"
                ],
                [
                    "22d5b3b7-ebd7-48df-93c6-fc1d4e4bc813",
                    "160a49e9-4cb4-4586-a6fd-92df254a238b",
                    "64bac175-c3a8-4519-a0aa-610b61c42336",
                    "ae282d2f-1faf-4050-bc00-837469996e73",
                    "8eb11a01-a258-4e84-b748-4fde0bc4b855",
                    "8fa7b602-90c2-41af-bd24-ae1ec97f1cf5"
                ],
                [
                    "22d5b3b7-ebd7-48df-93c6-fc1d4e4bc813",
                    "160a49e9-4cb4-4586-a6fd-92df254a238b",
                    "d034b83f-1151-4e2b-b8be-c4a4abd5e6a0",
                    "ae282d2f-1faf-4050-bc00-837469996e73",
                    "8eb11a01-a258-4e84-b748-4fde0bc4b855",
                    "8fa7b602-90c2-41af-bd24-ae1ec97f1cf5"
                ],
                [
                    "22d5b3b7-ebd7-48df-93c6-fc1d4e4bc813",
                    "160a49e9-4cb4-4586-a6fd-92df254a238b",
                    "8a84d79f-cd9f-4d1d-ac47-b70d27c06b5f",
                    "15cccd87-06b9-427a-9371-d3cd485820a5",
                    "8eb11a01-a258-4e84-b748-4fde0bc4b855",
                    "8fa7b602-90c2-41af-bd24-ae1ec97f1cf5"
                ],
                [
                    "22d5b3b7-ebd7-48df-93c6-fc1d4e4bc813",
                    "160a49e9-4cb4-4586-a6fd-92df254a238b",
                    "f141ea28-85de-4cc0-8480-1378f7ef514e",
                    "15cccd87-06b9-427a-9371-d3cd485820a5",
                    "8eb11a01-a258-4e84-b748-4fde0bc4b855",
                    "097fef79-c27f-4fd7-9aa5-1831824fc85c"
                ],
                [
                    "22d5b3b7-ebd7-48df-93c6-fc1d4e4bc813",
                    "160a49e9-4cb4-4586-a6fd-92df254a238b",
                    "6c93b59d-503e-4ddf-ba14-0e7fbb9c163f",
                    "15cccd87-06b9-427a-9371-d3cd485820a5",
                    "8eb11a01-a258-4e84-b748-4fde0bc4b855",
                    "8fa7b602-90c2-41af-bd24-ae1ec97f1cf5"
                ],
                [
                    "22d5b3b7-ebd7-48df-93c6-fc1d4e4bc813",
                    "160a49e9-4cb4-4586-a6fd-92df254a238b",
                    "fdafe45d-bc40-4880-ae7a-77bdfc5219cf",
                    "15cccd87-06b9-427a-9371-d3cd485820a5",
                    "8eb11a01-a258-4e84-b748-4fde0bc4b855",
                    "8fa7b602-90c2-41af-bd24-ae1ec97f1cf5"
                ],
                [
                    "22d5b3b7-ebd7-48df-93c6-fc1d4e4bc813",
                    "160a49e9-4cb4-4586-a6fd-92df254a238b",
                    "d9fc4bf6-c177-4948-b8aa-8e935f93b33d",
                    "cda00e85-6882-49f4-b7bd-cb3434c6855d",
                    "8eb11a01-a258-4e84-b748-4fde0bc4b855",
                    "097fef79-c27f-4fd7-9aa5-1831824fc85c"
                ],
                [
                    "22d5b3b7-ebd7-48df-93c6-fc1d4e4bc813",
                    "160a49e9-4cb4-4586-a6fd-92df254a238b",
                    "6c93b59d-503e-4ddf-ba14-0e7fbb9c163f",
                    "15cccd87-06b9-427a-9371-d3cd485820a5",
                    "8eb11a01-a258-4e84-b748-4fde0bc4b855",
                    "097fef79-c27f-4fd7-9aa5-1831824fc85c"
                ],
                [
                    "22d5b3b7-ebd7-48df-93c6-fc1d4e4bc813",
                    "160a49e9-4cb4-4586-a6fd-92df254a238b",
                    "4a3bc7b7-4447-4d6b-9286-b92d27faed68",
                    "cda00e85-6882-49f4-b7bd-cb3434c6855d",
                    "8eb11a01-a258-4e84-b748-4fde0bc4b855",
                    "097fef79-c27f-4fd7-9aa5-1831824fc85c"
                ],
                [
                    "22d5b3b7-ebd7-48df-93c6-fc1d4e4bc813",
                    "160a49e9-4cb4-4586-a6fd-92df254a238b",
                    "4a3bc7b7-4447-4d6b-9286-b92d27faed68",
                    "cda00e85-6882-49f4-b7bd-cb3434c6855d",
                    "8eb11a01-a258-4e84-b748-4fde0bc4b855",
                    "8fa7b602-90c2-41af-bd24-ae1ec97f1cf5"
                ],
                [
                    "22d5b3b7-ebd7-48df-93c6-fc1d4e4bc813",
                    "160a49e9-4cb4-4586-a6fd-92df254a238b",
                    "d034b83f-1151-4e2b-b8be-c4a4abd5e6a0",
                    "ae282d2f-1faf-4050-bc00-837469996e73",
                    "8eb11a01-a258-4e84-b748-4fde0bc4b855",
                    "097fef79-c27f-4fd7-9aa5-1831824fc85c"
                ],
                [
                    "22d5b3b7-ebd7-48df-93c6-fc1d4e4bc813",
                    "160a49e9-4cb4-4586-a6fd-92df254a238b",
                    "40e08788-0032-436e-bc5b-e7c2528ddcd4",
                    "cda00e85-6882-49f4-b7bd-cb3434c6855d",
                    "8eb11a01-a258-4e84-b748-4fde0bc4b855",
                    "8fa7b602-90c2-41af-bd24-ae1ec97f1cf5"
                ],
                [
                    "22d5b3b7-ebd7-48df-93c6-fc1d4e4bc813",
                    "160a49e9-4cb4-4586-a6fd-92df254a238b",
                    "a597eaa5-e9f7-4791-9664-00d096c5e2bc",
                    "ae282d2f-1faf-4050-bc00-837469996e73",
                    "8eb11a01-a258-4e84-b748-4fde0bc4b855",
                    "097fef79-c27f-4fd7-9aa5-1831824fc85c"
                ],
                [
                    "22d5b3b7-ebd7-48df-93c6-fc1d4e4bc813",
                    "160a49e9-4cb4-4586-a6fd-92df254a238b",
                    "fdafe45d-bc40-4880-ae7a-77bdfc5219cf",
                    "15cccd87-06b9-427a-9371-d3cd485820a5",
                    "8eb11a01-a258-4e84-b748-4fde0bc4b855",
                    "097fef79-c27f-4fd7-9aa5-1831824fc85c"
                ],
                [
                    "22d5b3b7-ebd7-48df-93c6-fc1d4e4bc813",
                    "160a49e9-4cb4-4586-a6fd-92df254a238b",
                    "a597eaa5-e9f7-4791-9664-00d096c5e2bc",
                    "ae282d2f-1faf-4050-bc00-837469996e73",
                    "8eb11a01-a258-4e84-b748-4fde0bc4b855",
                    "8fa7b602-90c2-41af-bd24-ae1ec97f1cf5"
                ],
                [
                    "22d5b3b7-ebd7-48df-93c6-fc1d4e4bc813",
                    "160a49e9-4cb4-4586-a6fd-92df254a238b",
                    "46fc3bef-bcce-4130-a255-b8ce4bf0a997",
                    "cda00e85-6882-49f4-b7bd-cb3434c6855d",
                    "8eb11a01-a258-4e84-b748-4fde0bc4b855",
                    "8fa7b602-90c2-41af-bd24-ae1ec97f1cf5"
                ],
                [
                    "22d5b3b7-ebd7-48df-93c6-fc1d4e4bc813",
                    "160a49e9-4cb4-4586-a6fd-92df254a238b",
                    "40e08788-0032-436e-bc5b-e7c2528ddcd4",
                    "cda00e85-6882-49f4-b7bd-cb3434c6855d",
                    "8eb11a01-a258-4e84-b748-4fde0bc4b855",
                    "097fef79-c27f-4fd7-9aa5-1831824fc85c"
                ],
                [
                    "22d5b3b7-ebd7-48df-93c6-fc1d4e4bc813",
                    "160a49e9-4cb4-4586-a6fd-92df254a238b",
                    "8a84d79f-cd9f-4d1d-ac47-b70d27c06b5f",
                    "15cccd87-06b9-427a-9371-d3cd485820a5",
                    "8eb11a01-a258-4e84-b748-4fde0bc4b855",
                    "097fef79-c27f-4fd7-9aa5-1831824fc85c"
                ],
                [
                    "22d5b3b7-ebd7-48df-93c6-fc1d4e4bc813",
                    "160a49e9-4cb4-4586-a6fd-92df254a238b",
                    "46fc3bef-bcce-4130-a255-b8ce4bf0a997",
                    "cda00e85-6882-49f4-b7bd-cb3434c6855d",
                    "8eb11a01-a258-4e84-b748-4fde0bc4b855",
                    "097fef79-c27f-4fd7-9aa5-1831824fc85c"
                ]
            ]
        },
        {
            "output_tuple": [
                "Alfred O. Hero III"
            ],
            "tuple_id": "57dc14a6-8232-5e83-a176-58218a559619",
            "dnf": [
                [
                    "fd393fff-5467-4fc8-a878-9d6c7efee62e",
                    "160a49e9-4cb4-4586-a6fd-92df254a238b",
                    "1aaafc7c-3dd7-49dc-99c9-f6ef605e3eab",
                    "15cccd87-06b9-427a-9371-d3cd485820a5",
                    "8eb11a01-a258-4e84-b748-4fde0bc4b855",
                    "a5f4ae89-01de-4eba-83ea-2bc43d548d55"
                ],
                [
                    "fd393fff-5467-4fc8-a878-9d6c7efee62e",
                    "160a49e9-4cb4-4586-a6fd-92df254a238b",
                    "99ad3eb0-bbd0-45e5-9c91-cc75ad15d58d",
                    "15cccd87-06b9-427a-9371-d3cd485820a5",
                    "8eb11a01-a258-4e84-b748-4fde0bc4b855",
                    "a5f4ae89-01de-4eba-83ea-2bc43d548d55"
                ],
                [
                    "fd393fff-5467-4fc8-a878-9d6c7efee62e",
                    "160a49e9-4cb4-4586-a6fd-92df254a238b",
                    "3073004f-b5bc-440a-88a6-29c893033d4b",
                    "cda00e85-6882-49f4-b7bd-cb3434c6855d",
                    "8eb11a01-a258-4e84-b748-4fde0bc4b855",
                    "a5f4ae89-01de-4eba-83ea-2bc43d548d55"
                ],
                [
                    "fd393fff-5467-4fc8-a878-9d6c7efee62e",
                    "160a49e9-4cb4-4586-a6fd-92df254a238b",
                    "3073004f-b5bc-440a-88a6-29c893033d4b",
                    "cda00e85-6882-49f4-b7bd-cb3434c6855d",
                    "8eb11a01-a258-4e84-b748-4fde0bc4b855",
                    "097fef79-c27f-4fd7-9aa5-1831824fc85c"
                ],
                [
                    "fd393fff-5467-4fc8-a878-9d6c7efee62e",
                    "160a49e9-4cb4-4586-a6fd-92df254a238b",
                    "1aaafc7c-3dd7-49dc-99c9-f6ef605e3eab",
                    "15cccd87-06b9-427a-9371-d3cd485820a5",
                    "8eb11a01-a258-4e84-b748-4fde0bc4b855",
                    "750580bd-cc91-475d-84ba-63fba4b5d22a"
                ],
                [
                    "fd393fff-5467-4fc8-a878-9d6c7efee62e",
                    "160a49e9-4cb4-4586-a6fd-92df254a238b",
                    "0419dfaa-d2dc-4c1b-835a-ce977f0e70f3",
                    "15cccd87-06b9-427a-9371-d3cd485820a5",
                    "8eb11a01-a258-4e84-b748-4fde0bc4b855",
                    "097fef79-c27f-4fd7-9aa5-1831824fc85c"
                ],
                [
                    "fd393fff-5467-4fc8-a878-9d6c7efee62e",
                    "160a49e9-4cb4-4586-a6fd-92df254a238b",
                    "dc964d4a-134d-422e-831d-2ed93566a80e",
                    "15cccd87-06b9-427a-9371-d3cd485820a5",
                    "8eb11a01-a258-4e84-b748-4fde0bc4b855",
                    "a5f4ae89-01de-4eba-83ea-2bc43d548d55"
                ],
                [
                    "fd393fff-5467-4fc8-a878-9d6c7efee62e",
                    "160a49e9-4cb4-4586-a6fd-92df254a238b",
                    "99ad3eb0-bbd0-45e5-9c91-cc75ad15d58d",
                    "15cccd87-06b9-427a-9371-d3cd485820a5",
                    "8eb11a01-a258-4e84-b748-4fde0bc4b855",
                    "750580bd-cc91-475d-84ba-63fba4b5d22a"
                ],
                [
                    "fd393fff-5467-4fc8-a878-9d6c7efee62e",
                    "160a49e9-4cb4-4586-a6fd-92df254a238b",
                    "0419dfaa-d2dc-4c1b-835a-ce977f0e70f3",
                    "15cccd87-06b9-427a-9371-d3cd485820a5",
                    "8eb11a01-a258-4e84-b748-4fde0bc4b855",
                    "750580bd-cc91-475d-84ba-63fba4b5d22a"
                ],
                [
                    "fd393fff-5467-4fc8-a878-9d6c7efee62e",
                    "160a49e9-4cb4-4586-a6fd-92df254a238b",
                    "3073004f-b5bc-440a-88a6-29c893033d4b",
                    "cda00e85-6882-49f4-b7bd-cb3434c6855d",
                    "8eb11a01-a258-4e84-b748-4fde0bc4b855",
                    "750580bd-cc91-475d-84ba-63fba4b5d22a"
                ],
                [
                    "fd393fff-5467-4fc8-a878-9d6c7efee62e",
                    "160a49e9-4cb4-4586-a6fd-92df254a238b",
                    "dc964d4a-134d-422e-831d-2ed93566a80e",
                    "15cccd87-06b9-427a-9371-d3cd485820a5",
                    "8eb11a01-a258-4e84-b748-4fde0bc4b855",
                    "750580bd-cc91-475d-84ba-63fba4b5d22a"
                ],
                [
                    "fd393fff-5467-4fc8-a878-9d6c7efee62e",
                    "160a49e9-4cb4-4586-a6fd-92df254a238b",
                    "5408ecad-8db0-443d-bdbc-c9a346e845ca",
                    "15cccd87-06b9-427a-9371-d3cd485820a5",
                    "8eb11a01-a258-4e84-b748-4fde0bc4b855",
                    "a5f4ae89-01de-4eba-83ea-2bc43d548d55"
                ],
                [
                    "fd393fff-5467-4fc8-a878-9d6c7efee62e",
                    "160a49e9-4cb4-4586-a6fd-92df254a238b",
                    "1aaafc7c-3dd7-49dc-99c9-f6ef605e3eab",
                    "15cccd87-06b9-427a-9371-d3cd485820a5",
                    "8eb11a01-a258-4e84-b748-4fde0bc4b855",
                    "097fef79-c27f-4fd7-9aa5-1831824fc85c"
                ],
                [
                    "fd393fff-5467-4fc8-a878-9d6c7efee62e",
                    "160a49e9-4cb4-4586-a6fd-92df254a238b",
                    "99ad3eb0-bbd0-45e5-9c91-cc75ad15d58d",
                    "15cccd87-06b9-427a-9371-d3cd485820a5",
                    "8eb11a01-a258-4e84-b748-4fde0bc4b855",
                    "097fef79-c27f-4fd7-9aa5-1831824fc85c"
                ],
                [
                    "fd393fff-5467-4fc8-a878-9d6c7efee62e",
                    "160a49e9-4cb4-4586-a6fd-92df254a238b",
                    "dc964d4a-134d-422e-831d-2ed93566a80e",
                    "15cccd87-06b9-427a-9371-d3cd485820a5",
                    "8eb11a01-a258-4e84-b748-4fde0bc4b855",
                    "097fef79-c27f-4fd7-9aa5-1831824fc85c"
                ],
                [
                    "fd393fff-5467-4fc8-a878-9d6c7efee62e",
                    "160a49e9-4cb4-4586-a6fd-92df254a238b",
                    "5408ecad-8db0-443d-bdbc-c9a346e845ca",
                    "15cccd87-06b9-427a-9371-d3cd485820a5",
                    "8eb11a01-a258-4e84-b748-4fde0bc4b855",
                    "097fef79-c27f-4fd7-9aa5-1831824fc85c"
                ],
                [
                    "fd393fff-5467-4fc8-a878-9d6c7efee62e",
                    "160a49e9-4cb4-4586-a6fd-92df254a238b",
                    "0419dfaa-d2dc-4c1b-835a-ce977f0e70f3",
                    "15cccd87-06b9-427a-9371-d3cd485820a5",
                    "8eb11a01-a258-4e84-b748-4fde0bc4b855",
                    "a5f4ae89-01de-4eba-83ea-2bc43d548d55"
                ],
                [
                    "fd393fff-5467-4fc8-a878-9d6c7efee62e",
                    "160a49e9-4cb4-4586-a6fd-92df254a238b",
                    "5408ecad-8db0-443d-bdbc-c9a346e845ca",
                    "15cccd87-06b9-427a-9371-d3cd485820a5",
                    "8eb11a01-a258-4e84-b748-4fde0bc4b855",
                    "750580bd-cc91-475d-84ba-63fba4b5d22a"
                ]
            ]
        },
        {
            "output_tuple": [
                "Ryan M. Eustice"
            ],
            "tuple_id": "5e56a02e-c107-5d39-b89f-487160f05f28",
            "dnf": [
                [
                    "270fbd58-ab85-411c-8f0b-b23bc7b4a40d",
                    "160a49e9-4cb4-4586-a6fd-92df254a238b",
                    "7c502b58-dd39-4db3-a88e-a5f42498c642",
                    "ab97727f-0e58-46c0-84c8-437c7a09c883",
                    "8eb11a01-a258-4e84-b748-4fde0bc4b855",
                    "8fa7b602-90c2-41af-bd24-ae1ec97f1cf5"
                ],
                [
                    "270fbd58-ab85-411c-8f0b-b23bc7b4a40d",
                    "160a49e9-4cb4-4586-a6fd-92df254a238b",
                    "2fad74e4-7954-4deb-ba66-82089c03bb94",
                    "ab97727f-0e58-46c0-84c8-437c7a09c883",
                    "8eb11a01-a258-4e84-b748-4fde0bc4b855",
                    "8fa7b602-90c2-41af-bd24-ae1ec97f1cf5"
                ],
                [
                    "270fbd58-ab85-411c-8f0b-b23bc7b4a40d",
                    "160a49e9-4cb4-4586-a6fd-92df254a238b",
                    "405f99e1-9347-4b8f-b491-e3ad43cc6d44",
                    "ab97727f-0e58-46c0-84c8-437c7a09c883",
                    "8eb11a01-a258-4e84-b748-4fde0bc4b855",
                    "8fa7b602-90c2-41af-bd24-ae1ec97f1cf5"
                ],
                [
                    "270fbd58-ab85-411c-8f0b-b23bc7b4a40d",
                    "160a49e9-4cb4-4586-a6fd-92df254a238b",
                    "9cb0ec5b-9a21-4737-a6af-0bd56fe614c2",
                    "ab97727f-0e58-46c0-84c8-437c7a09c883",
                    "8eb11a01-a258-4e84-b748-4fde0bc4b855",
                    "8fa7b602-90c2-41af-bd24-ae1ec97f1cf5"
                ],
                [
                    "270fbd58-ab85-411c-8f0b-b23bc7b4a40d",
                    "160a49e9-4cb4-4586-a6fd-92df254a238b",
                    "a87338f5-be2f-4b51-b1c8-bbc7039d4e6d",
                    "ab97727f-0e58-46c0-84c8-437c7a09c883",
                    "8eb11a01-a258-4e84-b748-4fde0bc4b855",
                    "8fa7b602-90c2-41af-bd24-ae1ec97f1cf5"
                ],
                [
                    "270fbd58-ab85-411c-8f0b-b23bc7b4a40d",
                    "160a49e9-4cb4-4586-a6fd-92df254a238b",
                    "6bc3cac6-099b-49bf-b810-d667b089756a",
                    "ab97727f-0e58-46c0-84c8-437c7a09c883",
                    "8eb11a01-a258-4e84-b748-4fde0bc4b855",
                    "8fa7b602-90c2-41af-bd24-ae1ec97f1cf5"
                ],
                [
                    "270fbd58-ab85-411c-8f0b-b23bc7b4a40d",
                    "160a49e9-4cb4-4586-a6fd-92df254a238b",
                    "b7aa4c43-6b9a-4d26-ab3d-5cf46321ab89",
                    "ab97727f-0e58-46c0-84c8-437c7a09c883",
                    "8eb11a01-a258-4e84-b748-4fde0bc4b855",
                    "8fa7b602-90c2-41af-bd24-ae1ec97f1cf5"
                ],
                [
                    "270fbd58-ab85-411c-8f0b-b23bc7b4a40d",
                    "160a49e9-4cb4-4586-a6fd-92df254a238b",
                    "07d4e0e6-ea04-4423-8294-586302d7b5af",
                    "ab97727f-0e58-46c0-84c8-437c7a09c883",
                    "8eb11a01-a258-4e84-b748-4fde0bc4b855",
                    "8fa7b602-90c2-41af-bd24-ae1ec97f1cf5"
                ],
                [
                    "270fbd58-ab85-411c-8f0b-b23bc7b4a40d",
                    "160a49e9-4cb4-4586-a6fd-92df254a238b",
                    "a5180986-4558-444b-abda-d1f0b340f958",
                    "ab97727f-0e58-46c0-84c8-437c7a09c883",
                    "8eb11a01-a258-4e84-b748-4fde0bc4b855",
                    "8fa7b602-90c2-41af-bd24-ae1ec97f1cf5"
                ],
                [
                    "270fbd58-ab85-411c-8f0b-b23bc7b4a40d",
                    "160a49e9-4cb4-4586-a6fd-92df254a238b",
                    "cdd75876-d6fc-4a0e-92a0-853451e8309c",
                    "ab97727f-0e58-46c0-84c8-437c7a09c883",
                    "8eb11a01-a258-4e84-b748-4fde0bc4b855",
                    "8fa7b602-90c2-41af-bd24-ae1ec97f1cf5"
                ],
                [
                    "270fbd58-ab85-411c-8f0b-b23bc7b4a40d",
                    "160a49e9-4cb4-4586-a6fd-92df254a238b",
                    "004606f9-70ef-4d61-92c2-a84371d016bc",
                    "ab97727f-0e58-46c0-84c8-437c7a09c883",
                    "8eb11a01-a258-4e84-b748-4fde0bc4b855",
                    "8fa7b602-90c2-41af-bd24-ae1ec97f1cf5"
                ],
                [
                    "270fbd58-ab85-411c-8f0b-b23bc7b4a40d",
                    "160a49e9-4cb4-4586-a6fd-92df254a238b",
                    "a4a216e8-06fb-4e76-a163-953aa28a43d5",
                    "ab97727f-0e58-46c0-84c8-437c7a09c883",
                    "8eb11a01-a258-4e84-b748-4fde0bc4b855",
                    "8fa7b602-90c2-41af-bd24-ae1ec97f1cf5"
                ]
            ]
        },
        {
            "output_tuple": [
                "Benjamin Kuipers"
            ],
            "tuple_id": "b09bab79-e9fb-5e1e-aab8-cbbd1b3db3d5",
            "dnf": [
                [
                    "f325408f-e37a-41a6-96a5-b8acaad9e9ad",
                    "160a49e9-4cb4-4586-a6fd-92df254a238b",
                    "d08e1666-3716-4da0-a8e7-bac9d0956cec",
                    "ab97727f-0e58-46c0-84c8-437c7a09c883",
                    "8eb11a01-a258-4e84-b748-4fde0bc4b855",
                    "8fa7b602-90c2-41af-bd24-ae1ec97f1cf5"
                ],
                [
                    "f325408f-e37a-41a6-96a5-b8acaad9e9ad",
                    "160a49e9-4cb4-4586-a6fd-92df254a238b",
                    "66589d97-513e-4a10-b272-006275eb7d2e",
                    "cda00e85-6882-49f4-b7bd-cb3434c6855d",
                    "8eb11a01-a258-4e84-b748-4fde0bc4b855",
                    "8fa7b602-90c2-41af-bd24-ae1ec97f1cf5"
                ],
                [
                    "f325408f-e37a-41a6-96a5-b8acaad9e9ad",
                    "160a49e9-4cb4-4586-a6fd-92df254a238b",
                    "8d5d7fc4-15fa-4472-a597-92af36478490",
                    "ab97727f-0e58-46c0-84c8-437c7a09c883",
                    "8eb11a01-a258-4e84-b748-4fde0bc4b855",
                    "8fa7b602-90c2-41af-bd24-ae1ec97f1cf5"
                ],
                [
                    "f325408f-e37a-41a6-96a5-b8acaad9e9ad",
                    "160a49e9-4cb4-4586-a6fd-92df254a238b",
                    "62d004fd-88b7-4be9-a2a1-651dff454779",
                    "ab97727f-0e58-46c0-84c8-437c7a09c883",
                    "8eb11a01-a258-4e84-b748-4fde0bc4b855",
                    "8fa7b602-90c2-41af-bd24-ae1ec97f1cf5"
                ],
                [
                    "f325408f-e37a-41a6-96a5-b8acaad9e9ad",
                    "160a49e9-4cb4-4586-a6fd-92df254a238b",
                    "83a8b159-07de-40bd-b58c-38455afdda34",
                    "ab97727f-0e58-46c0-84c8-437c7a09c883",
                    "8eb11a01-a258-4e84-b748-4fde0bc4b855",
                    "8fa7b602-90c2-41af-bd24-ae1ec97f1cf5"
                ],
                [
                    "f325408f-e37a-41a6-96a5-b8acaad9e9ad",
                    "160a49e9-4cb4-4586-a6fd-92df254a238b",
                    "8889c922-c835-4358-9f4f-93ed4cfd1951",
                    "ab97727f-0e58-46c0-84c8-437c7a09c883",
                    "8eb11a01-a258-4e84-b748-4fde0bc4b855",
                    "8fa7b602-90c2-41af-bd24-ae1ec97f1cf5"
                ],
                [
                    "f325408f-e37a-41a6-96a5-b8acaad9e9ad",
                    "160a49e9-4cb4-4586-a6fd-92df254a238b",
                    "31732947-861d-4de3-8eed-3fd0df519818",
                    "ab97727f-0e58-46c0-84c8-437c7a09c883",
                    "8eb11a01-a258-4e84-b748-4fde0bc4b855",
                    "8fa7b602-90c2-41af-bd24-ae1ec97f1cf5"
                ],
                [
                    "f325408f-e37a-41a6-96a5-b8acaad9e9ad",
                    "160a49e9-4cb4-4586-a6fd-92df254a238b",
                    "72e1b420-5b1a-4e8b-a53f-b0c826af76ed",
                    "ab97727f-0e58-46c0-84c8-437c7a09c883",
                    "8eb11a01-a258-4e84-b748-4fde0bc4b855",
                    "8fa7b602-90c2-41af-bd24-ae1ec97f1cf5"
                ]
            ]
        },
        {
            "output_tuple": [
                "Honglak Lee"
            ],
            "tuple_id": "b0e20a0c-7f4a-5964-b7e9-8266fc837e7e",
            "dnf": [
                [
                    "8637c8b2-f9af-42a8-ad43-84168e5a635e",
                    "160a49e9-4cb4-4586-a6fd-92df254a238b",
                    "610a3249-fae3-46bc-9a36-8b45a47979c1",
                    "cda00e85-6882-49f4-b7bd-cb3434c6855d",
                    "8eb11a01-a258-4e84-b748-4fde0bc4b855",
                    "8fa7b602-90c2-41af-bd24-ae1ec97f1cf5"
                ],
                [
                    "8637c8b2-f9af-42a8-ad43-84168e5a635e",
                    "160a49e9-4cb4-4586-a6fd-92df254a238b",
                    "3176d37a-d3e0-4da1-887b-528d1a1374cc",
                    "15cccd87-06b9-427a-9371-d3cd485820a5",
                    "8eb11a01-a258-4e84-b748-4fde0bc4b855",
                    "8fa7b602-90c2-41af-bd24-ae1ec97f1cf5"
                ],
                [
                    "8637c8b2-f9af-42a8-ad43-84168e5a635e",
                    "160a49e9-4cb4-4586-a6fd-92df254a238b",
                    "4cbbb54b-bd22-45f1-8b41-c25e4827deb8",
                    "15cccd87-06b9-427a-9371-d3cd485820a5",
                    "8eb11a01-a258-4e84-b748-4fde0bc4b855",
                    "8fa7b602-90c2-41af-bd24-ae1ec97f1cf5"
                ],
                [
                    "8637c8b2-f9af-42a8-ad43-84168e5a635e",
                    "160a49e9-4cb4-4586-a6fd-92df254a238b",
                    "aa65d0a6-12d9-4512-8a16-55de42942165",
                    "15cccd87-06b9-427a-9371-d3cd485820a5",
                    "8eb11a01-a258-4e84-b748-4fde0bc4b855",
                    "8fa7b602-90c2-41af-bd24-ae1ec97f1cf5"
                ],
                [
                    "8637c8b2-f9af-42a8-ad43-84168e5a635e",
                    "160a49e9-4cb4-4586-a6fd-92df254a238b",
                    "992392e0-9284-494c-8e1c-1c56c8dbff0a",
                    "cda00e85-6882-49f4-b7bd-cb3434c6855d",
                    "8eb11a01-a258-4e84-b748-4fde0bc4b855",
                    "097fef79-c27f-4fd7-9aa5-1831824fc85c"
                ],
                [
                    "8637c8b2-f9af-42a8-ad43-84168e5a635e",
                    "160a49e9-4cb4-4586-a6fd-92df254a238b",
                    "0e9ee709-93bb-497d-9047-e0d4ea3b3919",
                    "cda00e85-6882-49f4-b7bd-cb3434c6855d",
                    "8eb11a01-a258-4e84-b748-4fde0bc4b855",
                    "8fa7b602-90c2-41af-bd24-ae1ec97f1cf5"
                ],
                [
                    "8637c8b2-f9af-42a8-ad43-84168e5a635e",
                    "160a49e9-4cb4-4586-a6fd-92df254a238b",
                    "fdafe45d-bc40-4880-ae7a-77bdfc5219cf",
                    "15cccd87-06b9-427a-9371-d3cd485820a5",
                    "8eb11a01-a258-4e84-b748-4fde0bc4b855",
                    "097fef79-c27f-4fd7-9aa5-1831824fc85c"
                ],
                [
                    "8637c8b2-f9af-42a8-ad43-84168e5a635e",
                    "160a49e9-4cb4-4586-a6fd-92df254a238b",
                    "97e66497-1f8d-45b7-9450-9d7b16ab04fa",
                    "cda00e85-6882-49f4-b7bd-cb3434c6855d",
                    "8eb11a01-a258-4e84-b748-4fde0bc4b855",
                    "8fa7b602-90c2-41af-bd24-ae1ec97f1cf5"
                ],
                [
                    "8637c8b2-f9af-42a8-ad43-84168e5a635e",
                    "160a49e9-4cb4-4586-a6fd-92df254a238b",
                    "255654ae-cf39-46eb-a67f-79cc914225c3",
                    "15cccd87-06b9-427a-9371-d3cd485820a5",
                    "8eb11a01-a258-4e84-b748-4fde0bc4b855",
                    "097fef79-c27f-4fd7-9aa5-1831824fc85c"
                ],
                [
                    "8637c8b2-f9af-42a8-ad43-84168e5a635e",
                    "160a49e9-4cb4-4586-a6fd-92df254a238b",
                    "fdafe45d-bc40-4880-ae7a-77bdfc5219cf",
                    "15cccd87-06b9-427a-9371-d3cd485820a5",
                    "8eb11a01-a258-4e84-b748-4fde0bc4b855",
                    "8fa7b602-90c2-41af-bd24-ae1ec97f1cf5"
                ],
                [
                    "8637c8b2-f9af-42a8-ad43-84168e5a635e",
                    "160a49e9-4cb4-4586-a6fd-92df254a238b",
                    "6938322c-2c02-4d23-9855-443af69e79e2",
                    "cda00e85-6882-49f4-b7bd-cb3434c6855d",
                    "8eb11a01-a258-4e84-b748-4fde0bc4b855",
                    "8fa7b602-90c2-41af-bd24-ae1ec97f1cf5"
                ],
                [
                    "8637c8b2-f9af-42a8-ad43-84168e5a635e",
                    "160a49e9-4cb4-4586-a6fd-92df254a238b",
                    "c33b2f32-bfd6-4292-8eaa-969151e88d17",
                    "15cccd87-06b9-427a-9371-d3cd485820a5",
                    "8eb11a01-a258-4e84-b748-4fde0bc4b855",
                    "8fa7b602-90c2-41af-bd24-ae1ec97f1cf5"
                ],
                [
                    "8637c8b2-f9af-42a8-ad43-84168e5a635e",
                    "160a49e9-4cb4-4586-a6fd-92df254a238b",
                    "aa65d0a6-12d9-4512-8a16-55de42942165",
                    "15cccd87-06b9-427a-9371-d3cd485820a5",
                    "8eb11a01-a258-4e84-b748-4fde0bc4b855",
                    "097fef79-c27f-4fd7-9aa5-1831824fc85c"
                ],
                [
                    "8637c8b2-f9af-42a8-ad43-84168e5a635e",
                    "160a49e9-4cb4-4586-a6fd-92df254a238b",
                    "ce58eae4-4fce-4b80-b033-9c8b2b004f33",
                    "cda00e85-6882-49f4-b7bd-cb3434c6855d",
                    "8eb11a01-a258-4e84-b748-4fde0bc4b855",
                    "8fa7b602-90c2-41af-bd24-ae1ec97f1cf5"
                ],
                [
                    "8637c8b2-f9af-42a8-ad43-84168e5a635e",
                    "160a49e9-4cb4-4586-a6fd-92df254a238b",
                    "be5a2573-2348-42e1-bd19-3e0bc79ce22f",
                    "15cccd87-06b9-427a-9371-d3cd485820a5",
                    "8eb11a01-a258-4e84-b748-4fde0bc4b855",
                    "8fa7b602-90c2-41af-bd24-ae1ec97f1cf5"
                ],
                [
                    "8637c8b2-f9af-42a8-ad43-84168e5a635e",
                    "160a49e9-4cb4-4586-a6fd-92df254a238b",
                    "3176d37a-d3e0-4da1-887b-528d1a1374cc",
                    "15cccd87-06b9-427a-9371-d3cd485820a5",
                    "8eb11a01-a258-4e84-b748-4fde0bc4b855",
                    "097fef79-c27f-4fd7-9aa5-1831824fc85c"
                ],
                [
                    "8637c8b2-f9af-42a8-ad43-84168e5a635e",
                    "160a49e9-4cb4-4586-a6fd-92df254a238b",
                    "6938322c-2c02-4d23-9855-443af69e79e2",
                    "cda00e85-6882-49f4-b7bd-cb3434c6855d",
                    "8eb11a01-a258-4e84-b748-4fde0bc4b855",
                    "097fef79-c27f-4fd7-9aa5-1831824fc85c"
                ],
                [
                    "8637c8b2-f9af-42a8-ad43-84168e5a635e",
                    "160a49e9-4cb4-4586-a6fd-92df254a238b",
                    "992392e0-9284-494c-8e1c-1c56c8dbff0a",
                    "cda00e85-6882-49f4-b7bd-cb3434c6855d",
                    "8eb11a01-a258-4e84-b748-4fde0bc4b855",
                    "8fa7b602-90c2-41af-bd24-ae1ec97f1cf5"
                ],
                [
                    "8637c8b2-f9af-42a8-ad43-84168e5a635e",
                    "160a49e9-4cb4-4586-a6fd-92df254a238b",
                    "610a3249-fae3-46bc-9a36-8b45a47979c1",
                    "cda00e85-6882-49f4-b7bd-cb3434c6855d",
                    "8eb11a01-a258-4e84-b748-4fde0bc4b855",
                    "097fef79-c27f-4fd7-9aa5-1831824fc85c"
                ],
                [
                    "8637c8b2-f9af-42a8-ad43-84168e5a635e",
                    "160a49e9-4cb4-4586-a6fd-92df254a238b",
                    "ce58eae4-4fce-4b80-b033-9c8b2b004f33",
                    "cda00e85-6882-49f4-b7bd-cb3434c6855d",
                    "8eb11a01-a258-4e84-b748-4fde0bc4b855",
                    "097fef79-c27f-4fd7-9aa5-1831824fc85c"
                ],
                [
                    "8637c8b2-f9af-42a8-ad43-84168e5a635e",
                    "160a49e9-4cb4-4586-a6fd-92df254a238b",
                    "be5a2573-2348-42e1-bd19-3e0bc79ce22f",
                    "15cccd87-06b9-427a-9371-d3cd485820a5",
                    "8eb11a01-a258-4e84-b748-4fde0bc4b855",
                    "097fef79-c27f-4fd7-9aa5-1831824fc85c"
                ],
                [
                    "8637c8b2-f9af-42a8-ad43-84168e5a635e",
                    "160a49e9-4cb4-4586-a6fd-92df254a238b",
                    "255654ae-cf39-46eb-a67f-79cc914225c3",
                    "15cccd87-06b9-427a-9371-d3cd485820a5",
                    "8eb11a01-a258-4e84-b748-4fde0bc4b855",
                    "8fa7b602-90c2-41af-bd24-ae1ec97f1cf5"
                ],
                [
                    "8637c8b2-f9af-42a8-ad43-84168e5a635e",
                    "160a49e9-4cb4-4586-a6fd-92df254a238b",
                    "66589d97-513e-4a10-b272-006275eb7d2e",
                    "cda00e85-6882-49f4-b7bd-cb3434c6855d",
                    "8eb11a01-a258-4e84-b748-4fde0bc4b855",
                    "097fef79-c27f-4fd7-9aa5-1831824fc85c"
                ],
                [
                    "8637c8b2-f9af-42a8-ad43-84168e5a635e",
                    "160a49e9-4cb4-4586-a6fd-92df254a238b",
                    "97e66497-1f8d-45b7-9450-9d7b16ab04fa",
                    "cda00e85-6882-49f4-b7bd-cb3434c6855d",
                    "8eb11a01-a258-4e84-b748-4fde0bc4b855",
                    "097fef79-c27f-4fd7-9aa5-1831824fc85c"
                ],
                [
                    "8637c8b2-f9af-42a8-ad43-84168e5a635e",
                    "160a49e9-4cb4-4586-a6fd-92df254a238b",
                    "da492f38-230a-4f8d-9dd8-2e4c14cbe1fd",
                    "15cccd87-06b9-427a-9371-d3cd485820a5",
                    "8eb11a01-a258-4e84-b748-4fde0bc4b855",
                    "8fa7b602-90c2-41af-bd24-ae1ec97f1cf5"
                ],
                [
                    "8637c8b2-f9af-42a8-ad43-84168e5a635e",
                    "160a49e9-4cb4-4586-a6fd-92df254a238b",
                    "4cbbb54b-bd22-45f1-8b41-c25e4827deb8",
                    "15cccd87-06b9-427a-9371-d3cd485820a5",
                    "8eb11a01-a258-4e84-b748-4fde0bc4b855",
                    "097fef79-c27f-4fd7-9aa5-1831824fc85c"
                ],
                [
                    "8637c8b2-f9af-42a8-ad43-84168e5a635e",
                    "160a49e9-4cb4-4586-a6fd-92df254a238b",
                    "da492f38-230a-4f8d-9dd8-2e4c14cbe1fd",
                    "15cccd87-06b9-427a-9371-d3cd485820a5",
                    "8eb11a01-a258-4e84-b748-4fde0bc4b855",
                    "097fef79-c27f-4fd7-9aa5-1831824fc85c"
                ],
                [
                    "8637c8b2-f9af-42a8-ad43-84168e5a635e",
                    "160a49e9-4cb4-4586-a6fd-92df254a238b",
                    "0e9ee709-93bb-497d-9047-e0d4ea3b3919",
                    "cda00e85-6882-49f4-b7bd-cb3434c6855d",
                    "8eb11a01-a258-4e84-b748-4fde0bc4b855",
                    "097fef79-c27f-4fd7-9aa5-1831824fc85c"
                ],
                [
                    "8637c8b2-f9af-42a8-ad43-84168e5a635e",
                    "160a49e9-4cb4-4586-a6fd-92df254a238b",
                    "66589d97-513e-4a10-b272-006275eb7d2e",
                    "cda00e85-6882-49f4-b7bd-cb3434c6855d",
                    "8eb11a01-a258-4e84-b748-4fde0bc4b855",
                    "8fa7b602-90c2-41af-bd24-ae1ec97f1cf5"
                ],
                [
                    "8637c8b2-f9af-42a8-ad43-84168e5a635e",
                    "160a49e9-4cb4-4586-a6fd-92df254a238b",
                    "c33b2f32-bfd6-4292-8eaa-969151e88d17",
                    "15cccd87-06b9-427a-9371-d3cd485820a5",
                    "8eb11a01-a258-4e84-b748-4fde0bc4b855",
                    "097fef79-c27f-4fd7-9aa5-1831824fc85c"
                ]
            ]
        },
        {
            "output_tuple": [
                "Dimitar Filev"
            ],
            "tuple_id": "e6d20b76-2041-5918-9012-bbcf9926ac94",
            "dnf": [
                [
                    "e1cf98d1-f6d1-4b09-b33f-aa2ff6635669",
                    "160a49e9-4cb4-4586-a6fd-92df254a238b",
                    "a6701f1f-2fc5-4660-8cec-b3aa0b4212b9",
                    "0dc84cc9-5790-4145-a64b-24f12fc7cc3a",
                    "8eb11a01-a258-4e84-b748-4fde0bc4b855",
                    "8fa7b602-90c2-41af-bd24-ae1ec97f1cf5"
                ],
                [
                    "e1cf98d1-f6d1-4b09-b33f-aa2ff6635669",
                    "160a49e9-4cb4-4586-a6fd-92df254a238b",
                    "1b7d97f0-3d08-4f10-9556-f0800e9199e7",
                    "0dc84cc9-5790-4145-a64b-24f12fc7cc3a",
                    "8eb11a01-a258-4e84-b748-4fde0bc4b855",
                    "8fa7b602-90c2-41af-bd24-ae1ec97f1cf5"
                ],
                [
                    "e1cf98d1-f6d1-4b09-b33f-aa2ff6635669",
                    "160a49e9-4cb4-4586-a6fd-92df254a238b",
                    "67fd8efc-94fd-473c-b420-d3480d15b153",
                    "0dc84cc9-5790-4145-a64b-24f12fc7cc3a",
                    "8eb11a01-a258-4e84-b748-4fde0bc4b855",
                    "8fa7b602-90c2-41af-bd24-ae1ec97f1cf5"
                ]
            ]
        }
    ]
}