{
    "query_name": "5a_domain_name",
    "query_sql": "SELECT \n\tdomain.name \nFROM \n\tauthor, domain_author, domain\nWHERE\n\tauthor.aid = domain_author.aid\n    AND domain_author.did = domain.did\n    AND author.name = 'Tova Milo'\nGROUP BY domain.name ",
    "results": [
        {
            "output_tuple": [
                "Databases"
            ],
            "tuple_id": "5f53bfc4-7754-588a-884f-90f1f4bd6012",
            "dnf": [
                [
                    "7b2db075-7922-404f-a2f1-ca4562da9db4",
                    "9a1790fd-30b4-4ffe-bdc2-6979774778ba"
                ]
            ]
        },
        {
            "output_tuple": [
                "Algorithms & Theory"
            ],
            "tuple_id": "7a0be2d2-ff93-5c19-b29b-1fccfc548c5f",
            "dnf": [
                [
                    "7b2db075-7922-404f-a2f1-ca4562da9db4",
                    "a5f4ae89-01de-4eba-83ea-2bc43d548d55"
                ]
            ]
        }
    ]
}