{
    "query_name": "5b_domain_name",
    "query_sql": "SELECT \n\tdomain.name \nFROM \n\tauthor, domain_author, domain\nWHERE\n\tauthor.aid = domain_author.aid\n    AND domain_author.did = domain.did\n    AND author.name = 'H. V. Jagadish'\nGROUP BY domain.name ",
    "results": [
        {
            "output_tuple": [
                "Databases"
            ],
            "tuple_id": "0bce9ab7-29ba-589b-bda8-6445b0c3b4d7",
            "dnf": [
                [
                    "6a488b6b-8288-45d6-939d-6e7238d9a1c4",
                    "35b98f24-6243-4005-8215-cd3dc6af8a02"
                ]
            ]
        },
        {
            "output_tuple": [
                "Data Mining"
            ],
            "tuple_id": "8c4bfcee-2a9a-53ff-abc9-6979aaed8c26",
            "dnf": [
                [
                    "6a488b6b-8288-45d6-939d-6e7238d9a1c4",
                    "73afd3eb-5fe0-4228-8e33-b7db50974548"
                ]
            ]
        }
    ]
}