{
    "query_name": "5c_domain_name",
    "query_sql": "SELECT \n\tdomain.name \nFROM \n\tauthor, domain_author, domain\nWHERE\n\tauthor.aid = domain_author.aid\n    AND domain_author.did = domain.did\n    AND author.name = 'Alin Deutsch'\nGROUP BY domain.name ",
    "results": [
        {
            "output_tuple": [
                "Databases"
            ],
            "tuple_id": "21a0ad6f-5e0b-59a8-9992-dfadb0c77f8f",
            "dnf": [
                [
                    "cc0becf3-fd55-4edf-97c8-dff28d3bef81",
                    "9a1790fd-30b4-4ffe-bdc2-6979774778ba"
                ]
            ]
        }
    ]
}