{
    "query_name": "6b_conference_name",
    "query_sql": "SELECT \n\tconference.name \nFROM \n\tauthor as author1, author as author2, writes as writes1, writes as writes2, publication as publication1, publication as publication2, conference \nWHERE\n\tauthor1.aid = writes1.aid\n    AND writes1.pid = publication1.pid\n    AND publication1.cid = conference.cid\n    AND publication1.year > 2010\n    AND author1.name = 'Tova Milo'\n    AND author2.aid = writes2.aid\n    AND writes2.pid = publication2.pid\n    AND publication2.cid = conference.cid\n    AND publication2.year > 2010    \n    AND author2.name = 'H. V. Jagadish'\nGROUP BY conference.name ",
    "results": [
        {
            "output_tuple": [
                "ICDE"
            ],
            "tuple_id": "35d59f09-97c3-529a-90c0-a5158ef01514",
            "dnf": [
                [
                    "88f4f480-16ac-4349-8f78-366c3cac3aa6",
                    "6a488b6b-8288-45d6-939d-6e7238d9a1c4",
                    "b6d650b8-4c3c-4d06-a6c4-972d50df29cc",
                    "01b0213a-7075-4f65-b89d-13f98a7e6988",
                    "4b7ef67a-149d-4ee6-aaf4-1e59b5308f7b"
                ],
                [
                    "88f4f480-16ac-4349-8f78-366c3cac3aa6",
                    "6a488b6b-8288-45d6-939d-6e7238d9a1c4",
                    "b6d650b8-4c3c-4d06-a6c4-972d50df29cc",
                    "412628c0-ca23-461e-a6f9-30ab1b1f07b6",
                    "4b7ef67a-149d-4ee6-aaf4-1e59b5308f7b"
                ],
                [
                    "88f4f480-16ac-4349-8f78-366c3cac3aa6",
                    "6a488b6b-8288-45d6-939d-6e7238d9a1c4",
                    "3d9e43d8-ba89-49e5-8fdb-e07a7cd6c265",
                    "ee844a6e-bcae-41de-a379-1277761201f6",
                    "4b7ef67a-149d-4ee6-aaf4-1e59b5308f7b"
                ],
                [
                    "88f4f480-16ac-4349-8f78-366c3cac3aa6",
                    "6a488b6b-8288-45d6-939d-6e7238d9a1c4",
                    "7bbca98e-432f-40ee-bd71-fe32ffd196b9",
                    "412628c0-ca23-461e-a6f9-30ab1b1f07b6",
                    "4b7ef67a-149d-4ee6-aaf4-1e59b5308f7b"
                ],
                [
                    "88f4f480-16ac-4349-8f78-366c3cac3aa6",
                    "6a488b6b-8288-45d6-939d-6e7238d9a1c4",
                    "96f49a45-11d5-4480-998e-8be95e8bedc1",
                    "ee844a6e-bcae-41de-a379-1277761201f6",
                    "4b7ef67a-149d-4ee6-aaf4-1e59b5308f7b"
                ],
                [
                    "88f4f480-16ac-4349-8f78-366c3cac3aa6",
                    "6a488b6b-8288-45d6-939d-6e7238d9a1c4",
                    "b6d650b8-4c3c-4d06-a6c4-972d50df29cc",
                    "ee844a6e-bcae-41de-a379-1277761201f6",
                    "4b7ef67a-149d-4ee6-aaf4-1e59b5308f7b"
                ],
                [
                    "88f4f480-16ac-4349-8f78-366c3cac3aa6",
                    "6a488b6b-8288-45d6-939d-6e7238d9a1c4",
                    "7bbca98e-432f-40ee-bd71-fe32ffd196b9",
                    "ee844a6e-bcae-41de-a379-1277761201f6",
                    "4b7ef67a-149d-4ee6-aaf4-1e59b5308f7b"
                ],
                [
                    "88f4f480-16ac-4349-8f78-366c3cac3aa6",
                    "6a488b6b-8288-45d6-939d-6e7238d9a1c4",
                    "96f49a45-11d5-4480-998e-8be95e8bedc1",
                    "412628c0-ca23-461e-a6f9-30ab1b1f07b6",
                    "4b7ef67a-149d-4ee6-aaf4-1e59b5308f7b"
                ],
                [
                    "88f4f480-16ac-4349-8f78-366c3cac3aa6",
                    "6a488b6b-8288-45d6-939d-6e7238d9a1c4",
                    "96f49a45-11d5-4480-998e-8be95e8bedc1",
                    "01b0213a-7075-4f65-b89d-13f98a7e6988",
                    "4b7ef67a-149d-4ee6-aaf4-1e59b5308f7b"
                ],
                [
                    "88f4f480-16ac-4349-8f78-366c3cac3aa6",
                    "6a488b6b-8288-45d6-939d-6e7238d9a1c4",
                    "93b1945d-b3c1-4ddf-b58e-bbd677908dca",
                    "ee844a6e-bcae-41de-a379-1277761201f6",
                    "4b7ef67a-149d-4ee6-aaf4-1e59b5308f7b"
                ],
                [
                    "88f4f480-16ac-4349-8f78-366c3cac3aa6",
                    "6a488b6b-8288-45d6-939d-6e7238d9a1c4",
                    "8121a706-77d6-42c6-8648-37f597b475e0",
                    "ee844a6e-bcae-41de-a379-1277761201f6",
                    "4b7ef67a-149d-4ee6-aaf4-1e59b5308f7b"
                ],
                [
                    "88f4f480-16ac-4349-8f78-366c3cac3aa6",
                    "6a488b6b-8288-45d6-939d-6e7238d9a1c4",
                    "93b1945d-b3c1-4ddf-b58e-bbd677908dca",
                    "412628c0-ca23-461e-a6f9-30ab1b1f07b6",
                    "4b7ef67a-149d-4ee6-aaf4-1e59b5308f7b"
                ],
                [
                    "88f4f480-16ac-4349-8f78-366c3cac3aa6",
                    "6a488b6b-8288-45d6-939d-6e7238d9a1c4",
                    "7bbca98e-432f-40ee-bd71-fe32ffd196b9",
                    "01b0213a-7075-4f65-b89d-13f98a7e6988",
                    "4b7ef67a-149d-4ee6-aaf4-1e59b5308f7b"
                ],
                [
                    "88f4f480-16ac-4349-8f78-366c3cac3aa6",
                    "6a488b6b-8288-45d6-939d-6e7238d9a1c4",
                    "93b1945d-b3c1-4ddf-b58e-bbd677908dca",
                    "01b0213a-7075-4f65-b89d-13f98a7e6988",
                    "4b7ef67a-149d-4ee6-aaf4-1e59b5308f7b"
                ],
                [
                    "88f4f480-16ac-4349-8f78-366c3cac3aa6",
                    "6a488b6b-8288-45d6-939d-6e7238d9a1c4",
                    "3d9e43d8-ba89-49e5-8fdb-e07a7cd6c265",
                    "01b0213a-7075-4f65-b89d-13f98a7e6988",
                    "4b7ef67a-149d-4ee6-aaf4-1e59b5308f7b"
                ],
                [
                    "88f4f480-16ac-4349-8f78-366c3cac3aa6",
                    "6a488b6b-8288-45d6-939d-6e7238d9a1c4",
                    "8121a706-77d6-42c6-8648-37f597b475e0",
                    "01b0213a-7075-4f65-b89d-13f98a7e6988",
                    "4b7ef67a-149d-4ee6-aaf4-1e59b5308f7b"
                ],
                [
                    "88f4f480-16ac-4349-8f78-366c3cac3aa6",
                    "6a488b6b-8288-45d6-939d-6e7238d9a1c4",
                    "8121a706-77d6-42c6-8648-37f597b475e0",
                    "412628c0-ca23-461e-a6f9-30ab1b1f07b6",
                    "4b7ef67a-149d-4ee6-aaf4-1e59b5308f7b"
                ],
                [
                    "88f4f480-16ac-4349-8f78-366c3cac3aa6",
                    "6a488b6b-8288-45d6-939d-6e7238d9a1c4",
                    "3d9e43d8-ba89-49e5-8fdb-e07a7cd6c265",
                    "412628c0-ca23-461e-a6f9-30ab1b1f07b6",
                    "4b7ef67a-149d-4ee6-aaf4-1e59b5308f7b"
                ]
            ]
        },
        {
            "output_tuple": [
                "SIGMOD"
            ],
            "tuple_id": "669fd3f1-1a37-57a6-87f5-1be311e3022a",
            "dnf": [
                [
                    "88f4f480-16ac-4349-8f78-366c3cac3aa6",
                    "6a488b6b-8288-45d6-939d-6e7238d9a1c4",
                    "f4f895f7-a4bd-49bb-a27e-c1e71d439088",
                    "9c3d7f09-ad80-476c-add1-439c5225a148",
                    "cec31a13-d14a-4ca7-ab63-b1262551dd12"
                ],
                [
                    "88f4f480-16ac-4349-8f78-366c3cac3aa6",
                    "6a488b6b-8288-45d6-939d-6e7238d9a1c4",
                    "55bb371a-e143-4807-adf7-1aefa42f9559",
                    "0c42ceb8-98f8-4491-997f-6c422534ac3a",
                    "cec31a13-d14a-4ca7-ab63-b1262551dd12"
                ],
                [
                    "88f4f480-16ac-4349-8f78-366c3cac3aa6",
                    "6a488b6b-8288-45d6-939d-6e7238d9a1c4",
                    "2f5b46bd-298b-40d5-b109-0b8db3f74c25",
                    "9c3d7f09-ad80-476c-add1-439c5225a148",
                    "cec31a13-d14a-4ca7-ab63-b1262551dd12"
                ],
                [
                    "88f4f480-16ac-4349-8f78-366c3cac3aa6",
                    "6a488b6b-8288-45d6-939d-6e7238d9a1c4",
                    "4270e13c-ff4e-45d6-b9cf-4d8976998718",
                    "f5cc2522-2a97-43a4-88a3-facf173db1b0",
                    "cec31a13-d14a-4ca7-ab63-b1262551dd12"
                ],
                [
                    "88f4f480-16ac-4349-8f78-366c3cac3aa6",
                    "6a488b6b-8288-45d6-939d-6e7238d9a1c4",
                    "f4f895f7-a4bd-49bb-a27e-c1e71d439088",
                    "0c42ceb8-98f8-4491-997f-6c422534ac3a",
                    "cec31a13-d14a-4ca7-ab63-b1262551dd12"
                ],
                [
                    "88f4f480-16ac-4349-8f78-366c3cac3aa6",
                    "6a488b6b-8288-45d6-939d-6e7238d9a1c4",
                    "5e02933b-7c6e-4e68-b05e-82339ce1f7e3",
                    "c2fe2119-c8f3-4c40-8b31-a6549e388dab",
                    "cec31a13-d14a-4ca7-ab63-b1262551dd12"
                ],
                [
                    "88f4f480-16ac-4349-8f78-366c3cac3aa6",
                    "6a488b6b-8288-45d6-939d-6e7238d9a1c4",
                    "f4f895f7-a4bd-49bb-a27e-c1e71d439088",
                    "5d9ab805-1c26-4e92-b294-63664f0fd94c",
                    "cec31a13-d14a-4ca7-ab63-b1262551dd12"
                ],
                [
                    "88f4f480-16ac-4349-8f78-366c3cac3aa6",
                    "6a488b6b-8288-45d6-939d-6e7238d9a1c4",
                    "467bff7d-9b2d-4439-ae5c-3baa202da93d",
                    "f5cc2522-2a97-43a4-88a3-facf173db1b0",
                    "cec31a13-d14a-4ca7-ab63-b1262551dd12"
                ],
                [
                    "88f4f480-16ac-4349-8f78-366c3cac3aa6",
                    "6a488b6b-8288-45d6-939d-6e7238d9a1c4",
                    "467bff7d-9b2d-4439-ae5c-3baa202da93d",
                    "54040fe9-018e-4f30-9db6-8189841ce8a9",
                    "cec31a13-d14a-4ca7-ab63-b1262551dd12"
                ],
                [
                    "88f4f480-16ac-4349-8f78-366c3cac3aa6",
                    "6a488b6b-8288-45d6-939d-6e7238d9a1c4",
                    "467bff7d-9b2d-4439-ae5c-3baa202da93d",
                    "0c42ceb8-98f8-4491-997f-6c422534ac3a",
                    "cec31a13-d14a-4ca7-ab63-b1262551dd12"
                ],
                [
                    "88f4f480-16ac-4349-8f78-366c3cac3aa6",
                    "6a488b6b-8288-45d6-939d-6e7238d9a1c4",
                    "4270e13c-ff4e-45d6-b9cf-4d8976998718",
                    "0c42ceb8-98f8-4491-997f-6c422534ac3a",
                    "cec31a13-d14a-4ca7-ab63-b1262551dd12"
                ],
                [
                    "88f4f480-16ac-4349-8f78-366c3cac3aa6",
                    "6a488b6b-8288-45d6-939d-6e7238d9a1c4",
                    "5e02933b-7c6e-4e68-b05e-82339ce1f7e3",
                    "5d9ab805-1c26-4e92-b294-63664f0fd94c",
                    "cec31a13-d14a-4ca7-ab63-b1262551dd12"
                ],
                [
                    "88f4f480-16ac-4349-8f78-366c3cac3aa6",
                    "6a488b6b-8288-45d6-939d-6e7238d9a1c4",
                    "55bb371a-e143-4807-adf7-1aefa42f9559",
                    "54040fe9-018e-4f30-9db6-8189841ce8a9",
                    "cec31a13-d14a-4ca7-ab63-b1262551dd12"
                ],
                [
                    "88f4f480-16ac-4349-8f78-366c3cac3aa6",
                    "6a488b6b-8288-45d6-939d-6e7238d9a1c4",
                    "55bb371a-e143-4807-adf7-1aefa42f9559",
                    "f5cc2522-2a97-43a4-88a3-facf173db1b0",
                    "cec31a13-d14a-4ca7-ab63-b1262551dd12"
                ],
                [
                    "88f4f480-16ac-4349-8f78-366c3cac3aa6",
                    "6a488b6b-8288-45d6-939d-6e7238d9a1c4",
                    "f4f895f7-a4bd-49bb-a27e-c1e71d439088",
                    "c2fe2119-c8f3-4c40-8b31-a6549e388dab",
                    "cec31a13-d14a-4ca7-ab63-b1262551dd12"
                ],
                [
                    "88f4f480-16ac-4349-8f78-366c3cac3aa6",
                    "6a488b6b-8288-45d6-939d-6e7238d9a1c4",
                    "2f5b46bd-298b-40d5-b109-0b8db3f74c25",
                    "0c42ceb8-98f8-4491-997f-6c422534ac3a",
                    "cec31a13-d14a-4ca7-ab63-b1262551dd12"
                ],
                [
                    "88f4f480-16ac-4349-8f78-366c3cac3aa6",
                    "6a488b6b-8288-45d6-939d-6e7238d9a1c4",
                    "4270e13c-ff4e-45d6-b9cf-4d8976998718",
                    "5d9ab805-1c26-4e92-b294-63664f0fd94c",
                    "cec31a13-d14a-4ca7-ab63-b1262551dd12"
                ],
                [
                    "88f4f480-16ac-4349-8f78-366c3cac3aa6",
                    "6a488b6b-8288-45d6-939d-6e7238d9a1c4",
                    "4270e13c-ff4e-45d6-b9cf-4d8976998718",
                    "54040fe9-018e-4f30-9db6-8189841ce8a9",
                    "cec31a13-d14a-4ca7-ab63-b1262551dd12"
                ],
                [
                    "88f4f480-16ac-4349-8f78-366c3cac3aa6",
                    "6a488b6b-8288-45d6-939d-6e7238d9a1c4",
                    "5e02933b-7c6e-4e68-b05e-82339ce1f7e3",
                    "f5cc2522-2a97-43a4-88a3-facf173db1b0",
                    "cec31a13-d14a-4ca7-ab63-b1262551dd12"
                ],
                [
                    "88f4f480-16ac-4349-8f78-366c3cac3aa6",
                    "6a488b6b-8288-45d6-939d-6e7238d9a1c4",
                    "55bb371a-e143-4807-adf7-1aefa42f9559",
                    "c2fe2119-c8f3-4c40-8b31-a6549e388dab",
                    "cec31a13-d14a-4ca7-ab63-b1262551dd12"
                ],
                [
                    "88f4f480-16ac-4349-8f78-366c3cac3aa6",
                    "6a488b6b-8288-45d6-939d-6e7238d9a1c4",
                    "2f5b46bd-298b-40d5-b109-0b8db3f74c25",
                    "54040fe9-018e-4f30-9db6-8189841ce8a9",
                    "cec31a13-d14a-4ca7-ab63-b1262551dd12"
                ],
                [
                    "88f4f480-16ac-4349-8f78-366c3cac3aa6",
                    "6a488b6b-8288-45d6-939d-6e7238d9a1c4",
                    "467bff7d-9b2d-4439-ae5c-3baa202da93d",
                    "9c3d7f09-ad80-476c-add1-439c5225a148",
                    "cec31a13-d14a-4ca7-ab63-b1262551dd12"
                ],
                [
                    "88f4f480-16ac-4349-8f78-366c3cac3aa6",
                    "6a488b6b-8288-45d6-939d-6e7238d9a1c4",
                    "f4f895f7-a4bd-49bb-a27e-c1e71d439088",
                    "54040fe9-018e-4f30-9db6-8189841ce8a9",
                    "cec31a13-d14a-4ca7-ab63-b1262551dd12"
                ],
                [
                    "88f4f480-16ac-4349-8f78-366c3cac3aa6",
                    "6a488b6b-8288-45d6-939d-6e7238d9a1c4",
                    "467bff7d-9b2d-4439-ae5c-3baa202da93d",
                    "5d9ab805-1c26-4e92-b294-63664f0fd94c",
                    "cec31a13-d14a-4ca7-ab63-b1262551dd12"
                ],
                [
                    "88f4f480-16ac-4349-8f78-366c3cac3aa6",
                    "6a488b6b-8288-45d6-939d-6e7238d9a1c4",
                    "4270e13c-ff4e-45d6-b9cf-4d8976998718",
                    "9c3d7f09-ad80-476c-add1-439c5225a148",
                    "cec31a13-d14a-4ca7-ab63-b1262551dd12"
                ],
                [
                    "88f4f480-16ac-4349-8f78-366c3cac3aa6",
                    "6a488b6b-8288-45d6-939d-6e7238d9a1c4",
                    "467bff7d-9b2d-4439-ae5c-3baa202da93d",
                    "c2fe2119-c8f3-4c40-8b31-a6549e388dab",
                    "cec31a13-d14a-4ca7-ab63-b1262551dd12"
                ],
                [
                    "88f4f480-16ac-4349-8f78-366c3cac3aa6",
                    "6a488b6b-8288-45d6-939d-6e7238d9a1c4",
                    "2f5b46bd-298b-40d5-b109-0b8db3f74c25",
                    "5d9ab805-1c26-4e92-b294-63664f0fd94c",
                    "cec31a13-d14a-4ca7-ab63-b1262551dd12"
                ],
                [
                    "88f4f480-16ac-4349-8f78-366c3cac3aa6",
                    "6a488b6b-8288-45d6-939d-6e7238d9a1c4",
                    "55bb371a-e143-4807-adf7-1aefa42f9559",
                    "5d9ab805-1c26-4e92-b294-63664f0fd94c",
                    "cec31a13-d14a-4ca7-ab63-b1262551dd12"
                ],
                [
                    "88f4f480-16ac-4349-8f78-366c3cac3aa6",
                    "6a488b6b-8288-45d6-939d-6e7238d9a1c4",
                    "f4f895f7-a4bd-49bb-a27e-c1e71d439088",
                    "f5cc2522-2a97-43a4-88a3-facf173db1b0",
                    "cec31a13-d14a-4ca7-ab63-b1262551dd12"
                ],
                [
                    "88f4f480-16ac-4349-8f78-366c3cac3aa6",
                    "6a488b6b-8288-45d6-939d-6e7238d9a1c4",
                    "5e02933b-7c6e-4e68-b05e-82339ce1f7e3",
                    "54040fe9-018e-4f30-9db6-8189841ce8a9",
                    "cec31a13-d14a-4ca7-ab63-b1262551dd12"
                ],
                [
                    "88f4f480-16ac-4349-8f78-366c3cac3aa6",
                    "6a488b6b-8288-45d6-939d-6e7238d9a1c4",
                    "2f5b46bd-298b-40d5-b109-0b8db3f74c25",
                    "c2fe2119-c8f3-4c40-8b31-a6549e388dab",
                    "cec31a13-d14a-4ca7-ab63-b1262551dd12"
                ],
                [
                    "88f4f480-16ac-4349-8f78-366c3cac3aa6",
                    "6a488b6b-8288-45d6-939d-6e7238d9a1c4",
                    "2f5b46bd-298b-40d5-b109-0b8db3f74c25",
                    "f5cc2522-2a97-43a4-88a3-facf173db1b0",
                    "cec31a13-d14a-4ca7-ab63-b1262551dd12"
                ],
                [
                    "88f4f480-16ac-4349-8f78-366c3cac3aa6",
                    "6a488b6b-8288-45d6-939d-6e7238d9a1c4",
                    "5e02933b-7c6e-4e68-b05e-82339ce1f7e3",
                    "0c42ceb8-98f8-4491-997f-6c422534ac3a",
                    "cec31a13-d14a-4ca7-ab63-b1262551dd12"
                ],
                [
                    "88f4f480-16ac-4349-8f78-366c3cac3aa6",
                    "6a488b6b-8288-45d6-939d-6e7238d9a1c4",
                    "55bb371a-e143-4807-adf7-1aefa42f9559",
                    "9c3d7f09-ad80-476c-add1-439c5225a148",
                    "cec31a13-d14a-4ca7-ab63-b1262551dd12"
                ],
                [
                    "88f4f480-16ac-4349-8f78-366c3cac3aa6",
                    "6a488b6b-8288-45d6-939d-6e7238d9a1c4",
                    "4270e13c-ff4e-45d6-b9cf-4d8976998718",
                    "c2fe2119-c8f3-4c40-8b31-a6549e388dab",
                    "cec31a13-d14a-4ca7-ab63-b1262551dd12"
                ],
                [
                    "88f4f480-16ac-4349-8f78-366c3cac3aa6",
                    "6a488b6b-8288-45d6-939d-6e7238d9a1c4",
                    "5e02933b-7c6e-4e68-b05e-82339ce1f7e3",
                    "9c3d7f09-ad80-476c-add1-439c5225a148",
                    "cec31a13-d14a-4ca7-ab63-b1262551dd12"
                ]
            ]
        },
        {
            "output_tuple": [
                "CIDR"
            ],
            "tuple_id": "6ca36382-c67f-5b41-97fa-92c792ffd9cd",
            "dnf": [
                [
                    "88f4f480-16ac-4349-8f78-366c3cac3aa6",
                    "6a488b6b-8288-45d6-939d-6e7238d9a1c4",
                    "d2584e75-3434-4f52-8c55-cec3887d2319",
                    "1daa4b50-7ec3-4c77-9514-fecdd0be06cf",
                    "b1525268-9319-407d-b4bd-5b48387803ff"
                ],
                [
                    "88f4f480-16ac-4349-8f78-366c3cac3aa6",
                    "6a488b6b-8288-45d6-939d-6e7238d9a1c4",
                    "8e910d81-2675-491b-9bca-746204d406c9",
                    "1daa4b50-7ec3-4c77-9514-fecdd0be06cf",
                    "b1525268-9319-407d-b4bd-5b48387803ff"
                ],
                [
                    "88f4f480-16ac-4349-8f78-366c3cac3aa6",
                    "6a488b6b-8288-45d6-939d-6e7238d9a1c4",
                    "e78b47ba-baa7-4ae6-97fc-4ca89f81dd93",
                    "1daa4b50-7ec3-4c77-9514-fecdd0be06cf",
                    "b1525268-9319-407d-b4bd-5b48387803ff"
                ],
                [
                    "88f4f480-16ac-4349-8f78-366c3cac3aa6",
                    "6a488b6b-8288-45d6-939d-6e7238d9a1c4",
                    "d16b2238-c4a3-466b-b8da-2102b0a4268c",
                    "1daa4b50-7ec3-4c77-9514-fecdd0be06cf",
                    "b1525268-9319-407d-b4bd-5b48387803ff"
                ]
            ]
        },
        {
            "output_tuple": [
                "DASFAA"
            ],
            "tuple_id": "8ee2cb37-fb31-59aa-bb45-6f51074a36de",
            "dnf": [
                [
                    "88f4f480-16ac-4349-8f78-366c3cac3aa6",
                    "6a488b6b-8288-45d6-939d-6e7238d9a1c4",
                    "9b1dd087-b11e-41b4-bc48-376bc2841c6c",
                    "bf0381a3-57ec-4b76-b618-ede6fb61d143",
                    "93d8c758-3f32-4756-9b17-b783d05c67e2"
                ]
            ]
        },
        {
            "output_tuple": [
                "DNIS"
            ],
            "tuple_id": "9bcc02c3-1548-596f-aaa5-426be1a82214",
            "dnf": [
                [
                    "88f4f480-16ac-4349-8f78-366c3cac3aa6",
                    "6a488b6b-8288-45d6-939d-6e7238d9a1c4",
                    "72cd91d6-77ff-4971-b4d9-8f6aca3167af",
                    "08e76246-9741-4164-9377-6eb6ae4ccfb6",
                    "bbd95b1e-2f98-4c2b-97a0-fe4fb6bcb032"
                ]
            ]
        },
        {
            "output_tuple": [
                "BIRTHDAY"
            ],
            "tuple_id": "9f35c649-abaa-5763-ab3a-ad23270e0620",
            "dnf": [
                [
                    "88f4f480-16ac-4349-8f78-366c3cac3aa6",
                    "6a488b6b-8288-45d6-939d-6e7238d9a1c4",
                    "50da639f-2b73-4e34-beb5-530705429f7d",
                    "4f15fff5-6ea9-487c-a5ab-6ba0fdac0dc1",
                    "7eaba1ee-6601-4272-af82-afd17809fc4e"
                ]
            ]
        },
        {
            "output_tuple": [
                "TAPP"
            ],
            "tuple_id": "ed62e343-c978-5e11-8cb8-f26ed2f28afb",
            "dnf": [
                [
                    "88f4f480-16ac-4349-8f78-366c3cac3aa6",
                    "6a488b6b-8288-45d6-939d-6e7238d9a1c4",
                    "985c2c61-65e9-484a-a82b-5fe4ff9c8001",
                    "a3cfa520-d081-40ee-a345-8dfaa9f05b2d",
                    "7a094766-46ec-45a7-b0d5-f78c9a87278f"
                ],
                [
                    "88f4f480-16ac-4349-8f78-366c3cac3aa6",
                    "6a488b6b-8288-45d6-939d-6e7238d9a1c4",
                    "3d722268-0371-4208-bacc-e445e4bea67b",
                    "a3cfa520-d081-40ee-a345-8dfaa9f05b2d",
                    "7a094766-46ec-45a7-b0d5-f78c9a87278f"
                ]
            ]
        }
    ]
}