{
    "query_name": "6b_publication_year",
    "query_sql": "SELECT \n\tpublication1.year\nFROM \n\tauthor as author1, author as author2, writes as writes1, writes as writes2, publication as publication1, publication as publication2, conference \nWHERE\n\tauthor1.aid = writes1.aid\n    AND writes1.pid = publication1.pid\n    AND publication1.cid = conference.cid\n    AND publication1.year > 2010\n    AND author1.name = 'Tova Milo'\n    AND author2.aid = writes2.aid\n    AND writes2.pid = publication2.pid\n    AND publication2.cid = conference.cid\n    AND publication2.year > 2010    \n    AND author2.name = 'H. V. Jagadish'\n    AND publication1.year = publication2.year\nGROUP BY publication1.year",
    "results": [
        {
            "output_tuple": [
                2014
            ],
            "tuple_id": "4049ca2c-bb21-5ea9-af74-5ee6b8c2b950",
            "dnf": [
                [
                    "6d0c0896-5a69-41c0-be49-69d6a116feb7",
                    "8acf2734-2d06-4f0c-8270-039fcbaf3f01",
                    "85d151c0-2483-49ad-85a4-38e55430f16b",
                    "43aee48b-1884-49e2-b054-67b19196ae90",
                    "fdec7532-8925-4444-8c81-7669a29bb599"
                ],
                [
                    "6d0c0896-5a69-41c0-be49-69d6a116feb7",
                    "8acf2734-2d06-4f0c-8270-039fcbaf3f01",
                    "52d75617-b3f8-414e-98a1-292d232b9d6e",
                    "44120489-6b3e-4e19-8da3-b670ba667c0f",
                    "fdec7532-8925-4444-8c81-7669a29bb599"
                ],
                [
                    "6d0c0896-5a69-41c0-be49-69d6a116feb7",
                    "8acf2734-2d06-4f0c-8270-039fcbaf3f01",
                    "85d151c0-2483-49ad-85a4-38e55430f16b",
                    "8e0f4a6c-4b7b-4d35-a61c-4763c5709d29",
                    "fdec7532-8925-4444-8c81-7669a29bb599"
                ],
                [
                    "6d0c0896-5a69-41c0-be49-69d6a116feb7",
                    "8acf2734-2d06-4f0c-8270-039fcbaf3f01",
                    "52d75617-b3f8-414e-98a1-292d232b9d6e",
                    "3dfa8fd1-1a86-4c1c-8f8e-9e6c90eb42f5",
                    "fdec7532-8925-4444-8c81-7669a29bb599"
                ],
                [
                    "6d0c0896-5a69-41c0-be49-69d6a116feb7",
                    "8acf2734-2d06-4f0c-8270-039fcbaf3f01",
                    "3726fdd8-a764-47e4-b5e3-fe25203762e2",
                    "6fc8cf5f-87d5-4ff5-819b-fa622a180c7a",
                    "9faeb0d5-e404-4f40-96e3-38840e58bc29"
                ],
                [
                    "6d0c0896-5a69-41c0-be49-69d6a116feb7",
                    "8acf2734-2d06-4f0c-8270-039fcbaf3f01",
                    "85d151c0-2483-49ad-85a4-38e55430f16b",
                    "44120489-6b3e-4e19-8da3-b670ba667c0f",
                    "fdec7532-8925-4444-8c81-7669a29bb599"
                ],
                [
                    "6d0c0896-5a69-41c0-be49-69d6a116feb7",
                    "8acf2734-2d06-4f0c-8270-039fcbaf3f01",
                    "85d151c0-2483-49ad-85a4-38e55430f16b",
                    "3dfa8fd1-1a86-4c1c-8f8e-9e6c90eb42f5",
                    "fdec7532-8925-4444-8c81-7669a29bb599"
                ],
                [
                    "6d0c0896-5a69-41c0-be49-69d6a116feb7",
                    "8acf2734-2d06-4f0c-8270-039fcbaf3f01",
                    "52d75617-b3f8-414e-98a1-292d232b9d6e",
                    "8e0f4a6c-4b7b-4d35-a61c-4763c5709d29",
                    "fdec7532-8925-4444-8c81-7669a29bb599"
                ],
                [
                    "6d0c0896-5a69-41c0-be49-69d6a116feb7",
                    "8acf2734-2d06-4f0c-8270-039fcbaf3f01",
                    "52d75617-b3f8-414e-98a1-292d232b9d6e",
                    "43aee48b-1884-49e2-b054-67b19196ae90",
                    "fdec7532-8925-4444-8c81-7669a29bb599"
                ]
            ]
        },
        {
            "output_tuple": [
                2012
            ],
            "tuple_id": "488deb48-6c82-5eb2-b9c8-ac7397b0ede1",
            "dnf": [
                [
                    "6d0c0896-5a69-41c0-be49-69d6a116feb7",
                    "8acf2734-2d06-4f0c-8270-039fcbaf3f01",
                    "6e1f817c-30bd-418d-b0f3-935e13063d02",
                    "e4fde05d-df72-4693-9b11-601861fe9558",
                    "fdec7532-8925-4444-8c81-7669a29bb599"
                ],
                [
                    "6d0c0896-5a69-41c0-be49-69d6a116feb7",
                    "8acf2734-2d06-4f0c-8270-039fcbaf3f01",
                    "63d43df8-a953-4e1b-b7f7-f3e10f7b03d5",
                    "e4fde05d-df72-4693-9b11-601861fe9558",
                    "fdec7532-8925-4444-8c81-7669a29bb599"
                ],
                [
                    "6d0c0896-5a69-41c0-be49-69d6a116feb7",
                    "8acf2734-2d06-4f0c-8270-039fcbaf3f01",
                    "2411daea-cfae-44c9-8448-eb83d9fa0b69",
                    "e3d6752f-6c32-4547-b3fe-9634eefdfe4e",
                    "f1b25053-5450-4471-ae0f-941aa481128e"
                ],
                [
                    "6d0c0896-5a69-41c0-be49-69d6a116feb7",
                    "8acf2734-2d06-4f0c-8270-039fcbaf3f01",
                    "6e1f817c-30bd-418d-b0f3-935e13063d02",
                    "1dbdbe63-8912-424d-bee0-476bf266aa0d",
                    "fdec7532-8925-4444-8c81-7669a29bb599"
                ],
                [
                    "6d0c0896-5a69-41c0-be49-69d6a116feb7",
                    "8acf2734-2d06-4f0c-8270-039fcbaf3f01",
                    "63d43df8-a953-4e1b-b7f7-f3e10f7b03d5",
                    "1dbdbe63-8912-424d-bee0-476bf266aa0d",
                    "fdec7532-8925-4444-8c81-7669a29bb599"
                ]
            ]
        },
        {
            "output_tuple": [
                2011
            ],
            "tuple_id": "5215a636-a9df-5399-b3f2-4065f676c9a4",
            "dnf": [
                [
                    "6d0c0896-5a69-41c0-be49-69d6a116feb7",
                    "8acf2734-2d06-4f0c-8270-039fcbaf3f01",
                    "e01ae4cf-91b7-4916-a99b-557c9944bce7",
                    "c315d683-d38f-4bee-89d5-31e11dfa0901",
                    "c7af563b-6ebb-45a1-84ca-97537a529526"
                ],
                [
                    "6d0c0896-5a69-41c0-be49-69d6a116feb7",
                    "8acf2734-2d06-4f0c-8270-039fcbaf3f01",
                    "73223628-7011-4418-add1-7bbe9f338e19",
                    "61bd4aba-45be-4235-885f-99ecb02ee957",
                    "1eb2e22e-35df-4a94-a029-16cb0253cbf6"
                ],
                [
                    "6d0c0896-5a69-41c0-be49-69d6a116feb7",
                    "8acf2734-2d06-4f0c-8270-039fcbaf3f01",
                    "f789610a-0a82-4bd7-baf4-888ce993104b",
                    "cdfaeae0-0d2e-47e9-8b53-1ae255e9f59b",
                    "53bab805-bbe0-41bd-a009-1b5c7a65743a"
                ]
            ]
        },
        {
            "output_tuple": [
                2013
            ],
            "tuple_id": "ff5ae452-7f91-55de-bbcf-f40da20ecb54",
            "dnf": [
                [
                    "6d0c0896-5a69-41c0-be49-69d6a116feb7",
                    "8acf2734-2d06-4f0c-8270-039fcbaf3f01",
                    "b6432d4f-8032-431b-b0cd-a86109e19f4b",
                    "d3d59565-6c21-4add-824c-ce0f9b1bf482",
                    "f1b25053-5450-4471-ae0f-941aa481128e"
                ],
                [
                    "6d0c0896-5a69-41c0-be49-69d6a116feb7",
                    "8acf2734-2d06-4f0c-8270-039fcbaf3f01",
                    "3b17cd38-5b17-420f-8d1f-6ccdc59d54d4",
                    "ccd11033-e553-4885-80a2-f4ca0ced6d22",
                    "5050fd95-09f4-4a10-af2c-68cc51683bcd"
                ]
            ]
        }
    ]
}