{
    "query_name": "6c_conference_name",
    "query_sql": "SELECT \n    conference.name \nFROM \n    author as author1, author as author2, writes as writes1, writes as writes2, publication, conference \nWHERE\n    author1.aid = writes1.aid\n    AND writes1.pid = publication.pid\n    AND author1.name = 'Tova Milo'\n    AND author2.aid = writes2.aid\n    AND writes2.pid = publication.pid\n    AND author2.name = 'H. V. Jagadish'\n    AND publication.cid = conference.cid\nGROUP BY conference.name ",
    "results": [
        {
            "output_tuple": [
                "SIGMOD"
            ],
            "tuple_id": "ac525dfb-7ea5-5a17-aba3-b2e4b03c0393",
            "dnf": [
                [
                    "6d0c0896-5a69-41c0-be49-69d6a116feb7",
                    "8acf2734-2d06-4f0c-8270-039fcbaf3f01",
                    "88eb9992-439c-4e3c-a869-af471f2cad8d",
                    "fdec7532-8925-4444-8c81-7669a29bb599"
                ]
            ]
        },
        {
            "output_tuple": [
                "PODS"
            ],
            "tuple_id": "b91a996e-d20d-5823-9c02-a80659517f4e",
            "dnf": [
                [
                    "6d0c0896-5a69-41c0-be49-69d6a116feb7",
                    "8acf2734-2d06-4f0c-8270-039fcbaf3f01",
                    "e58a182f-1706-46ae-8bf1-eaf3d9802bd2",
                    "615799a7-e373-408f-b845-aed8d7619479"
                ]
            ]
        }
    ]
}