{
    "query_name": "6c_publication_year",
    "query_sql": "SELECT \n    publication.year\nFROM \n    author as author1, author as author2, writes as writes1, writes as writes2, publication, conference \nWHERE\n    author1.aid = writes1.aid\n    AND writes1.pid = publication.pid\n    AND author1.name = 'Tova Milo'\n    AND author2.aid = writes2.aid\n    AND writes2.pid = publication.pid\n    AND author2.name = 'H. V. Jagadish'\n    AND publication.cid = conference.cid\nGROUP BY publication.year ",
    "results": [
        {
            "output_tuple": [
                1995
            ],
            "tuple_id": "164be013-caff-5f30-ade9-0538ad33a8fe",
            "dnf": [
                [
                    "88f4f480-16ac-4349-8f78-366c3cac3aa6",
                    "6a488b6b-8288-45d6-939d-6e7238d9a1c4",
                    "856194b9-0062-4f7b-b76c-19eca18b73d1",
                    "8241e1d5-3f01-4443-a795-9876b225fcfe"
                ]
            ]
        },
        {
            "output_tuple": [
                1999
            ],
            "tuple_id": "c37dee58-e55a-5089-8ccb-ee0489a42381",
            "dnf": [
                [
                    "88f4f480-16ac-4349-8f78-366c3cac3aa6",
                    "6a488b6b-8288-45d6-939d-6e7238d9a1c4",
                    "1c0283b3-41f7-4ea6-96dd-f0e66b0ef557",
                    "cec31a13-d14a-4ca7-ab63-b1262551dd12"
                ]
            ]
        }
    ]
}