{
    "query_name": "6d_conference_name",
    "query_sql": "SELECT \n    conference.name \nFROM \n    author as author1, author as author2, writes as writes1, writes as writes2, publication, conference \nWHERE\n    author1.aid = writes1.aid\n    AND writes1.pid = publication.pid\n    AND author1.name = 'Tova Milo'\n    AND author2.aid = writes2.aid\n    AND writes2.pid = publication.pid\n    AND author2.name = 'Daniel Deutch'\n    AND publication.cid = conference.cid\nGROUP BY conference.name ",
    "results": [
        {
            "output_tuple": [
                "SIGMOD"
            ],
            "tuple_id": "17083570-616f-52ff-90d3-4bd39a930604",
            "dnf": [
                [
                    "1088ba6d-b4e0-41d4-a08e-51cb6bb85d90",
                    "1cb7377a-20cf-44b1-a8d7-45868ecad051",
                    "86805d28-0a1f-4d15-b739-08d4c75f0b89",
                    "eccac072-2138-4d11-9f65-69acf295b9f2"
                ]
            ]
        },
        {
            "output_tuple": [
                "WWW"
            ],
            "tuple_id": "4994386f-6b45-57e9-bb4d-8f7365d93721",
            "dnf": [
                [
                    "1088ba6d-b4e0-41d4-a08e-51cb6bb85d90",
                    "1cb7377a-20cf-44b1-a8d7-45868ecad051",
                    "c124823d-4c6e-4bb7-a665-c61c0abc074e",
                    "e31ac5a3-6abf-4018-96c9-490d6d87ef24"
                ]
            ]
        },
        {
            "output_tuple": [
                "DBPL"
            ],
            "tuple_id": "52d92910-cbd2-528a-81f3-7120aa685f62",
            "dnf": [
                [
                    "1088ba6d-b4e0-41d4-a08e-51cb6bb85d90",
                    "1cb7377a-20cf-44b1-a8d7-45868ecad051",
                    "9e340b1f-c9a8-416a-9cf3-29b4fb7f163f",
                    "6ce6d3c8-ebe6-44f4-99d2-1f22d8c2c715"
                ]
            ]
        },
        {
            "output_tuple": [
                "WEBDB"
            ],
            "tuple_id": "55abcb06-f1c7-5b36-bbd6-781195f1435f",
            "dnf": [
                [
                    "1088ba6d-b4e0-41d4-a08e-51cb6bb85d90",
                    "1cb7377a-20cf-44b1-a8d7-45868ecad051",
                    "8784f378-a7ee-43c3-a5e8-4744f26b53df",
                    "9434dddd-456e-4a6b-8331-f63ecb2b446a"
                ]
            ]
        },
        {
            "output_tuple": [
                "ICDT"
            ],
            "tuple_id": "9e78d9cd-9f56-54b6-b602-47c9d1b93d26",
            "dnf": [
                [
                    "1088ba6d-b4e0-41d4-a08e-51cb6bb85d90",
                    "1cb7377a-20cf-44b1-a8d7-45868ecad051",
                    "c06790b6-162b-46aa-8db7-87ce0307332f",
                    "7bf56238-4259-4058-ae94-df4ebfa36909"
                ],
                [
                    "1088ba6d-b4e0-41d4-a08e-51cb6bb85d90",
                    "1cb7377a-20cf-44b1-a8d7-45868ecad051",
                    "66fbc713-ac16-42e8-a305-9699d46555b4",
                    "7bf56238-4259-4058-ae94-df4ebfa36909"
                ],
                [
                    "1088ba6d-b4e0-41d4-a08e-51cb6bb85d90",
                    "1cb7377a-20cf-44b1-a8d7-45868ecad051",
                    "bb43f832-012e-4245-a35b-0675c1ce3cbc",
                    "7bf56238-4259-4058-ae94-df4ebfa36909"
                ]
            ]
        },
        {
            "output_tuple": [
                "ICDE"
            ],
            "tuple_id": "ac773cac-ea05-5557-99b4-a9fb0e9e84bc",
            "dnf": [
                [
                    "1088ba6d-b4e0-41d4-a08e-51cb6bb85d90",
                    "1cb7377a-20cf-44b1-a8d7-45868ecad051",
                    "993ed038-06f5-404e-be76-406884f1f76f",
                    "758a034e-e576-4916-ab47-1046882ce8b0"
                ],
                [
                    "1088ba6d-b4e0-41d4-a08e-51cb6bb85d90",
                    "1cb7377a-20cf-44b1-a8d7-45868ecad051",
                    "f4a251b6-e1f8-4760-aee5-cd5d2873387a",
                    "758a034e-e576-4916-ab47-1046882ce8b0"
                ],
                [
                    "1088ba6d-b4e0-41d4-a08e-51cb6bb85d90",
                    "1cb7377a-20cf-44b1-a8d7-45868ecad051",
                    "9b7543aa-e927-472a-a592-5e23de09b309",
                    "758a034e-e576-4916-ab47-1046882ce8b0"
                ]
            ]
        },
        {
            "output_tuple": [
                "TAPP"
            ],
            "tuple_id": "b6d32bb7-6e1d-5ccf-84f3-8f3975c39f31",
            "dnf": [
                [
                    "1088ba6d-b4e0-41d4-a08e-51cb6bb85d90",
                    "1cb7377a-20cf-44b1-a8d7-45868ecad051",
                    "d2deccad-a510-4017-a20c-12eb620f247c",
                    "1fc78e88-6b77-4d8e-8a5b-b8cfb80c1abe"
                ]
            ]
        },
        {
            "output_tuple": [
                "CIDR"
            ],
            "tuple_id": "f4c5803e-60ed-5d34-94bc-7892c5221901",
            "dnf": [
                [
                    "1088ba6d-b4e0-41d4-a08e-51cb6bb85d90",
                    "1cb7377a-20cf-44b1-a8d7-45868ecad051",
                    "c8d7e0da-bf47-4a18-932e-9011286adfbe",
                    "582567cd-2e36-4197-98c7-53a9551669cd"
                ]
            ]
        },
        {
            "output_tuple": [
                "PODS"
            ],
            "tuple_id": "fd3f8abe-63fc-5dd2-b29d-3b15ebfc8a6b",
            "dnf": [
                [
                    "1088ba6d-b4e0-41d4-a08e-51cb6bb85d90",
                    "1cb7377a-20cf-44b1-a8d7-45868ecad051",
                    "8c7dc52c-485a-4362-ae6c-fb18c4b3b2ef",
                    "87702e88-9871-486c-adfb-0129cfd1f210"
                ],
                [
                    "1088ba6d-b4e0-41d4-a08e-51cb6bb85d90",
                    "1cb7377a-20cf-44b1-a8d7-45868ecad051",
                    "5eba3603-3eea-4237-9187-eed480152792",
                    "87702e88-9871-486c-adfb-0129cfd1f210"
                ],
                [
                    "1088ba6d-b4e0-41d4-a08e-51cb6bb85d90",
                    "1cb7377a-20cf-44b1-a8d7-45868ecad051",
                    "76b56150-95a4-4003-bb36-f7011e66df6a",
                    "87702e88-9871-486c-adfb-0129cfd1f210"
                ]
            ]
        }
    ]
}