{
    "query_name": "6d_publication_year",
    "query_sql": "SELECT \n    publication.year \nFROM \n    author as author1, author as author2, writes as writes1, writes as writes2, publication, conference \nWHERE\n    author1.aid = writes1.aid\n    AND writes1.pid = publication.pid\n    AND author1.name = 'Tova Milo'\n    AND author2.aid = writes2.aid\n    AND writes2.pid = publication.pid\n    AND author2.name = 'Daniel Deutch'\n    AND publication.cid = conference.cid\nGROUP BY publication.year ",
    "results": [
        {
            "output_tuple": [
                2013
            ],
            "tuple_id": "1b5e60a1-2f72-5142-aaee-236fc0babd84",
            "dnf": [
                [
                    "88f4f480-16ac-4349-8f78-366c3cac3aa6",
                    "042a408a-f764-4567-8d2f-4c26106ab0b7",
                    "e78b47ba-baa7-4ae6-97fc-4ca89f81dd93",
                    "b1525268-9319-407d-b4bd-5b48387803ff"
                ]
            ]
        },
        {
            "output_tuple": [
                2007
            ],
            "tuple_id": "3ecaddb8-8650-51d7-8909-e7dcc8a7c9cd",
            "dnf": [
                [
                    "88f4f480-16ac-4349-8f78-366c3cac3aa6",
                    "042a408a-f764-4567-8d2f-4c26106ab0b7",
                    "ad639beb-ed28-47d7-b286-057fc68e52b2",
                    "85405864-fdf1-4a6d-bf39-f51a5586a60e"
                ]
            ]
        },
        {
            "output_tuple": [
                2011
            ],
            "tuple_id": "5cac7bd0-782c-5028-9382-015c8aa2f992",
            "dnf": [
                [
                    "88f4f480-16ac-4349-8f78-366c3cac3aa6",
                    "042a408a-f764-4567-8d2f-4c26106ab0b7",
                    "2501ec5b-8c50-4000-b023-aad9e20e041c",
                    "8241e1d5-3f01-4443-a795-9876b225fcfe"
                ],
                [
                    "88f4f480-16ac-4349-8f78-366c3cac3aa6",
                    "042a408a-f764-4567-8d2f-4c26106ab0b7",
                    "4696e1b3-bfc8-42f0-ae66-dca89a9c59cd",
                    "8241e1d5-3f01-4443-a795-9876b225fcfe"
                ],
                [
                    "88f4f480-16ac-4349-8f78-366c3cac3aa6",
                    "042a408a-f764-4567-8d2f-4c26106ab0b7",
                    "96f49a45-11d5-4480-998e-8be95e8bedc1",
                    "4b7ef67a-149d-4ee6-aaf4-1e59b5308f7b"
                ],
                [
                    "88f4f480-16ac-4349-8f78-366c3cac3aa6",
                    "042a408a-f764-4567-8d2f-4c26106ab0b7",
                    "af8063b3-e513-4de2-af16-6d76f7b21bbf",
                    "093c7b9a-9104-4b6e-9124-c88df772a144"
                ]
            ]
        },
        {
            "output_tuple": [
                2009
            ],
            "tuple_id": "6ede1db5-7749-5781-99aa-79ba7bb20216",
            "dnf": [
                [
                    "88f4f480-16ac-4349-8f78-366c3cac3aa6",
                    "042a408a-f764-4567-8d2f-4c26106ab0b7",
                    "97b269d1-9bd8-4515-80c4-fef5e5ceda5d",
                    "4b7ef67a-149d-4ee6-aaf4-1e59b5308f7b"
                ],
                [
                    "88f4f480-16ac-4349-8f78-366c3cac3aa6",
                    "042a408a-f764-4567-8d2f-4c26106ab0b7",
                    "2afae29e-3362-442e-8aaa-6144ed32af9b",
                    "633446e9-4170-4022-9224-91107015bac6"
                ]
            ]
        },
        {
            "output_tuple": [
                2012
            ],
            "tuple_id": "87b47474-79bc-500d-a999-5fff07f8639f",
            "dnf": [
                [
                    "88f4f480-16ac-4349-8f78-366c3cac3aa6",
                    "042a408a-f764-4567-8d2f-4c26106ab0b7",
                    "80bacd1c-da81-4301-8e62-4425d1b1c55c",
                    "633446e9-4170-4022-9224-91107015bac6"
                ],
                [
                    "88f4f480-16ac-4349-8f78-366c3cac3aa6",
                    "042a408a-f764-4567-8d2f-4c26106ab0b7",
                    "791b2c07-bfe1-498a-af51-45b8b62d13a4",
                    "6432c7cb-5f0e-4bfa-9958-ee6c55e512dc"
                ],
                [
                    "88f4f480-16ac-4349-8f78-366c3cac3aa6",
                    "042a408a-f764-4567-8d2f-4c26106ab0b7",
                    "2f5b46bd-298b-40d5-b109-0b8db3f74c25",
                    "cec31a13-d14a-4ca7-ab63-b1262551dd12"
                ]
            ]
        },
        {
            "output_tuple": [
                2014
            ],
            "tuple_id": "cb8e5916-af0a-55fa-a4f2-07bc301aea77",
            "dnf": [
                [
                    "88f4f480-16ac-4349-8f78-366c3cac3aa6",
                    "042a408a-f764-4567-8d2f-4c26106ab0b7",
                    "985c2c61-65e9-484a-a82b-5fe4ff9c8001",
                    "7a094766-46ec-45a7-b0d5-f78c9a87278f"
                ],
                [
                    "88f4f480-16ac-4349-8f78-366c3cac3aa6",
                    "042a408a-f764-4567-8d2f-4c26106ab0b7",
                    "898bc6cc-318b-4247-8947-f6246b1959bf",
                    "633446e9-4170-4022-9224-91107015bac6"
                ]
            ]
        },
        {
            "output_tuple": [
                2010
            ],
            "tuple_id": "d86d7071-b5f1-5645-a6ee-d96404427ca3",
            "dnf": [
                [
                    "88f4f480-16ac-4349-8f78-366c3cac3aa6",
                    "042a408a-f764-4567-8d2f-4c26106ab0b7",
                    "cf75eefd-256e-449d-abf5-7f85db98bd23",
                    "4b7ef67a-149d-4ee6-aaf4-1e59b5308f7b"
                ],
                [
                    "88f4f480-16ac-4349-8f78-366c3cac3aa6",
                    "042a408a-f764-4567-8d2f-4c26106ab0b7",
                    "db8b0855-8d4e-4677-b5c8-a2406649e396",
                    "8241e1d5-3f01-4443-a795-9876b225fcfe"
                ]
            ]
        }
    ]
}