{
    "query_name": "7a_conference_name",
    "query_sql": "SELECT \n\tconference.name \nFROM \n\torganization, author as author1, writes as writes1, author as author2, writes as writes2, publication, conference, domain_conference, domain \nWHERE\n\torganization.oid = author1.oid \n\tAND organization.oid = author2.oid\n    AND author1.name < author2.name\n    AND author1.aid = writes1.aid\n    AND author2.aid = writes2.aid\n    AND writes1.pid = publication.pid\n    AND writes2.pid = publication.pid\n    AND publication.cid = conference.cid\n    AND conference.cid = domain_conference.cid\n    AND domain_conference.did = domain.did\n    AND organization.citation_count > 1000\n    AND publication.citation_count > 1\n    AND domain.name = 'Databases'\n    and publication.year > 2010\nGROUP BY conference.name ",
    "results": [
        {
            "output_tuple": [
                "ICDT"
            ],
            "tuple_id": "01fdf253-4671-586f-93ac-8327418c5b63",
            "dnf": [
                [
                    "61ea09df-a15e-447f-9416-ede263a6cd0c",
                    "47a84afb-0c9c-476e-bb49-9ad5d344f2ff",
                    "f4f10f25-3303-4bbe-849e-aa655ed3e232",
                    "e792acf6-63db-4169-8cda-37314e2765c6",
                    "7bf56238-4259-4058-ae94-df4ebfa36909",
                    "0576060b-7298-40a6-b1d8-90a13ab86e6a"
                ],
                [
                    "61ea09df-a15e-447f-9416-ede263a6cd0c",
                    "f4f10f25-3303-4bbe-849e-aa655ed3e232",
                    "977e5ca7-442e-4be0-aa3d-ad78b09d11b0",
                    "e792acf6-63db-4169-8cda-37314e2765c6",
                    "7bf56238-4259-4058-ae94-df4ebfa36909",
                    "0576060b-7298-40a6-b1d8-90a13ab86e6a"
                ],
                [
                    "b9438b7a-956b-46d5-a9ad-a7dc2eef9523",
                    "9c91813b-8d23-49b3-9c44-a93b4ecf58cc",
                    "08d19509-bc8c-463b-bf2c-b75b951dd85c",
                    "0b6586e5-f63d-460d-91b8-84daf5a83e82",
                    "7bf56238-4259-4058-ae94-df4ebfa36909",
                    "0576060b-7298-40a6-b1d8-90a13ab86e6a"
                ],
                [
                    "61ea09df-a15e-447f-9416-ede263a6cd0c",
                    "1587f940-1fb8-4afc-a6ea-526dc16850fe",
                    "f4f10f25-3303-4bbe-849e-aa655ed3e232",
                    "e792acf6-63db-4169-8cda-37314e2765c6",
                    "7bf56238-4259-4058-ae94-df4ebfa36909",
                    "0576060b-7298-40a6-b1d8-90a13ab86e6a"
                ],
                [
                    "61ea09df-a15e-447f-9416-ede263a6cd0c",
                    "1587f940-1fb8-4afc-a6ea-526dc16850fe",
                    "977e5ca7-442e-4be0-aa3d-ad78b09d11b0",
                    "e792acf6-63db-4169-8cda-37314e2765c6",
                    "7bf56238-4259-4058-ae94-df4ebfa36909",
                    "0576060b-7298-40a6-b1d8-90a13ab86e6a"
                ],
                [
                    "61ea09df-a15e-447f-9416-ede263a6cd0c",
                    "39d6135f-2c6b-4e65-b828-f73904c9721b",
                    "f4f10f25-3303-4bbe-849e-aa655ed3e232",
                    "e792acf6-63db-4169-8cda-37314e2765c6",
                    "7bf56238-4259-4058-ae94-df4ebfa36909",
                    "0576060b-7298-40a6-b1d8-90a13ab86e6a"
                ],
                [
                    "61ea09df-a15e-447f-9416-ede263a6cd0c",
                    "39d6135f-2c6b-4e65-b828-f73904c9721b",
                    "1587f940-1fb8-4afc-a6ea-526dc16850fe",
                    "e792acf6-63db-4169-8cda-37314e2765c6",
                    "7bf56238-4259-4058-ae94-df4ebfa36909",
                    "0576060b-7298-40a6-b1d8-90a13ab86e6a"
                ],
                [
                    "61ea09df-a15e-447f-9416-ede263a6cd0c",
                    "39d6135f-2c6b-4e65-b828-f73904c9721b",
                    "977e5ca7-442e-4be0-aa3d-ad78b09d11b0",
                    "e792acf6-63db-4169-8cda-37314e2765c6",
                    "7bf56238-4259-4058-ae94-df4ebfa36909",
                    "0576060b-7298-40a6-b1d8-90a13ab86e6a"
                ],
                [
                    "61ea09df-a15e-447f-9416-ede263a6cd0c",
                    "47a84afb-0c9c-476e-bb49-9ad5d344f2ff",
                    "977e5ca7-442e-4be0-aa3d-ad78b09d11b0",
                    "e792acf6-63db-4169-8cda-37314e2765c6",
                    "7bf56238-4259-4058-ae94-df4ebfa36909",
                    "0576060b-7298-40a6-b1d8-90a13ab86e6a"
                ],
                [
                    "61ea09df-a15e-447f-9416-ede263a6cd0c",
                    "47a84afb-0c9c-476e-bb49-9ad5d344f2ff",
                    "1587f940-1fb8-4afc-a6ea-526dc16850fe",
                    "e792acf6-63db-4169-8cda-37314e2765c6",
                    "7bf56238-4259-4058-ae94-df4ebfa36909",
                    "0576060b-7298-40a6-b1d8-90a13ab86e6a"
                ],
                [
                    "61ea09df-a15e-447f-9416-ede263a6cd0c",
                    "47a84afb-0c9c-476e-bb49-9ad5d344f2ff",
                    "39d6135f-2c6b-4e65-b828-f73904c9721b",
                    "e792acf6-63db-4169-8cda-37314e2765c6",
                    "7bf56238-4259-4058-ae94-df4ebfa36909",
                    "0576060b-7298-40a6-b1d8-90a13ab86e6a"
                ]
            ]
        },
        {
            "output_tuple": [
                "IFIP5-5"
            ],
            "tuple_id": "1b9673bf-7f8f-54e2-88b1-38e65894771c",
            "dnf": [
                [
                    "c2f19fda-90ff-469f-8849-77d756b10b35",
                    "a5984ba9-d1c2-4feb-97f5-38532d1310c0",
                    "49e93871-cfc7-4c54-9586-4a1423f6d860",
                    "05874d1a-a07f-4ac2-8d8b-8d76a580b408",
                    "39dcad6f-ac1a-4f8d-b6b3-8cadaa405a92",
                    "0576060b-7298-40a6-b1d8-90a13ab86e6a"
                ],
                [
                    "c2f19fda-90ff-469f-8849-77d756b10b35",
                    "b8e00d87-9df5-49a8-bfd5-fd5f1c29b6fc",
                    "49e93871-cfc7-4c54-9586-4a1423f6d860",
                    "05874d1a-a07f-4ac2-8d8b-8d76a580b408",
                    "39dcad6f-ac1a-4f8d-b6b3-8cadaa405a92",
                    "0576060b-7298-40a6-b1d8-90a13ab86e6a"
                ],
                [
                    "c2f19fda-90ff-469f-8849-77d756b10b35",
                    "a5984ba9-d1c2-4feb-97f5-38532d1310c0",
                    "b8e00d87-9df5-49a8-bfd5-fd5f1c29b6fc",
                    "05874d1a-a07f-4ac2-8d8b-8d76a580b408",
                    "39dcad6f-ac1a-4f8d-b6b3-8cadaa405a92",
                    "0576060b-7298-40a6-b1d8-90a13ab86e6a"
                ]
            ]
        },
        {
            "output_tuple": [
                "CIDR"
            ],
            "tuple_id": "3e9bee59-b144-564f-a888-308bb72400f2",
            "dnf": [
                [
                    "16ddcdf5-85b7-4cff-9f35-afb9b274f759",
                    "7aaaf9bb-b108-4ecc-a315-32ed18937483",
                    "50b4f19a-79e3-46c1-98cb-a2739990a839",
                    "0d0dd452-d00e-43b2-849e-66d420a896d1",
                    "582567cd-2e36-4197-98c7-53a9551669cd",
                    "0576060b-7298-40a6-b1d8-90a13ab86e6a"
                ],
                [
                    "16ddcdf5-85b7-4cff-9f35-afb9b274f759",
                    "7aaaf9bb-b108-4ecc-a315-32ed18937483",
                    "18308a18-0261-4cf8-80ea-5e4738d09a99",
                    "0d0dd452-d00e-43b2-849e-66d420a896d1",
                    "582567cd-2e36-4197-98c7-53a9551669cd",
                    "0576060b-7298-40a6-b1d8-90a13ab86e6a"
                ],
                [
                    "16ddcdf5-85b7-4cff-9f35-afb9b274f759",
                    "18308a18-0261-4cf8-80ea-5e4738d09a99",
                    "50b4f19a-79e3-46c1-98cb-a2739990a839",
                    "0d0dd452-d00e-43b2-849e-66d420a896d1",
                    "582567cd-2e36-4197-98c7-53a9551669cd",
                    "0576060b-7298-40a6-b1d8-90a13ab86e6a"
                ]
            ]
        },
        {
            "output_tuple": [
                "ICDE"
            ],
            "tuple_id": "3f54e952-29d9-56a3-96ad-88b7b3bc64d2",
            "dnf": [
                [
                    "83498b6e-0015-4dcf-8881-92ebf73f89bc",
                    "23095c97-c6f0-407f-b1fa-d253495086ae",
                    "990d50b9-3293-4a24-94ee-343ab165aa01",
                    "1da5e0cf-76df-4706-9fb8-05a8b13d6f93",
                    "758a034e-e576-4916-ab47-1046882ce8b0",
                    "0576060b-7298-40a6-b1d8-90a13ab86e6a"
                ],
                [
                    "83498b6e-0015-4dcf-8881-92ebf73f89bc",
                    "23095c97-c6f0-407f-b1fa-d253495086ae",
                    "600e54a4-6bc9-45a4-af33-c6a7b0796e6d",
                    "1da5e0cf-76df-4706-9fb8-05a8b13d6f93",
                    "758a034e-e576-4916-ab47-1046882ce8b0",
                    "0576060b-7298-40a6-b1d8-90a13ab86e6a"
                ],
                [
                    "56477655-cd34-4d2e-9bce-5be1402d8af1",
                    "f7302d26-9405-4d66-80df-e55a1728d72d",
                    "e874caae-dc6c-48e6-b876-b58a5d34f9dd",
                    "48ccd9af-e500-4f91-ae29-98f9bd4229b4",
                    "758a034e-e576-4916-ab47-1046882ce8b0",
                    "0576060b-7298-40a6-b1d8-90a13ab86e6a"
                ],
                [
                    "067cf64f-a725-439b-84b0-86f23aacc40a",
                    "829954c1-ea7b-4db0-94b0-b80730b21d2a",
                    "b55eabae-a5a9-4578-ac7e-9b986501f2e1",
                    "75f26586-c123-4afb-9109-45e92b02560e",
                    "758a034e-e576-4916-ab47-1046882ce8b0",
                    "0576060b-7298-40a6-b1d8-90a13ab86e6a"
                ],
                [
                    "ae7dece4-dbc4-48fc-96ca-fc6a7d070d35",
                    "da923b09-a181-4692-a53a-1dcd15e6eabc",
                    "c383863c-bc6a-4538-85c8-59c4e78ce799",
                    "fc1412da-d97e-41d7-9a33-2486dc15cfdf",
                    "758a034e-e576-4916-ab47-1046882ce8b0",
                    "0576060b-7298-40a6-b1d8-90a13ab86e6a"
                ],
                [
                    "83498b6e-0015-4dcf-8881-92ebf73f89bc",
                    "272c047f-0335-4df0-bfdb-8286b6572d4d",
                    "23095c97-c6f0-407f-b1fa-d253495086ae",
                    "1da5e0cf-76df-4706-9fb8-05a8b13d6f93",
                    "758a034e-e576-4916-ab47-1046882ce8b0",
                    "0576060b-7298-40a6-b1d8-90a13ab86e6a"
                ],
                [
                    "66170c40-5145-4620-afd3-50833cb8cb8d",
                    "57d1e40a-4df8-422f-8137-18fe36de55a5",
                    "abffcf08-520e-483c-83dd-1e919012546b",
                    "89daf346-a83f-4c0a-80be-835c2c16f005",
                    "758a034e-e576-4916-ab47-1046882ce8b0",
                    "0576060b-7298-40a6-b1d8-90a13ab86e6a"
                ],
                [
                    "83498b6e-0015-4dcf-8881-92ebf73f89bc",
                    "990d50b9-3293-4a24-94ee-343ab165aa01",
                    "20136929-9019-442c-b93c-9b650ad3dc8f",
                    "1da5e0cf-76df-4706-9fb8-05a8b13d6f93",
                    "758a034e-e576-4916-ab47-1046882ce8b0",
                    "0576060b-7298-40a6-b1d8-90a13ab86e6a"
                ],
                [
                    "ae7dece4-dbc4-48fc-96ca-fc6a7d070d35",
                    "da923b09-a181-4692-a53a-1dcd15e6eabc",
                    "1088ba6d-b4e0-41d4-a08e-51cb6bb85d90",
                    "fc1412da-d97e-41d7-9a33-2486dc15cfdf",
                    "758a034e-e576-4916-ab47-1046882ce8b0",
                    "0576060b-7298-40a6-b1d8-90a13ab86e6a"
                ],
                [
                    "0f8d789a-c9e1-4dce-b491-111b12a71d74",
                    "663ae1b2-4d58-4b83-9f76-899b0a3f3cd8",
                    "9bb5e66d-8bdf-4c3c-be0b-40695fc98bf3",
                    "5e0754f7-939a-41c9-a23a-25c572889fa2",
                    "758a034e-e576-4916-ab47-1046882ce8b0",
                    "0576060b-7298-40a6-b1d8-90a13ab86e6a"
                ],
                [
                    "b9438b7a-956b-46d5-a9ad-a7dc2eef9523",
                    "9c91813b-8d23-49b3-9c44-a93b4ecf58cc",
                    "08d19509-bc8c-463b-bf2c-b75b951dd85c",
                    "0a934b91-d843-4463-954b-3ec90d06924b",
                    "758a034e-e576-4916-ab47-1046882ce8b0",
                    "0576060b-7298-40a6-b1d8-90a13ab86e6a"
                ],
                [
                    "f4ad246a-8f70-4a82-8d42-f010b91d9a85",
                    "9150c4fb-ffa1-4884-8455-557916a64bb5",
                    "fddf5eeb-4ef6-4a4e-adf7-defaf80c003d",
                    "328ee08f-327c-4473-bba2-9284fc78af76",
                    "758a034e-e576-4916-ab47-1046882ce8b0",
                    "0576060b-7298-40a6-b1d8-90a13ab86e6a"
                ],
                [
                    "49ee4cb6-7d44-4f07-bb15-d346ae531cca",
                    "7f19c952-494f-4f1c-9971-d23964d41306",
                    "3e5e9813-2c4d-4a7f-b2fb-67d0b8f46874",
                    "e3dcc99e-99d5-47c3-ba9d-1359c91263f1",
                    "758a034e-e576-4916-ab47-1046882ce8b0",
                    "0576060b-7298-40a6-b1d8-90a13ab86e6a"
                ],
                [
                    "56477655-cd34-4d2e-9bce-5be1402d8af1",
                    "e874caae-dc6c-48e6-b876-b58a5d34f9dd",
                    "bc0075eb-e821-4ab9-9b5d-3a6ad4c07022",
                    "48ccd9af-e500-4f91-ae29-98f9bd4229b4",
                    "758a034e-e576-4916-ab47-1046882ce8b0",
                    "0576060b-7298-40a6-b1d8-90a13ab86e6a"
                ],
                [
                    "d373404f-2a02-4605-86c3-65652622e3e4",
                    "af85eb94-84e5-4d38-b0e9-bf7c8774e7cf",
                    "15b5dce5-6f68-4381-be20-6cc6562128cf",
                    "6113a0bb-bf0c-4952-846f-aa62ca1f3d19",
                    "758a034e-e576-4916-ab47-1046882ce8b0",
                    "0576060b-7298-40a6-b1d8-90a13ab86e6a"
                ],
                [
                    "067cf64f-a725-439b-84b0-86f23aacc40a",
                    "49baadf4-db3a-4bcb-b61d-905fa77e5e08",
                    "b55eabae-a5a9-4578-ac7e-9b986501f2e1",
                    "75f26586-c123-4afb-9109-45e92b02560e",
                    "758a034e-e576-4916-ab47-1046882ce8b0",
                    "0576060b-7298-40a6-b1d8-90a13ab86e6a"
                ],
                [
                    "56477655-cd34-4d2e-9bce-5be1402d8af1",
                    "f7302d26-9405-4d66-80df-e55a1728d72d",
                    "bc0075eb-e821-4ab9-9b5d-3a6ad4c07022",
                    "48ccd9af-e500-4f91-ae29-98f9bd4229b4",
                    "758a034e-e576-4916-ab47-1046882ce8b0",
                    "0576060b-7298-40a6-b1d8-90a13ab86e6a"
                ],
                [
                    "b9438b7a-956b-46d5-a9ad-a7dc2eef9523",
                    "9c91813b-8d23-49b3-9c44-a93b4ecf58cc",
                    "8003168a-a15d-441c-a5e3-4660e8a89640",
                    "0a934b91-d843-4463-954b-3ec90d06924b",
                    "758a034e-e576-4916-ab47-1046882ce8b0",
                    "0576060b-7298-40a6-b1d8-90a13ab86e6a"
                ],
                [
                    "067cf64f-a725-439b-84b0-86f23aacc40a",
                    "49baadf4-db3a-4bcb-b61d-905fa77e5e08",
                    "527e0b39-99b0-43bb-8931-5c1afd88960c",
                    "75f26586-c123-4afb-9109-45e92b02560e",
                    "758a034e-e576-4916-ab47-1046882ce8b0",
                    "0576060b-7298-40a6-b1d8-90a13ab86e6a"
                ],
                [
                    "d373404f-2a02-4605-86c3-65652622e3e4",
                    "15b5dce5-6f68-4381-be20-6cc6562128cf",
                    "8ace9774-94cf-4e4f-8ef2-46198ff0150b",
                    "6113a0bb-bf0c-4952-846f-aa62ca1f3d19",
                    "758a034e-e576-4916-ab47-1046882ce8b0",
                    "0576060b-7298-40a6-b1d8-90a13ab86e6a"
                ],
                [
                    "067cf64f-a725-439b-84b0-86f23aacc40a",
                    "829954c1-ea7b-4db0-94b0-b80730b21d2a",
                    "527e0b39-99b0-43bb-8931-5c1afd88960c",
                    "75f26586-c123-4afb-9109-45e92b02560e",
                    "758a034e-e576-4916-ab47-1046882ce8b0",
                    "0576060b-7298-40a6-b1d8-90a13ab86e6a"
                ],
                [
                    "ae7dece4-dbc4-48fc-96ca-fc6a7d070d35",
                    "c383863c-bc6a-4538-85c8-59c4e78ce799",
                    "1088ba6d-b4e0-41d4-a08e-51cb6bb85d90",
                    "fc1412da-d97e-41d7-9a33-2486dc15cfdf",
                    "758a034e-e576-4916-ab47-1046882ce8b0",
                    "0576060b-7298-40a6-b1d8-90a13ab86e6a"
                ],
                [
                    "83498b6e-0015-4dcf-8881-92ebf73f89bc",
                    "272c047f-0335-4df0-bfdb-8286b6572d4d",
                    "20136929-9019-442c-b93c-9b650ad3dc8f",
                    "1da5e0cf-76df-4706-9fb8-05a8b13d6f93",
                    "758a034e-e576-4916-ab47-1046882ce8b0",
                    "0576060b-7298-40a6-b1d8-90a13ab86e6a"
                ],
                [
                    "d373404f-2a02-4605-86c3-65652622e3e4",
                    "af85eb94-84e5-4d38-b0e9-bf7c8774e7cf",
                    "8ace9774-94cf-4e4f-8ef2-46198ff0150b",
                    "6113a0bb-bf0c-4952-846f-aa62ca1f3d19",
                    "758a034e-e576-4916-ab47-1046882ce8b0",
                    "0576060b-7298-40a6-b1d8-90a13ab86e6a"
                ],
                [
                    "067cf64f-a725-439b-84b0-86f23aacc40a",
                    "b55eabae-a5a9-4578-ac7e-9b986501f2e1",
                    "527e0b39-99b0-43bb-8931-5c1afd88960c",
                    "75f26586-c123-4afb-9109-45e92b02560e",
                    "758a034e-e576-4916-ab47-1046882ce8b0",
                    "0576060b-7298-40a6-b1d8-90a13ab86e6a"
                ],
                [
                    "66170c40-5145-4620-afd3-50833cb8cb8d",
                    "542dbf9b-9e90-4243-98f2-dc04fc98cf6b",
                    "abffcf08-520e-483c-83dd-1e919012546b",
                    "89daf346-a83f-4c0a-80be-835c2c16f005",
                    "758a034e-e576-4916-ab47-1046882ce8b0",
                    "0576060b-7298-40a6-b1d8-90a13ab86e6a"
                ],
                [
                    "49ee4cb6-7d44-4f07-bb15-d346ae531cca",
                    "7f19c952-494f-4f1c-9971-d23964d41306",
                    "84bc1c2d-d77d-45b3-b6d0-d4b23b76934c",
                    "e3dcc99e-99d5-47c3-ba9d-1359c91263f1",
                    "758a034e-e576-4916-ab47-1046882ce8b0",
                    "0576060b-7298-40a6-b1d8-90a13ab86e6a"
                ],
                [
                    "83498b6e-0015-4dcf-8881-92ebf73f89bc",
                    "23095c97-c6f0-407f-b1fa-d253495086ae",
                    "20136929-9019-442c-b93c-9b650ad3dc8f",
                    "1da5e0cf-76df-4706-9fb8-05a8b13d6f93",
                    "758a034e-e576-4916-ab47-1046882ce8b0",
                    "0576060b-7298-40a6-b1d8-90a13ab86e6a"
                ],
                [
                    "83498b6e-0015-4dcf-8881-92ebf73f89bc",
                    "990d50b9-3293-4a24-94ee-343ab165aa01",
                    "600e54a4-6bc9-45a4-af33-c6a7b0796e6d",
                    "1da5e0cf-76df-4706-9fb8-05a8b13d6f93",
                    "758a034e-e576-4916-ab47-1046882ce8b0",
                    "0576060b-7298-40a6-b1d8-90a13ab86e6a"
                ],
                [
                    "b9438b7a-956b-46d5-a9ad-a7dc2eef9523",
                    "08d19509-bc8c-463b-bf2c-b75b951dd85c",
                    "8003168a-a15d-441c-a5e3-4660e8a89640",
                    "0a934b91-d843-4463-954b-3ec90d06924b",
                    "758a034e-e576-4916-ab47-1046882ce8b0",
                    "0576060b-7298-40a6-b1d8-90a13ab86e6a"
                ],
                [
                    "067cf64f-a725-439b-84b0-86f23aacc40a",
                    "829954c1-ea7b-4db0-94b0-b80730b21d2a",
                    "49baadf4-db3a-4bcb-b61d-905fa77e5e08",
                    "75f26586-c123-4afb-9109-45e92b02560e",
                    "758a034e-e576-4916-ab47-1046882ce8b0",
                    "0576060b-7298-40a6-b1d8-90a13ab86e6a"
                ],
                [
                    "49ee4cb6-7d44-4f07-bb15-d346ae531cca",
                    "84bc1c2d-d77d-45b3-b6d0-d4b23b76934c",
                    "3e5e9813-2c4d-4a7f-b2fb-67d0b8f46874",
                    "e3dcc99e-99d5-47c3-ba9d-1359c91263f1",
                    "758a034e-e576-4916-ab47-1046882ce8b0",
                    "0576060b-7298-40a6-b1d8-90a13ab86e6a"
                ],
                [
                    "83498b6e-0015-4dcf-8881-92ebf73f89bc",
                    "272c047f-0335-4df0-bfdb-8286b6572d4d",
                    "990d50b9-3293-4a24-94ee-343ab165aa01",
                    "1da5e0cf-76df-4706-9fb8-05a8b13d6f93",
                    "758a034e-e576-4916-ab47-1046882ce8b0",
                    "0576060b-7298-40a6-b1d8-90a13ab86e6a"
                ],
                [
                    "66170c40-5145-4620-afd3-50833cb8cb8d",
                    "57d1e40a-4df8-422f-8137-18fe36de55a5",
                    "542dbf9b-9e90-4243-98f2-dc04fc98cf6b",
                    "89daf346-a83f-4c0a-80be-835c2c16f005",
                    "758a034e-e576-4916-ab47-1046882ce8b0",
                    "0576060b-7298-40a6-b1d8-90a13ab86e6a"
                ],
                [
                    "83498b6e-0015-4dcf-8881-92ebf73f89bc",
                    "272c047f-0335-4df0-bfdb-8286b6572d4d",
                    "600e54a4-6bc9-45a4-af33-c6a7b0796e6d",
                    "1da5e0cf-76df-4706-9fb8-05a8b13d6f93",
                    "758a034e-e576-4916-ab47-1046882ce8b0",
                    "0576060b-7298-40a6-b1d8-90a13ab86e6a"
                ],
                [
                    "83498b6e-0015-4dcf-8881-92ebf73f89bc",
                    "20136929-9019-442c-b93c-9b650ad3dc8f",
                    "600e54a4-6bc9-45a4-af33-c6a7b0796e6d",
                    "1da5e0cf-76df-4706-9fb8-05a8b13d6f93",
                    "758a034e-e576-4916-ab47-1046882ce8b0",
                    "0576060b-7298-40a6-b1d8-90a13ab86e6a"
                ]
            ]
        },
        {
            "output_tuple": [
                "SIGMOD"
            ],
            "tuple_id": "49c1f907-1068-540d-8c80-c170e59e7f82",
            "dnf": [
                [
                    "d373404f-2a02-4605-86c3-65652622e3e4",
                    "d854a8cf-9014-44a4-a6e3-71be29121da7",
                    "c8aade3e-6ff5-40d9-9181-8e9cdc96b8b4",
                    "36e1fe2e-8c3a-4505-935d-f5f5cfa109b3",
                    "eccac072-2138-4d11-9f65-69acf295b9f2",
                    "0576060b-7298-40a6-b1d8-90a13ab86e6a"
                ]
            ]
        },
        {
            "output_tuple": [
                "IFIP8-1"
            ],
            "tuple_id": "4a4e91a8-9fdd-509a-8aa5-1ed2f2ac27ac",
            "dnf": [
                [
                    "e66c0ef2-bfde-4e66-b734-49aa80d1457b",
                    "99cea529-c478-4939-9b2a-9fa299ad9fb6",
                    "6bf49d3b-a956-4e42-8389-cc883b2aa4f2",
                    "91ee6e00-04c4-455b-8b68-a0ccf81505b2",
                    "47e58906-1c2a-456a-9fb2-c6c9d4378999",
                    "0576060b-7298-40a6-b1d8-90a13ab86e6a"
                ]
            ]
        },
        {
            "output_tuple": [
                "BIS"
            ],
            "tuple_id": "792b502a-e2f0-5b17-892d-4da2a325d1db",
            "dnf": [
                [
                    "6b833c1e-9e01-4a29-afc2-742a73439615",
                    "656b235a-c726-4a85-88ce-42ff58a93e95",
                    "61a21f7c-ef38-4012-bb4b-a5e5933ab9ab",
                    "6f853a3b-c19d-4f59-89fa-b820609c3037",
                    "035f045b-c975-4766-b74e-66539174ad4c",
                    "0576060b-7298-40a6-b1d8-90a13ab86e6a"
                ],
                [
                    "6b833c1e-9e01-4a29-afc2-742a73439615",
                    "656b235a-c726-4a85-88ce-42ff58a93e95",
                    "c4a07ddf-cf45-4aba-b09f-dd2b43348489",
                    "6f853a3b-c19d-4f59-89fa-b820609c3037",
                    "035f045b-c975-4766-b74e-66539174ad4c",
                    "0576060b-7298-40a6-b1d8-90a13ab86e6a"
                ],
                [
                    "6b833c1e-9e01-4a29-afc2-742a73439615",
                    "61a21f7c-ef38-4012-bb4b-a5e5933ab9ab",
                    "7b4c1c58-27e3-4ada-a6df-9daea463c6f5",
                    "6f853a3b-c19d-4f59-89fa-b820609c3037",
                    "035f045b-c975-4766-b74e-66539174ad4c",
                    "0576060b-7298-40a6-b1d8-90a13ab86e6a"
                ],
                [
                    "6b833c1e-9e01-4a29-afc2-742a73439615",
                    "c4a07ddf-cf45-4aba-b09f-dd2b43348489",
                    "7b4c1c58-27e3-4ada-a6df-9daea463c6f5",
                    "6f853a3b-c19d-4f59-89fa-b820609c3037",
                    "035f045b-c975-4766-b74e-66539174ad4c",
                    "0576060b-7298-40a6-b1d8-90a13ab86e6a"
                ],
                [
                    "6b833c1e-9e01-4a29-afc2-742a73439615",
                    "61a21f7c-ef38-4012-bb4b-a5e5933ab9ab",
                    "997a7343-39ac-4522-984e-60f6b2719b48",
                    "6f853a3b-c19d-4f59-89fa-b820609c3037",
                    "035f045b-c975-4766-b74e-66539174ad4c",
                    "0576060b-7298-40a6-b1d8-90a13ab86e6a"
                ],
                [
                    "6b833c1e-9e01-4a29-afc2-742a73439615",
                    "7b4c1c58-27e3-4ada-a6df-9daea463c6f5",
                    "997a7343-39ac-4522-984e-60f6b2719b48",
                    "6f853a3b-c19d-4f59-89fa-b820609c3037",
                    "035f045b-c975-4766-b74e-66539174ad4c",
                    "0576060b-7298-40a6-b1d8-90a13ab86e6a"
                ],
                [
                    "6b833c1e-9e01-4a29-afc2-742a73439615",
                    "c4a07ddf-cf45-4aba-b09f-dd2b43348489",
                    "997a7343-39ac-4522-984e-60f6b2719b48",
                    "6f853a3b-c19d-4f59-89fa-b820609c3037",
                    "035f045b-c975-4766-b74e-66539174ad4c",
                    "0576060b-7298-40a6-b1d8-90a13ab86e6a"
                ],
                [
                    "6b833c1e-9e01-4a29-afc2-742a73439615",
                    "656b235a-c726-4a85-88ce-42ff58a93e95",
                    "7b4c1c58-27e3-4ada-a6df-9daea463c6f5",
                    "6f853a3b-c19d-4f59-89fa-b820609c3037",
                    "035f045b-c975-4766-b74e-66539174ad4c",
                    "0576060b-7298-40a6-b1d8-90a13ab86e6a"
                ],
                [
                    "6b833c1e-9e01-4a29-afc2-742a73439615",
                    "656b235a-c726-4a85-88ce-42ff58a93e95",
                    "997a7343-39ac-4522-984e-60f6b2719b48",
                    "6f853a3b-c19d-4f59-89fa-b820609c3037",
                    "035f045b-c975-4766-b74e-66539174ad4c",
                    "0576060b-7298-40a6-b1d8-90a13ab86e6a"
                ],
                [
                    "6b833c1e-9e01-4a29-afc2-742a73439615",
                    "61a21f7c-ef38-4012-bb4b-a5e5933ab9ab",
                    "c4a07ddf-cf45-4aba-b09f-dd2b43348489",
                    "6f853a3b-c19d-4f59-89fa-b820609c3037",
                    "035f045b-c975-4766-b74e-66539174ad4c",
                    "0576060b-7298-40a6-b1d8-90a13ab86e6a"
                ]
            ]
        },
        {
            "output_tuple": [
                "ESWS"
            ],
            "tuple_id": "94aa6dfb-ff06-5ccb-b217-77c863901db2",
            "dnf": [
                [
                    "1101fd94-c174-4f9a-990e-2aecad563bcb",
                    "9a1aba4b-0269-4c09-8c31-487a6de003ea",
                    "6533156b-f574-4f23-a7e3-16c2626bba5b",
                    "414129bc-b8ac-4110-9e72-8f0416f3f307",
                    "7b8934db-5ff6-4617-9139-92c9bacb73e7",
                    "0576060b-7298-40a6-b1d8-90a13ab86e6a"
                ]
            ]
        },
        {
            "output_tuple": [
                "BTW"
            ],
            "tuple_id": "a3930ffb-1be8-59d6-9bf8-515cccdc7c0a",
            "dnf": [
                [
                    "6b833c1e-9e01-4a29-afc2-742a73439615",
                    "c87a8727-3c65-49f2-9f5e-26c6d212abda",
                    "7b4c1c58-27e3-4ada-a6df-9daea463c6f5",
                    "16cb0e4e-ab8b-40b3-bba9-c04d5b1915b4",
                    "0d8d9d2e-6609-430c-9255-743d94f3744d",
                    "0576060b-7298-40a6-b1d8-90a13ab86e6a"
                ]
            ]
        },
        {
            "output_tuple": [
                "SDMW"
            ],
            "tuple_id": "a3f3106a-aab4-5f7b-8b06-cb28812886b9",
            "dnf": [
                [
                    "7220cedf-4f98-4edc-9b13-fa5c19ed15fd",
                    "ffa223a8-4783-4e05-92ab-d56846a018db",
                    "6930850c-0fb2-4dba-842f-0d8891672478",
                    "3e9af605-8c7a-454b-bc14-27cf4e44a2fc",
                    "c083a454-77c5-4eec-8b4d-4500164920bb",
                    "0576060b-7298-40a6-b1d8-90a13ab86e6a"
                ]
            ]
        },
        {
            "output_tuple": [
                "ACIIDS"
            ],
            "tuple_id": "f1bf751a-c9b9-56ee-a5bc-9e9dae441d46",
            "dnf": [
                [
                    "441cab9e-a739-434d-bedf-ba43d61c410c",
                    "3c253473-cea8-41f4-ab48-a33eb9bb28f5",
                    "eedd5614-5ed8-435e-a5d9-63a24a46f8e9",
                    "24599d35-6938-4c5e-8f26-d0f60a8fc4d6",
                    "79feaa4e-6f01-42e9-91a5-1b6cd0fceb32",
                    "0576060b-7298-40a6-b1d8-90a13ab86e6a"
                ]
            ]
        },
        {
            "output_tuple": [
                "EDBT"
            ],
            "tuple_id": "f543f49b-9573-5320-8660-dc180a8065e0",
            "dnf": [
                [
                    "7bdb777a-01ca-4937-aae3-b724611f2ba4",
                    "c39e7e92-5424-4a9f-b0e7-0f8a05e9017a",
                    "a60003be-d878-408d-a44f-b84ac9153517",
                    "adfb1cd6-9548-4cd2-87bf-b7577755a261",
                    "0d960ad3-c06e-4218-acde-c8a20f235f01",
                    "0576060b-7298-40a6-b1d8-90a13ab86e6a"
                ],
                [
                    "7bdb777a-01ca-4937-aae3-b724611f2ba4",
                    "cb6a262b-a0ff-49a1-a9cb-bae6df29b7e0",
                    "a60003be-d878-408d-a44f-b84ac9153517",
                    "adfb1cd6-9548-4cd2-87bf-b7577755a261",
                    "0d960ad3-c06e-4218-acde-c8a20f235f01",
                    "0576060b-7298-40a6-b1d8-90a13ab86e6a"
                ],
                [
                    "7bdb777a-01ca-4937-aae3-b724611f2ba4",
                    "f844b5c2-ff80-4ce8-9950-e4cf2347bb37",
                    "a60003be-d878-408d-a44f-b84ac9153517",
                    "adfb1cd6-9548-4cd2-87bf-b7577755a261",
                    "0d960ad3-c06e-4218-acde-c8a20f235f01",
                    "0576060b-7298-40a6-b1d8-90a13ab86e6a"
                ],
                [
                    "7bdb777a-01ca-4937-aae3-b724611f2ba4",
                    "cb6a262b-a0ff-49a1-a9cb-bae6df29b7e0",
                    "f844b5c2-ff80-4ce8-9950-e4cf2347bb37",
                    "adfb1cd6-9548-4cd2-87bf-b7577755a261",
                    "0d960ad3-c06e-4218-acde-c8a20f235f01",
                    "0576060b-7298-40a6-b1d8-90a13ab86e6a"
                ],
                [
                    "49ee4cb6-7d44-4f07-bb15-d346ae531cca",
                    "7f19c952-494f-4f1c-9971-d23964d41306",
                    "3e5e9813-2c4d-4a7f-b2fb-67d0b8f46874",
                    "28a0b1af-27e9-4306-9c25-c02a2332cdca",
                    "0d960ad3-c06e-4218-acde-c8a20f235f01",
                    "0576060b-7298-40a6-b1d8-90a13ab86e6a"
                ],
                [
                    "7bdb777a-01ca-4937-aae3-b724611f2ba4",
                    "cb6a262b-a0ff-49a1-a9cb-bae6df29b7e0",
                    "c39e7e92-5424-4a9f-b0e7-0f8a05e9017a",
                    "adfb1cd6-9548-4cd2-87bf-b7577755a261",
                    "0d960ad3-c06e-4218-acde-c8a20f235f01",
                    "0576060b-7298-40a6-b1d8-90a13ab86e6a"
                ],
                [
                    "7bdb777a-01ca-4937-aae3-b724611f2ba4",
                    "f844b5c2-ff80-4ce8-9950-e4cf2347bb37",
                    "c39e7e92-5424-4a9f-b0e7-0f8a05e9017a",
                    "adfb1cd6-9548-4cd2-87bf-b7577755a261",
                    "0d960ad3-c06e-4218-acde-c8a20f235f01",
                    "0576060b-7298-40a6-b1d8-90a13ab86e6a"
                ],
                [
                    "49ee4cb6-7d44-4f07-bb15-d346ae531cca",
                    "84bc1c2d-d77d-45b3-b6d0-d4b23b76934c",
                    "3e5e9813-2c4d-4a7f-b2fb-67d0b8f46874",
                    "28a0b1af-27e9-4306-9c25-c02a2332cdca",
                    "0d960ad3-c06e-4218-acde-c8a20f235f01",
                    "0576060b-7298-40a6-b1d8-90a13ab86e6a"
                ],
                [
                    "49ee4cb6-7d44-4f07-bb15-d346ae531cca",
                    "7f19c952-494f-4f1c-9971-d23964d41306",
                    "84bc1c2d-d77d-45b3-b6d0-d4b23b76934c",
                    "28a0b1af-27e9-4306-9c25-c02a2332cdca",
                    "0d960ad3-c06e-4218-acde-c8a20f235f01",
                    "0576060b-7298-40a6-b1d8-90a13ab86e6a"
                ]
            ]
        },
        {
            "output_tuple": [
                "HICSS"
            ],
            "tuple_id": "faa4ee85-1b63-530f-b0cd-1d93cdcbb17a",
            "dnf": [
                [
                    "2b067761-5fd8-43df-99cb-616dc85666ec",
                    "1c4f08aa-c130-40c4-8311-6b9465d00b4f",
                    "9b6e6006-e8fa-4d70-bc68-4546519f4bd9",
                    "0025e486-05ee-43a8-b3f2-112689bef870",
                    "f1ee7927-ec2b-4c8a-96be-84718cfe23a1",
                    "0576060b-7298-40a6-b1d8-90a13ab86e6a"
                ]
            ]
        },
        {
            "output_tuple": [
                "RCIS"
            ],
            "tuple_id": "fc8bc2bb-a6cb-5771-9c61-07225991472b",
            "dnf": [
                [
                    "c03f99c0-449d-49b0-a5e7-590bff7ac0c1",
                    "4c56af02-cba6-42eb-89b4-eb8dd1ea4735",
                    "994659ea-0c11-4767-af23-21780bcee67a",
                    "3784f1d9-4346-49e7-9a06-820ae02596f8",
                    "34612709-fe62-41d6-a889-9978c79b32f1",
                    "0576060b-7298-40a6-b1d8-90a13ab86e6a"
                ]
            ]
        }
    ]
}