{
    "query_name": "7a_organization_continent",
    "query_sql": "SELECT \n\torganization.continent \nFROM \n\torganization, author as author1, writes as writes1, author as author2, writes as writes2, publication, conference, domain_conference, domain \nWHERE\n\torganization.oid = author1.oid \n\tAND organization.oid = author2.oid\n    AND author1.name < author2.name\n    AND author1.aid = writes1.aid\n    AND author2.aid = writes2.aid\n    AND writes1.pid = publication.pid\n    AND writes2.pid = publication.pid\n    AND publication.cid = conference.cid\n    AND conference.cid = domain_conference.cid\n    AND domain_conference.did = domain.did\n    AND organization.citation_count > 1000\n    AND publication.citation_count > 1\n    AND domain.name = 'Databases'\n    and publication.year > 2010\nGROUP BY organization.continent ",
    "results": [
        {
            "output_tuple": [
                "North America"
            ],
            "tuple_id": "4ed6ab09-a958-574d-adeb-ed027c37053b",
            "dnf": [
                [
                    "4807f12d-37fe-48a2-8dd4-1f9e2ba72d2f",
                    "c94672d6-7fae-40c0-a9c5-b1127985911f",
                    "77b715af-5099-4b49-b992-394c77dc9a74",
                    "00f20421-549d-43c8-b9d0-547b54f3a15f",
                    "107a143b-3fee-4790-9d51-e98e12f1bd60",
                    "362a5cd8-b838-42df-8ec9-8a393b180c84"
                ],
                [
                    "14ae5a62-f33f-43be-878e-2f19a922e6d5",
                    "c3d40f7e-d762-4938-ac9c-1d8ded17ea13",
                    "185453ff-ed67-430d-8977-465a0f63cd4c",
                    "99d47b81-b34e-46bb-b7eb-08d3c44cfb80",
                    "f1b25053-5450-4471-ae0f-941aa481128e",
                    "362a5cd8-b838-42df-8ec9-8a393b180c84"
                ],
                [
                    "e79cfd0a-7a50-4f90-af7c-370ea9a25a7a",
                    "de4b4086-dc52-4512-b29a-af550e33d31e",
                    "ef70dc3b-1e65-41e3-966b-46c4df02db5c",
                    "2a954644-92a8-4b4c-a182-7bbf76dbfc02",
                    "f1b25053-5450-4471-ae0f-941aa481128e",
                    "362a5cd8-b838-42df-8ec9-8a393b180c84"
                ],
                [
                    "e79cfd0a-7a50-4f90-af7c-370ea9a25a7a",
                    "de4b4086-dc52-4512-b29a-af550e33d31e",
                    "c74c7fe7-22f4-4693-a63a-ba12f3460138",
                    "2a954644-92a8-4b4c-a182-7bbf76dbfc02",
                    "f1b25053-5450-4471-ae0f-941aa481128e",
                    "362a5cd8-b838-42df-8ec9-8a393b180c84"
                ],
                [
                    "14ae5a62-f33f-43be-878e-2f19a922e6d5",
                    "40719076-9975-44e1-b605-9016b38b62b4",
                    "47e43e4a-e423-4243-a69a-dbfc56264d63",
                    "5cd4e49f-7ce0-48e1-848a-396c7ea6cf47",
                    "fdec7532-8925-4444-8c81-7669a29bb599",
                    "362a5cd8-b838-42df-8ec9-8a393b180c84"
                ],
                [
                    "fc21f6ce-0876-4da9-aaf2-3d8ef1eb4c83",
                    "338254a5-cae6-4912-bbdb-f5bc26a3b047",
                    "05b56992-c804-465e-8e1e-c4a068b47ea9",
                    "86085ec3-81da-4079-b047-46503fc7c0e6",
                    "693a953c-3de6-4f07-b678-086ba61826c0",
                    "362a5cd8-b838-42df-8ec9-8a393b180c84"
                ],
                [
                    "4807f12d-37fe-48a2-8dd4-1f9e2ba72d2f",
                    "d7ffcfd0-9433-4008-a21b-85c1afdffada",
                    "8434a921-3522-4dd7-b132-c00005b53a78",
                    "00f20421-549d-43c8-b9d0-547b54f3a15f",
                    "107a143b-3fee-4790-9d51-e98e12f1bd60",
                    "362a5cd8-b838-42df-8ec9-8a393b180c84"
                ],
                [
                    "4807f12d-37fe-48a2-8dd4-1f9e2ba72d2f",
                    "d7ffcfd0-9433-4008-a21b-85c1afdffada",
                    "c94672d6-7fae-40c0-a9c5-b1127985911f",
                    "00f20421-549d-43c8-b9d0-547b54f3a15f",
                    "107a143b-3fee-4790-9d51-e98e12f1bd60",
                    "362a5cd8-b838-42df-8ec9-8a393b180c84"
                ],
                [
                    "fc21f6ce-0876-4da9-aaf2-3d8ef1eb4c83",
                    "675cb6ff-3358-4771-9da9-841918d8b7a6",
                    "53731fa7-6d5c-473c-b951-11b8836a7caf",
                    "86085ec3-81da-4079-b047-46503fc7c0e6",
                    "693a953c-3de6-4f07-b678-086ba61826c0",
                    "362a5cd8-b838-42df-8ec9-8a393b180c84"
                ],
                [
                    "4807f12d-37fe-48a2-8dd4-1f9e2ba72d2f",
                    "c94672d6-7fae-40c0-a9c5-b1127985911f",
                    "8434a921-3522-4dd7-b132-c00005b53a78",
                    "00f20421-549d-43c8-b9d0-547b54f3a15f",
                    "107a143b-3fee-4790-9d51-e98e12f1bd60",
                    "362a5cd8-b838-42df-8ec9-8a393b180c84"
                ],
                [
                    "e28739a8-631b-42dd-b622-a20d4bda2b75",
                    "39e7f613-39ff-460c-9e82-e5557e25401f",
                    "6ad920bc-2e3a-4910-a562-b7a1b249cf5f",
                    "1ca46440-4fe4-41e3-ad76-83da850218a5",
                    "f1b25053-5450-4471-ae0f-941aa481128e",
                    "362a5cd8-b838-42df-8ec9-8a393b180c84"
                ],
                [
                    "fc21f6ce-0876-4da9-aaf2-3d8ef1eb4c83",
                    "76e5803e-5c72-42bb-82ac-7c64b4957b51",
                    "53731fa7-6d5c-473c-b951-11b8836a7caf",
                    "86085ec3-81da-4079-b047-46503fc7c0e6",
                    "693a953c-3de6-4f07-b678-086ba61826c0",
                    "362a5cd8-b838-42df-8ec9-8a393b180c84"
                ],
                [
                    "fc21f6ce-0876-4da9-aaf2-3d8ef1eb4c83",
                    "76e5803e-5c72-42bb-82ac-7c64b4957b51",
                    "05b56992-c804-465e-8e1e-c4a068b47ea9",
                    "86085ec3-81da-4079-b047-46503fc7c0e6",
                    "693a953c-3de6-4f07-b678-086ba61826c0",
                    "362a5cd8-b838-42df-8ec9-8a393b180c84"
                ],
                [
                    "fc21f6ce-0876-4da9-aaf2-3d8ef1eb4c83",
                    "675cb6ff-3358-4771-9da9-841918d8b7a6",
                    "05b56992-c804-465e-8e1e-c4a068b47ea9",
                    "86085ec3-81da-4079-b047-46503fc7c0e6",
                    "693a953c-3de6-4f07-b678-086ba61826c0",
                    "362a5cd8-b838-42df-8ec9-8a393b180c84"
                ],
                [
                    "07008d5a-1960-4f12-a68c-c16920f6b6d5",
                    "a1daf330-79c0-47e4-91f9-3caaf2a160f9",
                    "d7a40356-28d2-4996-ab33-cd0f6a08c3f2",
                    "aca93861-5b69-4937-bdb1-d210e47ee01a",
                    "f1b25053-5450-4471-ae0f-941aa481128e",
                    "362a5cd8-b838-42df-8ec9-8a393b180c84"
                ],
                [
                    "4807f12d-37fe-48a2-8dd4-1f9e2ba72d2f",
                    "d7ffcfd0-9433-4008-a21b-85c1afdffada",
                    "77b715af-5099-4b49-b992-394c77dc9a74",
                    "00f20421-549d-43c8-b9d0-547b54f3a15f",
                    "107a143b-3fee-4790-9d51-e98e12f1bd60",
                    "362a5cd8-b838-42df-8ec9-8a393b180c84"
                ],
                [
                    "07008d5a-1960-4f12-a68c-c16920f6b6d5",
                    "2b1fc355-dfe5-453a-8e73-22f4a25af4ad",
                    "d7a40356-28d2-4996-ab33-cd0f6a08c3f2",
                    "aca93861-5b69-4937-bdb1-d210e47ee01a",
                    "f1b25053-5450-4471-ae0f-941aa481128e",
                    "362a5cd8-b838-42df-8ec9-8a393b180c84"
                ],
                [
                    "07008d5a-1960-4f12-a68c-c16920f6b6d5",
                    "e698c1c7-1159-4254-88ab-65cb724afd4a",
                    "a1daf330-79c0-47e4-91f9-3caaf2a160f9",
                    "aca93861-5b69-4937-bdb1-d210e47ee01a",
                    "f1b25053-5450-4471-ae0f-941aa481128e",
                    "362a5cd8-b838-42df-8ec9-8a393b180c84"
                ],
                [
                    "07008d5a-1960-4f12-a68c-c16920f6b6d5",
                    "e698c1c7-1159-4254-88ab-65cb724afd4a",
                    "d7a40356-28d2-4996-ab33-cd0f6a08c3f2",
                    "aca93861-5b69-4937-bdb1-d210e47ee01a",
                    "f1b25053-5450-4471-ae0f-941aa481128e",
                    "362a5cd8-b838-42df-8ec9-8a393b180c84"
                ],
                [
                    "14ae5a62-f33f-43be-878e-2f19a922e6d5",
                    "185453ff-ed67-430d-8977-465a0f63cd4c",
                    "d89ba0f0-2cb6-43e1-a1ef-8c07ef09b435",
                    "99d47b81-b34e-46bb-b7eb-08d3c44cfb80",
                    "f1b25053-5450-4471-ae0f-941aa481128e",
                    "362a5cd8-b838-42df-8ec9-8a393b180c84"
                ],
                [
                    "fc21f6ce-0876-4da9-aaf2-3d8ef1eb4c83",
                    "76e5803e-5c72-42bb-82ac-7c64b4957b51",
                    "675cb6ff-3358-4771-9da9-841918d8b7a6",
                    "86085ec3-81da-4079-b047-46503fc7c0e6",
                    "693a953c-3de6-4f07-b678-086ba61826c0",
                    "362a5cd8-b838-42df-8ec9-8a393b180c84"
                ],
                [
                    "9b2e8c42-120e-4043-b1d7-a2c37e511121",
                    "8b06b171-a5d8-449d-8379-833cf0e48f13",
                    "5b0f36bc-5dc8-4619-a4de-0c113791a10c",
                    "d166408f-8844-4878-8db0-dfa32508c453",
                    "506c2f00-a8bf-4ae7-8446-2cde964f36d4",
                    "362a5cd8-b838-42df-8ec9-8a393b180c84"
                ],
                [
                    "07008d5a-1960-4f12-a68c-c16920f6b6d5",
                    "d123bf44-e64d-4cf8-b9b7-4a2a2f7caa9d",
                    "d7a40356-28d2-4996-ab33-cd0f6a08c3f2",
                    "aca93861-5b69-4937-bdb1-d210e47ee01a",
                    "f1b25053-5450-4471-ae0f-941aa481128e",
                    "362a5cd8-b838-42df-8ec9-8a393b180c84"
                ],
                [
                    "fc21f6ce-0876-4da9-aaf2-3d8ef1eb4c83",
                    "338254a5-cae6-4912-bbdb-f5bc26a3b047",
                    "76e5803e-5c72-42bb-82ac-7c64b4957b51",
                    "86085ec3-81da-4079-b047-46503fc7c0e6",
                    "693a953c-3de6-4f07-b678-086ba61826c0",
                    "362a5cd8-b838-42df-8ec9-8a393b180c84"
                ],
                [
                    "7249b908-e3ee-44ea-8b84-0a4294100040",
                    "0bad6e5c-85df-4103-b07c-b92950fb516a",
                    "b04b2c88-b589-471f-bb6c-4775b446a313",
                    "08c26dd0-2018-4ca4-ad2b-2d59b9b4daca",
                    "f1b25053-5450-4471-ae0f-941aa481128e",
                    "362a5cd8-b838-42df-8ec9-8a393b180c84"
                ],
                [
                    "fc21f6ce-0876-4da9-aaf2-3d8ef1eb4c83",
                    "338254a5-cae6-4912-bbdb-f5bc26a3b047",
                    "53731fa7-6d5c-473c-b951-11b8836a7caf",
                    "86085ec3-81da-4079-b047-46503fc7c0e6",
                    "693a953c-3de6-4f07-b678-086ba61826c0",
                    "362a5cd8-b838-42df-8ec9-8a393b180c84"
                ],
                [
                    "c0a5bab1-8de4-46d5-87d0-af62d7faa00f",
                    "aba2978b-f5f8-46cd-ba4f-71aaa283ba4e",
                    "07e23de6-c39d-4675-a338-36d99b4f8754",
                    "37e3e89e-50c9-4bc6-8f3f-30ee3b7be9d6",
                    "a2799adf-fbc9-439d-9d62-fef5084860df",
                    "362a5cd8-b838-42df-8ec9-8a393b180c84"
                ],
                [
                    "07008d5a-1960-4f12-a68c-c16920f6b6d5",
                    "2b1fc355-dfe5-453a-8e73-22f4a25af4ad",
                    "d123bf44-e64d-4cf8-b9b7-4a2a2f7caa9d",
                    "aca93861-5b69-4937-bdb1-d210e47ee01a",
                    "f1b25053-5450-4471-ae0f-941aa481128e",
                    "362a5cd8-b838-42df-8ec9-8a393b180c84"
                ],
                [
                    "07008d5a-1960-4f12-a68c-c16920f6b6d5",
                    "2b1fc355-dfe5-453a-8e73-22f4a25af4ad",
                    "a1daf330-79c0-47e4-91f9-3caaf2a160f9",
                    "aca93861-5b69-4937-bdb1-d210e47ee01a",
                    "f1b25053-5450-4471-ae0f-941aa481128e",
                    "362a5cd8-b838-42df-8ec9-8a393b180c84"
                ],
                [
                    "4807f12d-37fe-48a2-8dd4-1f9e2ba72d2f",
                    "8434a921-3522-4dd7-b132-c00005b53a78",
                    "77b715af-5099-4b49-b992-394c77dc9a74",
                    "00f20421-549d-43c8-b9d0-547b54f3a15f",
                    "107a143b-3fee-4790-9d51-e98e12f1bd60",
                    "362a5cd8-b838-42df-8ec9-8a393b180c84"
                ],
                [
                    "07008d5a-1960-4f12-a68c-c16920f6b6d5",
                    "2b1fc355-dfe5-453a-8e73-22f4a25af4ad",
                    "e698c1c7-1159-4254-88ab-65cb724afd4a",
                    "aca93861-5b69-4937-bdb1-d210e47ee01a",
                    "f1b25053-5450-4471-ae0f-941aa481128e",
                    "362a5cd8-b838-42df-8ec9-8a393b180c84"
                ],
                [
                    "07008d5a-1960-4f12-a68c-c16920f6b6d5",
                    "e698c1c7-1159-4254-88ab-65cb724afd4a",
                    "d123bf44-e64d-4cf8-b9b7-4a2a2f7caa9d",
                    "aca93861-5b69-4937-bdb1-d210e47ee01a",
                    "f1b25053-5450-4471-ae0f-941aa481128e",
                    "362a5cd8-b838-42df-8ec9-8a393b180c84"
                ],
                [
                    "fc21f6ce-0876-4da9-aaf2-3d8ef1eb4c83",
                    "05b56992-c804-465e-8e1e-c4a068b47ea9",
                    "53731fa7-6d5c-473c-b951-11b8836a7caf",
                    "86085ec3-81da-4079-b047-46503fc7c0e6",
                    "693a953c-3de6-4f07-b678-086ba61826c0",
                    "362a5cd8-b838-42df-8ec9-8a393b180c84"
                ],
                [
                    "fc21f6ce-0876-4da9-aaf2-3d8ef1eb4c83",
                    "338254a5-cae6-4912-bbdb-f5bc26a3b047",
                    "675cb6ff-3358-4771-9da9-841918d8b7a6",
                    "86085ec3-81da-4079-b047-46503fc7c0e6",
                    "693a953c-3de6-4f07-b678-086ba61826c0",
                    "362a5cd8-b838-42df-8ec9-8a393b180c84"
                ],
                [
                    "07008d5a-1960-4f12-a68c-c16920f6b6d5",
                    "d123bf44-e64d-4cf8-b9b7-4a2a2f7caa9d",
                    "a1daf330-79c0-47e4-91f9-3caaf2a160f9",
                    "aca93861-5b69-4937-bdb1-d210e47ee01a",
                    "f1b25053-5450-4471-ae0f-941aa481128e",
                    "362a5cd8-b838-42df-8ec9-8a393b180c84"
                ],
                [
                    "e79cfd0a-7a50-4f90-af7c-370ea9a25a7a",
                    "c74c7fe7-22f4-4693-a63a-ba12f3460138",
                    "ef70dc3b-1e65-41e3-966b-46c4df02db5c",
                    "2a954644-92a8-4b4c-a182-7bbf76dbfc02",
                    "f1b25053-5450-4471-ae0f-941aa481128e",
                    "362a5cd8-b838-42df-8ec9-8a393b180c84"
                ],
                [
                    "14ae5a62-f33f-43be-878e-2f19a922e6d5",
                    "c3d40f7e-d762-4938-ac9c-1d8ded17ea13",
                    "d89ba0f0-2cb6-43e1-a1ef-8c07ef09b435",
                    "99d47b81-b34e-46bb-b7eb-08d3c44cfb80",
                    "f1b25053-5450-4471-ae0f-941aa481128e",
                    "362a5cd8-b838-42df-8ec9-8a393b180c84"
                ]
            ]
        },
        {
            "output_tuple": [
                "Asia & Oceania"
            ],
            "tuple_id": "aa12c5bc-7271-53f2-b250-10bc317c874b",
            "dnf": [
                [
                    "0401505a-ab96-4a64-9276-ef563bb1d2a6",
                    "6b9e32fc-54e6-425d-bd11-2010002bd14d",
                    "6d0c0896-5a69-41c0-be49-69d6a116feb7",
                    "5b3c9d6c-2927-4028-9c36-bb7baa160386",
                    "f1b25053-5450-4471-ae0f-941aa481128e",
                    "362a5cd8-b838-42df-8ec9-8a393b180c84"
                ],
                [
                    "0401505a-ab96-4a64-9276-ef563bb1d2a6",
                    "01d167f3-4ef8-46ef-8550-e6afc27fd078",
                    "6b9e32fc-54e6-425d-bd11-2010002bd14d",
                    "5b3c9d6c-2927-4028-9c36-bb7baa160386",
                    "f1b25053-5450-4471-ae0f-941aa481128e",
                    "362a5cd8-b838-42df-8ec9-8a393b180c84"
                ],
                [
                    "0401505a-ab96-4a64-9276-ef563bb1d2a6",
                    "01d167f3-4ef8-46ef-8550-e6afc27fd078",
                    "6d0c0896-5a69-41c0-be49-69d6a116feb7",
                    "5b3c9d6c-2927-4028-9c36-bb7baa160386",
                    "f1b25053-5450-4471-ae0f-941aa481128e",
                    "362a5cd8-b838-42df-8ec9-8a393b180c84"
                ]
            ]
        },
        {
            "output_tuple": [
                "Europe"
            ],
            "tuple_id": "f36790fe-a323-5c3e-b007-fba05e62e6e1",
            "dnf": [
                [
                    "a9c83f0e-1356-46ae-b18d-f1e1c214f6e7",
                    "5c9eedb7-d92d-4569-81a1-ebb9622291e6",
                    "e92f6595-8086-40fb-b571-3cf5df880549",
                    "27d84deb-4d9c-4567-b685-8530a590c281",
                    "b6c07a70-b9d7-4175-8e9b-0bdc54af3e8d",
                    "362a5cd8-b838-42df-8ec9-8a393b180c84"
                ],
                [
                    "6a211a36-99d5-44f6-aba9-d1341791dd75",
                    "6f802004-e577-4289-9d04-3d1d2325a33d",
                    "44d841a2-a8f3-4146-a60b-085b225adeb1",
                    "4aa6999c-498e-4ece-a9c3-850ad00fa442",
                    "992d7710-cee2-423d-aca0-6d5d100028e4",
                    "362a5cd8-b838-42df-8ec9-8a393b180c84"
                ],
                [
                    "dfdda784-7ba6-4704-bdc3-553e82d3289f",
                    "5f516152-b437-4a87-8322-1668e9a9969c",
                    "70a57277-44ab-4b93-9305-39cdf289aca7",
                    "79d1f9a6-edf3-4ed3-9ab3-d4cc843d6898",
                    "f1b25053-5450-4471-ae0f-941aa481128e",
                    "362a5cd8-b838-42df-8ec9-8a393b180c84"
                ],
                [
                    "c73b7082-749b-4e8c-9b20-da85d362a42f",
                    "08990fb9-d4d4-45d5-9b57-e3d2af5e96dd",
                    "9e9544e8-8485-4cb8-85be-e128fc88ef2d",
                    "0acada34-5bde-44d9-9eda-7b1f6c1f95f8",
                    "0270ee26-3644-4441-832e-9e2d9600be53",
                    "362a5cd8-b838-42df-8ec9-8a393b180c84"
                ],
                [
                    "a9c83f0e-1356-46ae-b18d-f1e1c214f6e7",
                    "5c9eedb7-d92d-4569-81a1-ebb9622291e6",
                    "7d59a1db-d68a-4094-89fc-4985d163e2db",
                    "27d84deb-4d9c-4567-b685-8530a590c281",
                    "b6c07a70-b9d7-4175-8e9b-0bdc54af3e8d",
                    "362a5cd8-b838-42df-8ec9-8a393b180c84"
                ],
                [
                    "e2dab7bc-5f75-4e38-ac01-610f99a364bb",
                    "4f70bd1d-faae-4c38-bf57-d039ce3cfc8a",
                    "3ad9ad0f-31fb-4986-a9b4-ffbdd6f02d6d",
                    "ec06e6cc-6e76-4bb5-a40d-e17703f204b6",
                    "f1b25053-5450-4471-ae0f-941aa481128e",
                    "362a5cd8-b838-42df-8ec9-8a393b180c84"
                ],
                [
                    "6a211a36-99d5-44f6-aba9-d1341791dd75",
                    "29be8722-31c5-4ebe-900d-60d39a7c7eef",
                    "6f802004-e577-4289-9d04-3d1d2325a33d",
                    "4aa6999c-498e-4ece-a9c3-850ad00fa442",
                    "992d7710-cee2-423d-aca0-6d5d100028e4",
                    "362a5cd8-b838-42df-8ec9-8a393b180c84"
                ],
                [
                    "6a211a36-99d5-44f6-aba9-d1341791dd75",
                    "6f802004-e577-4289-9d04-3d1d2325a33d",
                    "6a608ee2-6273-492d-b219-e3e80db20759",
                    "4aa6999c-498e-4ece-a9c3-850ad00fa442",
                    "992d7710-cee2-423d-aca0-6d5d100028e4",
                    "362a5cd8-b838-42df-8ec9-8a393b180c84"
                ],
                [
                    "ce27df15-4e93-4e4f-a308-663b62c6cf2c",
                    "dd2a07b8-fc73-4457-a5cd-7ec48e1adae9",
                    "d6beb4dc-f329-4303-a3a9-fd285f7fd4d5",
                    "bc9a8fb4-ed0c-4f1d-91fc-ce58aebb1073",
                    "a54822cb-cfe1-4e5f-a483-1174e6a36065",
                    "362a5cd8-b838-42df-8ec9-8a393b180c84"
                ],
                [
                    "6a211a36-99d5-44f6-aba9-d1341791dd75",
                    "29be8722-31c5-4ebe-900d-60d39a7c7eef",
                    "44d841a2-a8f3-4146-a60b-085b225adeb1",
                    "4aa6999c-498e-4ece-a9c3-850ad00fa442",
                    "992d7710-cee2-423d-aca0-6d5d100028e4",
                    "362a5cd8-b838-42df-8ec9-8a393b180c84"
                ],
                [
                    "e2dab7bc-5f75-4e38-ac01-610f99a364bb",
                    "5017287e-4d28-4f82-bd44-596ce81a638b",
                    "4f70bd1d-faae-4c38-bf57-d039ce3cfc8a",
                    "ec06e6cc-6e76-4bb5-a40d-e17703f204b6",
                    "f1b25053-5450-4471-ae0f-941aa481128e",
                    "362a5cd8-b838-42df-8ec9-8a393b180c84"
                ],
                [
                    "dfdda784-7ba6-4704-bdc3-553e82d3289f",
                    "5f516152-b437-4a87-8322-1668e9a9969c",
                    "ca19833e-eb97-498d-b336-a9523457fc7a",
                    "79d1f9a6-edf3-4ed3-9ab3-d4cc843d6898",
                    "f1b25053-5450-4471-ae0f-941aa481128e",
                    "362a5cd8-b838-42df-8ec9-8a393b180c84"
                ],
                [
                    "e2dab7bc-5f75-4e38-ac01-610f99a364bb",
                    "7e39a75d-e284-44c6-922c-ad418e68ed5d",
                    "4f70bd1d-faae-4c38-bf57-d039ce3cfc8a",
                    "ec06e6cc-6e76-4bb5-a40d-e17703f204b6",
                    "f1b25053-5450-4471-ae0f-941aa481128e",
                    "362a5cd8-b838-42df-8ec9-8a393b180c84"
                ],
                [
                    "6a211a36-99d5-44f6-aba9-d1341791dd75",
                    "89b0a766-8b99-4e51-90ee-a8bed5b2d60f",
                    "44d841a2-a8f3-4146-a60b-085b225adeb1",
                    "4aa6999c-498e-4ece-a9c3-850ad00fa442",
                    "992d7710-cee2-423d-aca0-6d5d100028e4",
                    "362a5cd8-b838-42df-8ec9-8a393b180c84"
                ],
                [
                    "cdb23810-e82d-4c5d-98ac-36bb144cd506",
                    "0cd736af-ea33-47e9-9c96-a99f86840f64",
                    "badaab21-6fef-458b-a79e-36f05616ee91",
                    "f71c2622-246d-4fe3-8a03-3b1f5e1b9548",
                    "107a143b-3fee-4790-9d51-e98e12f1bd60",
                    "362a5cd8-b838-42df-8ec9-8a393b180c84"
                ],
                [
                    "cdb23810-e82d-4c5d-98ac-36bb144cd506",
                    "0cd736af-ea33-47e9-9c96-a99f86840f64",
                    "badaab21-6fef-458b-a79e-36f05616ee91",
                    "c8b8abd6-7bbd-417f-9943-eac377ce38b5",
                    "f1b25053-5450-4471-ae0f-941aa481128e",
                    "362a5cd8-b838-42df-8ec9-8a393b180c84"
                ],
                [
                    "cdb23810-e82d-4c5d-98ac-36bb144cd506",
                    "f879b0f3-86b8-4508-a6bd-da956ae23e61",
                    "0cd736af-ea33-47e9-9c96-a99f86840f64",
                    "f71c2622-246d-4fe3-8a03-3b1f5e1b9548",
                    "107a143b-3fee-4790-9d51-e98e12f1bd60",
                    "362a5cd8-b838-42df-8ec9-8a393b180c84"
                ],
                [
                    "cdb23810-e82d-4c5d-98ac-36bb144cd506",
                    "f879b0f3-86b8-4508-a6bd-da956ae23e61",
                    "badaab21-6fef-458b-a79e-36f05616ee91",
                    "f71c2622-246d-4fe3-8a03-3b1f5e1b9548",
                    "107a143b-3fee-4790-9d51-e98e12f1bd60",
                    "362a5cd8-b838-42df-8ec9-8a393b180c84"
                ],
                [
                    "9019a674-09e6-4411-9b47-3bae6ca30e44",
                    "544a12cd-c839-4a62-a526-1e8fad944ebc",
                    "bc9f8f73-29d1-41b9-9fd0-abfcf922cb44",
                    "a563f79e-2e87-4c2d-a4b0-391493578253",
                    "f1b25053-5450-4471-ae0f-941aa481128e",
                    "362a5cd8-b838-42df-8ec9-8a393b180c84"
                ],
                [
                    "6a211a36-99d5-44f6-aba9-d1341791dd75",
                    "6f802004-e577-4289-9d04-3d1d2325a33d",
                    "89b0a766-8b99-4e51-90ee-a8bed5b2d60f",
                    "4aa6999c-498e-4ece-a9c3-850ad00fa442",
                    "992d7710-cee2-423d-aca0-6d5d100028e4",
                    "362a5cd8-b838-42df-8ec9-8a393b180c84"
                ],
                [
                    "cd68fead-0a21-4b3b-bc6b-4edfc1ddfaf2",
                    "56b211c4-485b-4b3d-9fa8-40dc215436d1",
                    "130f5cdc-d5b8-4a65-bab9-1bf29eec2f3b",
                    "632dfe0b-9d66-40fa-946a-ef35cf44f742",
                    "53bab805-bbe0-41bd-a009-1b5c7a65743a",
                    "362a5cd8-b838-42df-8ec9-8a393b180c84"
                ],
                [
                    "cdb23810-e82d-4c5d-98ac-36bb144cd506",
                    "f879b0f3-86b8-4508-a6bd-da956ae23e61",
                    "badaab21-6fef-458b-a79e-36f05616ee91",
                    "c8b8abd6-7bbd-417f-9943-eac377ce38b5",
                    "f1b25053-5450-4471-ae0f-941aa481128e",
                    "362a5cd8-b838-42df-8ec9-8a393b180c84"
                ],
                [
                    "e2dab7bc-5f75-4e38-ac01-610f99a364bb",
                    "5017287e-4d28-4f82-bd44-596ce81a638b",
                    "3ad9ad0f-31fb-4986-a9b4-ffbdd6f02d6d",
                    "ec06e6cc-6e76-4bb5-a40d-e17703f204b6",
                    "f1b25053-5450-4471-ae0f-941aa481128e",
                    "362a5cd8-b838-42df-8ec9-8a393b180c84"
                ],
                [
                    "6a211a36-99d5-44f6-aba9-d1341791dd75",
                    "5f77d59f-8fd4-4ddd-b508-7c39eba4ba68",
                    "44d841a2-a8f3-4146-a60b-085b225adeb1",
                    "fd85e7ee-8db5-43e4-98ab-0a180982ff1e",
                    "d2279692-21d2-4333-8d12-71e85f243465",
                    "362a5cd8-b838-42df-8ec9-8a393b180c84"
                ],
                [
                    "515eb7d3-ed0f-4104-b0c7-25ea6309d1a9",
                    "d9273f62-93b4-4a69-8a20-b62643d7299a",
                    "95764b60-44af-4014-812e-63475c9cf0b8",
                    "4a1781ce-75f6-44f1-b2b1-dc69d28558d4",
                    "0f00a1ed-7185-4bbc-b557-208b1364c16c",
                    "362a5cd8-b838-42df-8ec9-8a393b180c84"
                ],
                [
                    "6a211a36-99d5-44f6-aba9-d1341791dd75",
                    "29be8722-31c5-4ebe-900d-60d39a7c7eef",
                    "89b0a766-8b99-4e51-90ee-a8bed5b2d60f",
                    "4aa6999c-498e-4ece-a9c3-850ad00fa442",
                    "992d7710-cee2-423d-aca0-6d5d100028e4",
                    "362a5cd8-b838-42df-8ec9-8a393b180c84"
                ],
                [
                    "6a211a36-99d5-44f6-aba9-d1341791dd75",
                    "29be8722-31c5-4ebe-900d-60d39a7c7eef",
                    "6a608ee2-6273-492d-b219-e3e80db20759",
                    "4aa6999c-498e-4ece-a9c3-850ad00fa442",
                    "992d7710-cee2-423d-aca0-6d5d100028e4",
                    "362a5cd8-b838-42df-8ec9-8a393b180c84"
                ],
                [
                    "6a211a36-99d5-44f6-aba9-d1341791dd75",
                    "44d841a2-a8f3-4146-a60b-085b225adeb1",
                    "6a608ee2-6273-492d-b219-e3e80db20759",
                    "4aa6999c-498e-4ece-a9c3-850ad00fa442",
                    "992d7710-cee2-423d-aca0-6d5d100028e4",
                    "362a5cd8-b838-42df-8ec9-8a393b180c84"
                ],
                [
                    "a9c83f0e-1356-46ae-b18d-f1e1c214f6e7",
                    "e92f6595-8086-40fb-b571-3cf5df880549",
                    "7d59a1db-d68a-4094-89fc-4985d163e2db",
                    "27d84deb-4d9c-4567-b685-8530a590c281",
                    "b6c07a70-b9d7-4175-8e9b-0bdc54af3e8d",
                    "362a5cd8-b838-42df-8ec9-8a393b180c84"
                ],
                [
                    "cd68fead-0a21-4b3b-bc6b-4edfc1ddfaf2",
                    "56b211c4-485b-4b3d-9fa8-40dc215436d1",
                    "5bee2114-428d-4f9d-b7d1-ca2c1d424d52",
                    "632dfe0b-9d66-40fa-946a-ef35cf44f742",
                    "53bab805-bbe0-41bd-a009-1b5c7a65743a",
                    "362a5cd8-b838-42df-8ec9-8a393b180c84"
                ],
                [
                    "6a211a36-99d5-44f6-aba9-d1341791dd75",
                    "89b0a766-8b99-4e51-90ee-a8bed5b2d60f",
                    "6a608ee2-6273-492d-b219-e3e80db20759",
                    "4aa6999c-498e-4ece-a9c3-850ad00fa442",
                    "992d7710-cee2-423d-aca0-6d5d100028e4",
                    "362a5cd8-b838-42df-8ec9-8a393b180c84"
                ],
                [
                    "dfdda784-7ba6-4704-bdc3-553e82d3289f",
                    "ca19833e-eb97-498d-b336-a9523457fc7a",
                    "70a57277-44ab-4b93-9305-39cdf289aca7",
                    "79d1f9a6-edf3-4ed3-9ab3-d4cc843d6898",
                    "f1b25053-5450-4471-ae0f-941aa481128e",
                    "362a5cd8-b838-42df-8ec9-8a393b180c84"
                ],
                [
                    "9019a674-09e6-4411-9b47-3bae6ca30e44",
                    "67e3e92f-5a97-4802-bf0c-03538bea9d25",
                    "bc9f8f73-29d1-41b9-9fd0-abfcf922cb44",
                    "a563f79e-2e87-4c2d-a4b0-391493578253",
                    "f1b25053-5450-4471-ae0f-941aa481128e",
                    "362a5cd8-b838-42df-8ec9-8a393b180c84"
                ],
                [
                    "12b1c540-df1a-4b39-8539-1362bfa220ed",
                    "3edc19fd-a0ad-4f09-bdda-fb5479e88c9d",
                    "0ce3e931-c3fb-492b-b932-4a2122f7c129",
                    "90ebb7d1-01ef-4653-bb07-a006680593c4",
                    "d6bee5aa-bb5a-4799-b68f-b2a2922295b5",
                    "362a5cd8-b838-42df-8ec9-8a393b180c84"
                ],
                [
                    "9019a674-09e6-4411-9b47-3bae6ca30e44",
                    "544a12cd-c839-4a62-a526-1e8fad944ebc",
                    "67e3e92f-5a97-4802-bf0c-03538bea9d25",
                    "a563f79e-2e87-4c2d-a4b0-391493578253",
                    "f1b25053-5450-4471-ae0f-941aa481128e",
                    "362a5cd8-b838-42df-8ec9-8a393b180c84"
                ],
                [
                    "dfdda784-7ba6-4704-bdc3-553e82d3289f",
                    "5f516152-b437-4a87-8322-1668e9a9969c",
                    "ca19833e-eb97-498d-b336-a9523457fc7a",
                    "ab3daef2-2974-4cae-92e0-9f72cd84b98d",
                    "693a953c-3de6-4f07-b678-086ba61826c0",
                    "362a5cd8-b838-42df-8ec9-8a393b180c84"
                ],
                [
                    "e2dab7bc-5f75-4e38-ac01-610f99a364bb",
                    "7e39a75d-e284-44c6-922c-ad418e68ed5d",
                    "3ad9ad0f-31fb-4986-a9b4-ffbdd6f02d6d",
                    "ec06e6cc-6e76-4bb5-a40d-e17703f204b6",
                    "f1b25053-5450-4471-ae0f-941aa481128e",
                    "362a5cd8-b838-42df-8ec9-8a393b180c84"
                ],
                [
                    "cdb23810-e82d-4c5d-98ac-36bb144cd506",
                    "f879b0f3-86b8-4508-a6bd-da956ae23e61",
                    "0cd736af-ea33-47e9-9c96-a99f86840f64",
                    "c8b8abd6-7bbd-417f-9943-eac377ce38b5",
                    "f1b25053-5450-4471-ae0f-941aa481128e",
                    "362a5cd8-b838-42df-8ec9-8a393b180c84"
                ],
                [
                    "cd68fead-0a21-4b3b-bc6b-4edfc1ddfaf2",
                    "5bee2114-428d-4f9d-b7d1-ca2c1d424d52",
                    "130f5cdc-d5b8-4a65-bab9-1bf29eec2f3b",
                    "632dfe0b-9d66-40fa-946a-ef35cf44f742",
                    "53bab805-bbe0-41bd-a009-1b5c7a65743a",
                    "362a5cd8-b838-42df-8ec9-8a393b180c84"
                ],
                [
                    "e2dab7bc-5f75-4e38-ac01-610f99a364bb",
                    "5017287e-4d28-4f82-bd44-596ce81a638b",
                    "7e39a75d-e284-44c6-922c-ad418e68ed5d",
                    "ec06e6cc-6e76-4bb5-a40d-e17703f204b6",
                    "f1b25053-5450-4471-ae0f-941aa481128e",
                    "362a5cd8-b838-42df-8ec9-8a393b180c84"
                ]
            ]
        }
    ]
}