{
    "query_name": "7a_organization_name",
    "query_sql": "SELECT \n\torganization.name \nFROM \n\torganization, author as author1, writes as writes1, author as author2, writes as writes2, publication, conference, domain_conference, domain \nWHERE\n\torganization.oid = author1.oid \n\tAND organization.oid = author2.oid\n    AND author1.name < author2.name\n    AND author1.aid = writes1.aid\n    AND author2.aid = writes2.aid\n    AND writes1.pid = publication.pid\n    AND writes2.pid = publication.pid\n    AND publication.cid = conference.cid\n    AND conference.cid = domain_conference.cid\n    AND domain_conference.did = domain.did\n    AND organization.citation_count > 1000\n    AND publication.citation_count > 1\n    AND domain.name = 'Databases'\n    and publication.year > 2010\nGROUP BY organization.name ",
    "results": [
        {
            "output_tuple": [
                "Ohio State University"
            ],
            "tuple_id": "0a9ffa3c-886a-5cc0-86f4-427a7434fa50",
            "dnf": [
                [
                    "06fae6d8-07e0-472c-a390-cbaba6296b21",
                    "a57097dc-1611-45d0-a66d-6673c2b81155",
                    "21b8607a-af81-4d57-a410-82d261beff15",
                    "b8030b3c-96d3-4eaf-9c95-3098362b23d5",
                    "72213cb6-3f1a-4f9d-b882-c4c4bca1d060",
                    "9a1790fd-30b4-4ffe-bdc2-6979774778ba"
                ]
            ]
        },
        {
            "output_tuple": [
                "University of Oxford"
            ],
            "tuple_id": "0fe82cea-34c0-583d-9819-8de57e02df66",
            "dnf": [
                [
                    "44b28415-4020-4b7b-8e41-110ed7a918c1",
                    "6c4e1753-34e9-4ef0-bda0-68379c2214df",
                    "db0695ea-3c29-4ef8-a75f-2d8087f51109",
                    "ae97b52b-1bcf-4671-b5b3-2189939551ec",
                    "72213cb6-3f1a-4f9d-b882-c4c4bca1d060",
                    "9a1790fd-30b4-4ffe-bdc2-6979774778ba"
                ],
                [
                    "44b28415-4020-4b7b-8e41-110ed7a918c1",
                    "1aae8f43-495a-49ef-8a85-687851a780fc",
                    "6c4e1753-34e9-4ef0-bda0-68379c2214df",
                    "9bfd518d-b0d8-4bc8-85c9-cec78466818f",
                    "edaea1f2-623c-446e-baa9-4d9ea594786c",
                    "9a1790fd-30b4-4ffe-bdc2-6979774778ba"
                ],
                [
                    "44b28415-4020-4b7b-8e41-110ed7a918c1",
                    "1aae8f43-495a-49ef-8a85-687851a780fc",
                    "db0695ea-3c29-4ef8-a75f-2d8087f51109",
                    "ae97b52b-1bcf-4671-b5b3-2189939551ec",
                    "72213cb6-3f1a-4f9d-b882-c4c4bca1d060",
                    "9a1790fd-30b4-4ffe-bdc2-6979774778ba"
                ],
                [
                    "44b28415-4020-4b7b-8e41-110ed7a918c1",
                    "1aae8f43-495a-49ef-8a85-687851a780fc",
                    "6c4e1753-34e9-4ef0-bda0-68379c2214df",
                    "ae97b52b-1bcf-4671-b5b3-2189939551ec",
                    "72213cb6-3f1a-4f9d-b882-c4c4bca1d060",
                    "9a1790fd-30b4-4ffe-bdc2-6979774778ba"
                ]
            ]
        },
        {
            "output_tuple": [
                "University of California Santa Barbara"
            ],
            "tuple_id": "16ce8b98-4354-5285-a491-cfa26e511f11",
            "dnf": [
                [
                    "d2403f12-a525-4280-b7c1-dea5352d7742",
                    "8a143402-7797-41a4-b2d0-26f4384925d0",
                    "8431e289-eeb4-4fb7-bd14-d088338d740c",
                    "e30c9c9c-d8f8-401c-837b-92866e6de82d",
                    "0ee6e6cb-bb77-4143-ac50-c2c50519ce9f",
                    "9a1790fd-30b4-4ffe-bdc2-6979774778ba"
                ]
            ]
        },
        {
            "output_tuple": [
                "University of Alaska System"
            ],
            "tuple_id": "21d7207f-26cb-5717-9141-eac88ac9918d",
            "dnf": [
                [
                    "3f9f8521-8dfe-4abd-baab-7d0b83503bda",
                    "06b530ac-d5ff-4daa-befc-6fbf18532d9d",
                    "28b717ff-2b29-451c-bed9-18a519651056",
                    "39bf1cec-2498-45d3-8057-53d1498e2555",
                    "ecd7cd52-0365-4e18-a978-c9fc5731e066",
                    "9a1790fd-30b4-4ffe-bdc2-6979774778ba"
                ]
            ]
        },
        {
            "output_tuple": [
                "Tel Aviv University"
            ],
            "tuple_id": "290fd86c-6b2e-58b7-80e0-99b15ed7042a",
            "dnf": [
                [
                    "64acc720-ff5a-416d-be4b-625a0dd38443",
                    "67ad3047-9efe-4112-89e1-d671fdc7c0fc",
                    "7b2db075-7922-404f-a2f1-ca4562da9db4",
                    "9406e06e-5d26-4a31-89dc-88e39c94d835",
                    "72213cb6-3f1a-4f9d-b882-c4c4bca1d060",
                    "9a1790fd-30b4-4ffe-bdc2-6979774778ba"
                ],
                [
                    "64acc720-ff5a-416d-be4b-625a0dd38443",
                    "67ad3047-9efe-4112-89e1-d671fdc7c0fc",
                    "fb3c5e9d-acb1-434b-8c35-dc822b4954d4",
                    "9406e06e-5d26-4a31-89dc-88e39c94d835",
                    "72213cb6-3f1a-4f9d-b882-c4c4bca1d060",
                    "9a1790fd-30b4-4ffe-bdc2-6979774778ba"
                ],
                [
                    "64acc720-ff5a-416d-be4b-625a0dd38443",
                    "fb3c5e9d-acb1-434b-8c35-dc822b4954d4",
                    "7b2db075-7922-404f-a2f1-ca4562da9db4",
                    "9406e06e-5d26-4a31-89dc-88e39c94d835",
                    "72213cb6-3f1a-4f9d-b882-c4c4bca1d060",
                    "9a1790fd-30b4-4ffe-bdc2-6979774778ba"
                ]
            ]
        },
        {
            "output_tuple": [
                "Yahoo Research Labs"
            ],
            "tuple_id": "2f43c636-09f4-507d-bdc0-801b9f99f00a",
            "dnf": [
                [
                    "3d93e3a1-0eee-48ba-aa8a-60b569830112",
                    "bb2c13ea-4eae-4ac5-af6d-da9a6be042c5",
                    "29dab805-43de-4b2e-a2e5-dfc94185e846",
                    "b37a4f04-06f1-4bbe-ab7b-1dbb924132af",
                    "72213cb6-3f1a-4f9d-b882-c4c4bca1d060",
                    "9a1790fd-30b4-4ffe-bdc2-6979774778ba"
                ]
            ]
        },
        {
            "output_tuple": [
                "University of Pennsylvania"
            ],
            "tuple_id": "3156405b-49f4-56cc-b497-46448515f43f",
            "dnf": [
                [
                    "3f3d2b7b-6e41-4b82-bae0-8820756ade54",
                    "8674d38b-5fdb-4268-a9b9-cd108bf442d4",
                    "4e70e899-2b28-4ed4-bf8f-f2866315da48",
                    "cd0415d9-d58a-44b2-870c-720dd65f2e4e",
                    "edaea1f2-623c-446e-baa9-4d9ea594786c",
                    "9a1790fd-30b4-4ffe-bdc2-6979774778ba"
                ],
                [
                    "3f3d2b7b-6e41-4b82-bae0-8820756ade54",
                    "8674d38b-5fdb-4268-a9b9-cd108bf442d4",
                    "83230b47-c721-48a9-a0e1-958b575d6411",
                    "cd0415d9-d58a-44b2-870c-720dd65f2e4e",
                    "edaea1f2-623c-446e-baa9-4d9ea594786c",
                    "9a1790fd-30b4-4ffe-bdc2-6979774778ba"
                ],
                [
                    "3f3d2b7b-6e41-4b82-bae0-8820756ade54",
                    "4e70e899-2b28-4ed4-bf8f-f2866315da48",
                    "358b1367-bfd7-4f3a-9fb1-22c95e6d1b7e",
                    "cd0415d9-d58a-44b2-870c-720dd65f2e4e",
                    "edaea1f2-623c-446e-baa9-4d9ea594786c",
                    "9a1790fd-30b4-4ffe-bdc2-6979774778ba"
                ],
                [
                    "3f3d2b7b-6e41-4b82-bae0-8820756ade54",
                    "4e70e899-2b28-4ed4-bf8f-f2866315da48",
                    "83230b47-c721-48a9-a0e1-958b575d6411",
                    "cd0415d9-d58a-44b2-870c-720dd65f2e4e",
                    "edaea1f2-623c-446e-baa9-4d9ea594786c",
                    "9a1790fd-30b4-4ffe-bdc2-6979774778ba"
                ],
                [
                    "3f3d2b7b-6e41-4b82-bae0-8820756ade54",
                    "83230b47-c721-48a9-a0e1-958b575d6411",
                    "358b1367-bfd7-4f3a-9fb1-22c95e6d1b7e",
                    "cd0415d9-d58a-44b2-870c-720dd65f2e4e",
                    "edaea1f2-623c-446e-baa9-4d9ea594786c",
                    "9a1790fd-30b4-4ffe-bdc2-6979774778ba"
                ],
                [
                    "3f3d2b7b-6e41-4b82-bae0-8820756ade54",
                    "35d19d94-0d48-446f-a3eb-9decffdcd464",
                    "358b1367-bfd7-4f3a-9fb1-22c95e6d1b7e",
                    "cd0415d9-d58a-44b2-870c-720dd65f2e4e",
                    "edaea1f2-623c-446e-baa9-4d9ea594786c",
                    "9a1790fd-30b4-4ffe-bdc2-6979774778ba"
                ],
                [
                    "3f3d2b7b-6e41-4b82-bae0-8820756ade54",
                    "8674d38b-5fdb-4268-a9b9-cd108bf442d4",
                    "35d19d94-0d48-446f-a3eb-9decffdcd464",
                    "cd0415d9-d58a-44b2-870c-720dd65f2e4e",
                    "edaea1f2-623c-446e-baa9-4d9ea594786c",
                    "9a1790fd-30b4-4ffe-bdc2-6979774778ba"
                ],
                [
                    "3f3d2b7b-6e41-4b82-bae0-8820756ade54",
                    "35d19d94-0d48-446f-a3eb-9decffdcd464",
                    "83230b47-c721-48a9-a0e1-958b575d6411",
                    "cd0415d9-d58a-44b2-870c-720dd65f2e4e",
                    "edaea1f2-623c-446e-baa9-4d9ea594786c",
                    "9a1790fd-30b4-4ffe-bdc2-6979774778ba"
                ],
                [
                    "3f3d2b7b-6e41-4b82-bae0-8820756ade54",
                    "4e70e899-2b28-4ed4-bf8f-f2866315da48",
                    "35d19d94-0d48-446f-a3eb-9decffdcd464",
                    "cd0415d9-d58a-44b2-870c-720dd65f2e4e",
                    "edaea1f2-623c-446e-baa9-4d9ea594786c",
                    "9a1790fd-30b4-4ffe-bdc2-6979774778ba"
                ],
                [
                    "3f3d2b7b-6e41-4b82-bae0-8820756ade54",
                    "8674d38b-5fdb-4268-a9b9-cd108bf442d4",
                    "358b1367-bfd7-4f3a-9fb1-22c95e6d1b7e",
                    "cd0415d9-d58a-44b2-870c-720dd65f2e4e",
                    "edaea1f2-623c-446e-baa9-4d9ea594786c",
                    "9a1790fd-30b4-4ffe-bdc2-6979774778ba"
                ]
            ]
        },
        {
            "output_tuple": [
                "Universidad Polit\u00e9cnica de Valencia"
            ],
            "tuple_id": "3a3ed777-8de9-5650-8eb6-9786a0f16f2e",
            "dnf": [
                [
                    "d0e392ac-2094-4ccb-a30d-71ac6cf49144",
                    "4e86c562-8e4a-416f-862d-04d138e27393",
                    "15405395-0785-46e1-a325-41ff1dff309c",
                    "d1050991-68f8-4f59-aef2-7b81b3bd7da4",
                    "06ba09c3-cfb6-4952-9ea4-3518a547fd4f",
                    "9a1790fd-30b4-4ffe-bdc2-6979774778ba"
                ]
            ]
        },
        {
            "output_tuple": [
                "University of Paris 1 Pantheon Sorbonne"
            ],
            "tuple_id": "414d121e-1580-5a10-88e8-a7e13ab9bb44",
            "dnf": [
                [
                    "10ada4b2-dd31-45a0-afb4-aae36f34bee4",
                    "db0f9170-8b4d-4c06-af19-79b4098362a7",
                    "3214a47b-8132-46b9-ac4d-f7e3511e5abc",
                    "61506952-b5e5-4b3f-a8f5-d51f38bee80e",
                    "c7e4f992-aff7-4074-831d-f5924a9f3a99",
                    "9a1790fd-30b4-4ffe-bdc2-6979774778ba"
                ]
            ]
        },
        {
            "output_tuple": [
                "Swiss Federal Institute of Technology Zurich"
            ],
            "tuple_id": "431971eb-b064-5ffb-9e2f-0c63b5e5e38f",
            "dnf": [
                [
                    "32e66cb1-e9c8-49c0-b027-b9fa5061a4ec",
                    "c8eb4a11-2765-48a0-91e9-e2ccec367d7f",
                    "9598eb58-80d4-4cab-9960-3cb92a856b6d",
                    "e6852a3c-75e6-4857-908c-a45eb0bc9905",
                    "16232bed-9344-4f77-a14e-45082700c16e",
                    "9a1790fd-30b4-4ffe-bdc2-6979774778ba"
                ],
                [
                    "32e66cb1-e9c8-49c0-b027-b9fa5061a4ec",
                    "c8eb4a11-2765-48a0-91e9-e2ccec367d7f",
                    "d832ac1a-568c-4bfc-b811-b0e8cfaf6b66",
                    "e6852a3c-75e6-4857-908c-a45eb0bc9905",
                    "16232bed-9344-4f77-a14e-45082700c16e",
                    "9a1790fd-30b4-4ffe-bdc2-6979774778ba"
                ],
                [
                    "32e66cb1-e9c8-49c0-b027-b9fa5061a4ec",
                    "d832ac1a-568c-4bfc-b811-b0e8cfaf6b66",
                    "9598eb58-80d4-4cab-9960-3cb92a856b6d",
                    "e6852a3c-75e6-4857-908c-a45eb0bc9905",
                    "16232bed-9344-4f77-a14e-45082700c16e",
                    "9a1790fd-30b4-4ffe-bdc2-6979774778ba"
                ]
            ]
        },
        {
            "output_tuple": [
                "Delft University of Technology"
            ],
            "tuple_id": "5f5fe5aa-824d-5fdb-bcf0-f072958e6daf",
            "dnf": [
                [
                    "dbb15404-0d96-4c0d-83e8-537a9d1094a9",
                    "27e287ee-6320-4d76-b08c-80e478a7c184",
                    "061c0dc8-a833-4e95-a227-39d8b5880de2",
                    "8ac12958-e3c1-4571-b878-1ac48b0c63ba",
                    "ac4854c8-bdfa-4310-b494-bf43bb1b742d",
                    "9a1790fd-30b4-4ffe-bdc2-6979774778ba"
                ]
            ]
        },
        {
            "output_tuple": [
                "Stanford University"
            ],
            "tuple_id": "66043ac6-de26-5139-a57c-2e5fe862e28b",
            "dnf": [
                [
                    "dd3e21ed-bb74-4004-b7bc-5c65646fa1e9",
                    "6700aa5c-6bf0-430b-bc0a-51714c8471aa",
                    "a5756f34-ec9a-4d5e-8100-61550e06cb07",
                    "676e121e-b4d4-4ff4-b20b-2220ae524f22",
                    "22930c98-cea0-4b34-8a22-8f5df9bfeff8",
                    "9a1790fd-30b4-4ffe-bdc2-6979774778ba"
                ],
                [
                    "dd3e21ed-bb74-4004-b7bc-5c65646fa1e9",
                    "6700aa5c-6bf0-430b-bc0a-51714c8471aa",
                    "89d2b5a4-8d60-447c-82e9-930fd226a868",
                    "676e121e-b4d4-4ff4-b20b-2220ae524f22",
                    "22930c98-cea0-4b34-8a22-8f5df9bfeff8",
                    "9a1790fd-30b4-4ffe-bdc2-6979774778ba"
                ],
                [
                    "dd3e21ed-bb74-4004-b7bc-5c65646fa1e9",
                    "a5756f34-ec9a-4d5e-8100-61550e06cb07",
                    "89d2b5a4-8d60-447c-82e9-930fd226a868",
                    "676e121e-b4d4-4ff4-b20b-2220ae524f22",
                    "22930c98-cea0-4b34-8a22-8f5df9bfeff8",
                    "9a1790fd-30b4-4ffe-bdc2-6979774778ba"
                ],
                [
                    "dd3e21ed-bb74-4004-b7bc-5c65646fa1e9",
                    "09d4c11b-c80d-479e-ae26-12405d91bdb5",
                    "89d2b5a4-8d60-447c-82e9-930fd226a868",
                    "676e121e-b4d4-4ff4-b20b-2220ae524f22",
                    "22930c98-cea0-4b34-8a22-8f5df9bfeff8",
                    "9a1790fd-30b4-4ffe-bdc2-6979774778ba"
                ],
                [
                    "dd3e21ed-bb74-4004-b7bc-5c65646fa1e9",
                    "09d4c11b-c80d-479e-ae26-12405d91bdb5",
                    "a5756f34-ec9a-4d5e-8100-61550e06cb07",
                    "676e121e-b4d4-4ff4-b20b-2220ae524f22",
                    "22930c98-cea0-4b34-8a22-8f5df9bfeff8",
                    "9a1790fd-30b4-4ffe-bdc2-6979774778ba"
                ],
                [
                    "dd3e21ed-bb74-4004-b7bc-5c65646fa1e9",
                    "09d4c11b-c80d-479e-ae26-12405d91bdb5",
                    "6700aa5c-6bf0-430b-bc0a-51714c8471aa",
                    "676e121e-b4d4-4ff4-b20b-2220ae524f22",
                    "22930c98-cea0-4b34-8a22-8f5df9bfeff8",
                    "9a1790fd-30b4-4ffe-bdc2-6979774778ba"
                ]
            ]
        },
        {
            "output_tuple": [
                "Universit\u00e0 degli Studi di Genova"
            ],
            "tuple_id": "6ad21cac-e61a-5230-8367-e2a37234ce85",
            "dnf": [
                [
                    "fa17caf9-ddb2-44ab-961e-e63682fef749",
                    "970d13e3-4450-4d57-bf66-fe5a7a06151a",
                    "0e47eeae-b779-48f7-b783-694ff58b772b",
                    "378239fa-9f58-4168-85f5-eb8ceb1cacb0",
                    "22930c98-cea0-4b34-8a22-8f5df9bfeff8",
                    "9a1790fd-30b4-4ffe-bdc2-6979774778ba"
                ],
                [
                    "fa17caf9-ddb2-44ab-961e-e63682fef749",
                    "32bd1fac-1609-4420-a6a8-83a7ca1a4910",
                    "970d13e3-4450-4d57-bf66-fe5a7a06151a",
                    "378239fa-9f58-4168-85f5-eb8ceb1cacb0",
                    "22930c98-cea0-4b34-8a22-8f5df9bfeff8",
                    "9a1790fd-30b4-4ffe-bdc2-6979774778ba"
                ],
                [
                    "fa17caf9-ddb2-44ab-961e-e63682fef749",
                    "32bd1fac-1609-4420-a6a8-83a7ca1a4910",
                    "970d13e3-4450-4d57-bf66-fe5a7a06151a",
                    "a2e9ce2b-7f89-493a-a62e-2b91698fc8eb",
                    "72213cb6-3f1a-4f9d-b882-c4c4bca1d060",
                    "9a1790fd-30b4-4ffe-bdc2-6979774778ba"
                ],
                [
                    "fa17caf9-ddb2-44ab-961e-e63682fef749",
                    "32bd1fac-1609-4420-a6a8-83a7ca1a4910",
                    "0e47eeae-b779-48f7-b783-694ff58b772b",
                    "378239fa-9f58-4168-85f5-eb8ceb1cacb0",
                    "22930c98-cea0-4b34-8a22-8f5df9bfeff8",
                    "9a1790fd-30b4-4ffe-bdc2-6979774778ba"
                ],
                [
                    "fa17caf9-ddb2-44ab-961e-e63682fef749",
                    "970d13e3-4450-4d57-bf66-fe5a7a06151a",
                    "0e47eeae-b779-48f7-b783-694ff58b772b",
                    "a2e9ce2b-7f89-493a-a62e-2b91698fc8eb",
                    "72213cb6-3f1a-4f9d-b882-c4c4bca1d060",
                    "9a1790fd-30b4-4ffe-bdc2-6979774778ba"
                ],
                [
                    "fa17caf9-ddb2-44ab-961e-e63682fef749",
                    "32bd1fac-1609-4420-a6a8-83a7ca1a4910",
                    "0e47eeae-b779-48f7-b783-694ff58b772b",
                    "a2e9ce2b-7f89-493a-a62e-2b91698fc8eb",
                    "72213cb6-3f1a-4f9d-b882-c4c4bca1d060",
                    "9a1790fd-30b4-4ffe-bdc2-6979774778ba"
                ]
            ]
        },
        {
            "output_tuple": [
                "University of California Irvine"
            ],
            "tuple_id": "6e66f0c4-9fd5-5c83-8a08-b25a779fb734",
            "dnf": [
                [
                    "fd73e691-526c-4781-b67c-122251271c61",
                    "f7aae37b-385b-4bab-a0fd-0ddffbe51549",
                    "ced66535-88e3-4683-b707-2fc34730c97f",
                    "f5a85c1e-b1fa-43b0-b9c2-0951b35c35e9",
                    "72213cb6-3f1a-4f9d-b882-c4c4bca1d060",
                    "9a1790fd-30b4-4ffe-bdc2-6979774778ba"
                ],
                [
                    "fd73e691-526c-4781-b67c-122251271c61",
                    "da9b7db8-4da9-4bdb-855d-9a4c184f634c",
                    "f7aae37b-385b-4bab-a0fd-0ddffbe51549",
                    "f5a85c1e-b1fa-43b0-b9c2-0951b35c35e9",
                    "72213cb6-3f1a-4f9d-b882-c4c4bca1d060",
                    "9a1790fd-30b4-4ffe-bdc2-6979774778ba"
                ],
                [
                    "fd73e691-526c-4781-b67c-122251271c61",
                    "723d2e7d-d098-4076-9cfc-5572eaf305da",
                    "da9b7db8-4da9-4bdb-855d-9a4c184f634c",
                    "f5a85c1e-b1fa-43b0-b9c2-0951b35c35e9",
                    "72213cb6-3f1a-4f9d-b882-c4c4bca1d060",
                    "9a1790fd-30b4-4ffe-bdc2-6979774778ba"
                ],
                [
                    "fd73e691-526c-4781-b67c-122251271c61",
                    "723d2e7d-d098-4076-9cfc-5572eaf305da",
                    "f7aae37b-385b-4bab-a0fd-0ddffbe51549",
                    "f5a85c1e-b1fa-43b0-b9c2-0951b35c35e9",
                    "72213cb6-3f1a-4f9d-b882-c4c4bca1d060",
                    "9a1790fd-30b4-4ffe-bdc2-6979774778ba"
                ],
                [
                    "fd73e691-526c-4781-b67c-122251271c61",
                    "723d2e7d-d098-4076-9cfc-5572eaf305da",
                    "ced66535-88e3-4683-b707-2fc34730c97f",
                    "f5a85c1e-b1fa-43b0-b9c2-0951b35c35e9",
                    "72213cb6-3f1a-4f9d-b882-c4c4bca1d060",
                    "9a1790fd-30b4-4ffe-bdc2-6979774778ba"
                ],
                [
                    "fd73e691-526c-4781-b67c-122251271c61",
                    "2fc60505-a874-4eed-983c-b8f16fdb8c42",
                    "f7aae37b-385b-4bab-a0fd-0ddffbe51549",
                    "f5a85c1e-b1fa-43b0-b9c2-0951b35c35e9",
                    "72213cb6-3f1a-4f9d-b882-c4c4bca1d060",
                    "9a1790fd-30b4-4ffe-bdc2-6979774778ba"
                ],
                [
                    "fd73e691-526c-4781-b67c-122251271c61",
                    "da9b7db8-4da9-4bdb-855d-9a4c184f634c",
                    "ced66535-88e3-4683-b707-2fc34730c97f",
                    "f5a85c1e-b1fa-43b0-b9c2-0951b35c35e9",
                    "72213cb6-3f1a-4f9d-b882-c4c4bca1d060",
                    "9a1790fd-30b4-4ffe-bdc2-6979774778ba"
                ],
                [
                    "fd73e691-526c-4781-b67c-122251271c61",
                    "2fc60505-a874-4eed-983c-b8f16fdb8c42",
                    "da9b7db8-4da9-4bdb-855d-9a4c184f634c",
                    "f5a85c1e-b1fa-43b0-b9c2-0951b35c35e9",
                    "72213cb6-3f1a-4f9d-b882-c4c4bca1d060",
                    "9a1790fd-30b4-4ffe-bdc2-6979774778ba"
                ],
                [
                    "fd73e691-526c-4781-b67c-122251271c61",
                    "723d2e7d-d098-4076-9cfc-5572eaf305da",
                    "2fc60505-a874-4eed-983c-b8f16fdb8c42",
                    "f5a85c1e-b1fa-43b0-b9c2-0951b35c35e9",
                    "72213cb6-3f1a-4f9d-b882-c4c4bca1d060",
                    "9a1790fd-30b4-4ffe-bdc2-6979774778ba"
                ],
                [
                    "fd73e691-526c-4781-b67c-122251271c61",
                    "2fc60505-a874-4eed-983c-b8f16fdb8c42",
                    "ced66535-88e3-4683-b707-2fc34730c97f",
                    "f5a85c1e-b1fa-43b0-b9c2-0951b35c35e9",
                    "72213cb6-3f1a-4f9d-b882-c4c4bca1d060",
                    "9a1790fd-30b4-4ffe-bdc2-6979774778ba"
                ]
            ]
        },
        {
            "output_tuple": [
                "Wroclaw University of Technology"
            ],
            "tuple_id": "6f22c1ee-d408-520e-b68f-93d51e4654a2",
            "dnf": [
                [
                    "6f02400b-3b22-47f8-9c2d-5389fb72dcbf",
                    "8c03e813-6cab-451a-b006-d3da7670513c",
                    "af03f70b-2a12-4e7c-9b56-e66f987b501c",
                    "5ec8829a-9c2a-4d18-ba3c-a5a79197bee1",
                    "cd41685a-a74b-4819-9160-33e99c538659",
                    "9a1790fd-30b4-4ffe-bdc2-6979774778ba"
                ]
            ]
        },
        {
            "output_tuple": [
                "Universidade Nova de Lisboa"
            ],
            "tuple_id": "858fb13c-7b0d-564a-9db4-7e607e51e35e",
            "dnf": [
                [
                    "8385c028-cdae-470b-a7dc-38c3dd388320",
                    "a68c16a5-d29b-4ce6-9121-f7c14efeea5b",
                    "e779b82d-3f81-4c2e-b8b8-0bc1d1454d97",
                    "45fed3e1-3ef8-4e63-9b32-fc01ab72a683",
                    "1fb548ed-21fa-4032-a9aa-7baabf67e7fd",
                    "9a1790fd-30b4-4ffe-bdc2-6979774778ba"
                ],
                [
                    "8385c028-cdae-470b-a7dc-38c3dd388320",
                    "5ebcbbe1-71a6-43b5-b9bb-fedeb8fe43d4",
                    "e779b82d-3f81-4c2e-b8b8-0bc1d1454d97",
                    "45fed3e1-3ef8-4e63-9b32-fc01ab72a683",
                    "1fb548ed-21fa-4032-a9aa-7baabf67e7fd",
                    "9a1790fd-30b4-4ffe-bdc2-6979774778ba"
                ],
                [
                    "8385c028-cdae-470b-a7dc-38c3dd388320",
                    "5ebcbbe1-71a6-43b5-b9bb-fedeb8fe43d4",
                    "a68c16a5-d29b-4ce6-9121-f7c14efeea5b",
                    "45fed3e1-3ef8-4e63-9b32-fc01ab72a683",
                    "1fb548ed-21fa-4032-a9aa-7baabf67e7fd",
                    "9a1790fd-30b4-4ffe-bdc2-6979774778ba"
                ]
            ]
        },
        {
            "output_tuple": [
                "Imperial College London"
            ],
            "tuple_id": "9ec7827c-c61f-58a7-80a0-413d976c69b5",
            "dnf": [
                [
                    "7680a9b0-fe01-4ff3-9499-50d2e4395d3d",
                    "7def0538-6f76-48c8-abc5-b3fbfb56c5a9",
                    "49489ed0-106a-42c7-99b3-c0849d076b22",
                    "0c75cd79-571e-4e50-8d6c-24021742defe",
                    "72213cb6-3f1a-4f9d-b882-c4c4bca1d060",
                    "9a1790fd-30b4-4ffe-bdc2-6979774778ba"
                ],
                [
                    "7680a9b0-fe01-4ff3-9499-50d2e4395d3d",
                    "7def0538-6f76-48c8-abc5-b3fbfb56c5a9",
                    "5ac618ed-9d1c-473d-bf4b-5c8408b91e24",
                    "0c75cd79-571e-4e50-8d6c-24021742defe",
                    "72213cb6-3f1a-4f9d-b882-c4c4bca1d060",
                    "9a1790fd-30b4-4ffe-bdc2-6979774778ba"
                ],
                [
                    "7680a9b0-fe01-4ff3-9499-50d2e4395d3d",
                    "5ac618ed-9d1c-473d-bf4b-5c8408b91e24",
                    "49489ed0-106a-42c7-99b3-c0849d076b22",
                    "0c75cd79-571e-4e50-8d6c-24021742defe",
                    "72213cb6-3f1a-4f9d-b882-c4c4bca1d060",
                    "9a1790fd-30b4-4ffe-bdc2-6979774778ba"
                ],
                [
                    "7680a9b0-fe01-4ff3-9499-50d2e4395d3d",
                    "aee7e9e1-8c67-41c8-bf20-778bc6e0e1ee",
                    "7def0538-6f76-48c8-abc5-b3fbfb56c5a9",
                    "0c75cd79-571e-4e50-8d6c-24021742defe",
                    "72213cb6-3f1a-4f9d-b882-c4c4bca1d060",
                    "9a1790fd-30b4-4ffe-bdc2-6979774778ba"
                ],
                [
                    "7680a9b0-fe01-4ff3-9499-50d2e4395d3d",
                    "aee7e9e1-8c67-41c8-bf20-778bc6e0e1ee",
                    "5ac618ed-9d1c-473d-bf4b-5c8408b91e24",
                    "0c75cd79-571e-4e50-8d6c-24021742defe",
                    "72213cb6-3f1a-4f9d-b882-c4c4bca1d060",
                    "9a1790fd-30b4-4ffe-bdc2-6979774778ba"
                ],
                [
                    "7680a9b0-fe01-4ff3-9499-50d2e4395d3d",
                    "aee7e9e1-8c67-41c8-bf20-778bc6e0e1ee",
                    "49489ed0-106a-42c7-99b3-c0849d076b22",
                    "0c75cd79-571e-4e50-8d6c-24021742defe",
                    "72213cb6-3f1a-4f9d-b882-c4c4bca1d060",
                    "9a1790fd-30b4-4ffe-bdc2-6979774778ba"
                ]
            ]
        },
        {
            "output_tuple": [
                "University of California Davis"
            ],
            "tuple_id": "a6339dbd-f317-5864-b2c9-e090a5f8fc25",
            "dnf": [
                [
                    "be7b7785-a73a-41b0-a5cc-ee761014af45",
                    "ee8d8975-a341-4a43-9942-72d32399f23b",
                    "48d08468-2852-41c8-9de2-055493bfe46a",
                    "0ee98240-93dd-439e-9401-97eab6a97e64",
                    "72213cb6-3f1a-4f9d-b882-c4c4bca1d060",
                    "9a1790fd-30b4-4ffe-bdc2-6979774778ba"
                ],
                [
                    "be7b7785-a73a-41b0-a5cc-ee761014af45",
                    "ee8d8975-a341-4a43-9942-72d32399f23b",
                    "2e54b3b3-d736-443b-807e-5ff7bd78cedf",
                    "0ee98240-93dd-439e-9401-97eab6a97e64",
                    "72213cb6-3f1a-4f9d-b882-c4c4bca1d060",
                    "9a1790fd-30b4-4ffe-bdc2-6979774778ba"
                ],
                [
                    "be7b7785-a73a-41b0-a5cc-ee761014af45",
                    "2e54b3b3-d736-443b-807e-5ff7bd78cedf",
                    "48d08468-2852-41c8-9de2-055493bfe46a",
                    "0ee98240-93dd-439e-9401-97eab6a97e64",
                    "72213cb6-3f1a-4f9d-b882-c4c4bca1d060",
                    "9a1790fd-30b4-4ffe-bdc2-6979774778ba"
                ]
            ]
        },
        {
            "output_tuple": [
                "Microsoft"
            ],
            "tuple_id": "be624e48-1707-5d8f-8b2b-367c35c7fb8e",
            "dnf": [
                [
                    "fefca98f-3f5c-4bcf-b77d-e1488b3798d6",
                    "96ee3b48-d035-453f-aae3-14893d67db80",
                    "40fb64d2-64d4-4bd0-aa10-a5d56fd90499",
                    "72078a1e-06fc-425f-9a5c-265ecb64a3fe",
                    "fb554e31-45fd-4748-96b7-d62dc88d54ba",
                    "9a1790fd-30b4-4ffe-bdc2-6979774778ba"
                ],
                [
                    "fefca98f-3f5c-4bcf-b77d-e1488b3798d6",
                    "729642a3-a5f5-4ecf-aaf3-679dfe1aa3c1",
                    "d30fc23d-8ac3-42f8-8f51-75f45131e746",
                    "e414508f-716d-4ec8-92e4-0bf0ef583882",
                    "72213cb6-3f1a-4f9d-b882-c4c4bca1d060",
                    "9a1790fd-30b4-4ffe-bdc2-6979774778ba"
                ],
                [
                    "fefca98f-3f5c-4bcf-b77d-e1488b3798d6",
                    "f6a05ac2-be0a-4dd1-a202-3cfd09503c1d",
                    "d30fc23d-8ac3-42f8-8f51-75f45131e746",
                    "e414508f-716d-4ec8-92e4-0bf0ef583882",
                    "72213cb6-3f1a-4f9d-b882-c4c4bca1d060",
                    "9a1790fd-30b4-4ffe-bdc2-6979774778ba"
                ],
                [
                    "fefca98f-3f5c-4bcf-b77d-e1488b3798d6",
                    "f6a05ac2-be0a-4dd1-a202-3cfd09503c1d",
                    "729642a3-a5f5-4ecf-aaf3-679dfe1aa3c1",
                    "e414508f-716d-4ec8-92e4-0bf0ef583882",
                    "72213cb6-3f1a-4f9d-b882-c4c4bca1d060",
                    "9a1790fd-30b4-4ffe-bdc2-6979774778ba"
                ]
            ]
        },
        {
            "output_tuple": [
                "Ludwig Maximilian University of Munich"
            ],
            "tuple_id": "e6fa704b-5c79-5b94-a62f-231884b9f9b6",
            "dnf": [
                [
                    "83716300-305b-4bf8-9092-807c0144bdad",
                    "6fa706d5-68db-4a06-b537-ed1d6e925d55",
                    "1cb3989b-1d6e-49f9-a9b7-eefa52bffa4b",
                    "ddc90c01-3061-4463-b1a4-eab61c12b532",
                    "72213cb6-3f1a-4f9d-b882-c4c4bca1d060",
                    "9a1790fd-30b4-4ffe-bdc2-6979774778ba"
                ],
                [
                    "83716300-305b-4bf8-9092-807c0144bdad",
                    "e80f6da3-e5de-48f1-90da-d994e2755bda",
                    "6fa706d5-68db-4a06-b537-ed1d6e925d55",
                    "ddc90c01-3061-4463-b1a4-eab61c12b532",
                    "72213cb6-3f1a-4f9d-b882-c4c4bca1d060",
                    "9a1790fd-30b4-4ffe-bdc2-6979774778ba"
                ],
                [
                    "83716300-305b-4bf8-9092-807c0144bdad",
                    "e80f6da3-e5de-48f1-90da-d994e2755bda",
                    "1cb3989b-1d6e-49f9-a9b7-eefa52bffa4b",
                    "ddc90c01-3061-4463-b1a4-eab61c12b532",
                    "72213cb6-3f1a-4f9d-b882-c4c4bca1d060",
                    "9a1790fd-30b4-4ffe-bdc2-6979774778ba"
                ]
            ]
        },
        {
            "output_tuple": [
                "University of Stuttgart"
            ],
            "tuple_id": "e843a2b5-2b28-58c4-9104-417636107d30",
            "dnf": [
                [
                    "5ba42314-9f6a-43ea-85dc-7281c6463183",
                    "dca593b6-63ed-4b41-9e79-a1225886aaa1",
                    "0399547a-8b93-4dc6-8ef9-2376da1c9b35",
                    "dc56a1ba-d9b2-4b95-95e6-ec6e0226421b",
                    "635b2810-74a3-4d52-81cc-19191cf41ab7",
                    "9a1790fd-30b4-4ffe-bdc2-6979774778ba"
                ],
                [
                    "5ba42314-9f6a-43ea-85dc-7281c6463183",
                    "604c5dfd-2195-471d-9357-f9ffc95e6c11",
                    "ade5b139-6666-429a-9f72-99825962b6f3",
                    "dc56a1ba-d9b2-4b95-95e6-ec6e0226421b",
                    "635b2810-74a3-4d52-81cc-19191cf41ab7",
                    "9a1790fd-30b4-4ffe-bdc2-6979774778ba"
                ],
                [
                    "5ba42314-9f6a-43ea-85dc-7281c6463183",
                    "dca593b6-63ed-4b41-9e79-a1225886aaa1",
                    "ade5b139-6666-429a-9f72-99825962b6f3",
                    "dc56a1ba-d9b2-4b95-95e6-ec6e0226421b",
                    "635b2810-74a3-4d52-81cc-19191cf41ab7",
                    "9a1790fd-30b4-4ffe-bdc2-6979774778ba"
                ],
                [
                    "5ba42314-9f6a-43ea-85dc-7281c6463183",
                    "0399547a-8b93-4dc6-8ef9-2376da1c9b35",
                    "de47432c-4466-4996-adbb-3fe2583bc873",
                    "dc56a1ba-d9b2-4b95-95e6-ec6e0226421b",
                    "635b2810-74a3-4d52-81cc-19191cf41ab7",
                    "9a1790fd-30b4-4ffe-bdc2-6979774778ba"
                ],
                [
                    "5ba42314-9f6a-43ea-85dc-7281c6463183",
                    "604c5dfd-2195-471d-9357-f9ffc95e6c11",
                    "de47432c-4466-4996-adbb-3fe2583bc873",
                    "dc56a1ba-d9b2-4b95-95e6-ec6e0226421b",
                    "635b2810-74a3-4d52-81cc-19191cf41ab7",
                    "9a1790fd-30b4-4ffe-bdc2-6979774778ba"
                ],
                [
                    "5ba42314-9f6a-43ea-85dc-7281c6463183",
                    "604c5dfd-2195-471d-9357-f9ffc95e6c11",
                    "dca593b6-63ed-4b41-9e79-a1225886aaa1",
                    "dc56a1ba-d9b2-4b95-95e6-ec6e0226421b",
                    "635b2810-74a3-4d52-81cc-19191cf41ab7",
                    "9a1790fd-30b4-4ffe-bdc2-6979774778ba"
                ],
                [
                    "5ba42314-9f6a-43ea-85dc-7281c6463183",
                    "c2403f81-9a98-48f0-870b-0f49a6117958",
                    "ade5b139-6666-429a-9f72-99825962b6f3",
                    "7807aaf8-6f3c-448f-883a-e395ce9fc02c",
                    "6722626e-697a-4d7e-b3bd-023235d00b8a",
                    "9a1790fd-30b4-4ffe-bdc2-6979774778ba"
                ],
                [
                    "5ba42314-9f6a-43ea-85dc-7281c6463183",
                    "ade5b139-6666-429a-9f72-99825962b6f3",
                    "de47432c-4466-4996-adbb-3fe2583bc873",
                    "dc56a1ba-d9b2-4b95-95e6-ec6e0226421b",
                    "635b2810-74a3-4d52-81cc-19191cf41ab7",
                    "9a1790fd-30b4-4ffe-bdc2-6979774778ba"
                ],
                [
                    "5ba42314-9f6a-43ea-85dc-7281c6463183",
                    "dca593b6-63ed-4b41-9e79-a1225886aaa1",
                    "de47432c-4466-4996-adbb-3fe2583bc873",
                    "dc56a1ba-d9b2-4b95-95e6-ec6e0226421b",
                    "635b2810-74a3-4d52-81cc-19191cf41ab7",
                    "9a1790fd-30b4-4ffe-bdc2-6979774778ba"
                ],
                [
                    "5ba42314-9f6a-43ea-85dc-7281c6463183",
                    "604c5dfd-2195-471d-9357-f9ffc95e6c11",
                    "0399547a-8b93-4dc6-8ef9-2376da1c9b35",
                    "dc56a1ba-d9b2-4b95-95e6-ec6e0226421b",
                    "635b2810-74a3-4d52-81cc-19191cf41ab7",
                    "9a1790fd-30b4-4ffe-bdc2-6979774778ba"
                ],
                [
                    "5ba42314-9f6a-43ea-85dc-7281c6463183",
                    "0399547a-8b93-4dc6-8ef9-2376da1c9b35",
                    "ade5b139-6666-429a-9f72-99825962b6f3",
                    "dc56a1ba-d9b2-4b95-95e6-ec6e0226421b",
                    "635b2810-74a3-4d52-81cc-19191cf41ab7",
                    "9a1790fd-30b4-4ffe-bdc2-6979774778ba"
                ]
            ]
        }
    ]
}