{
    "query_name": "7b_conference_name",
    "query_sql": "SELECT \n\tconference.name \nFROM \n\torganization, author as author1, writes as writes1, author as author2, writes as writes2, publication, conference, domain_conference, domain \nWHERE\n\torganization.oid = author1.oid \n\tAND organization.oid = author2.oid\n    AND author1.name < author2.name\n    AND author1.aid = writes1.aid\n    AND author2.aid = writes2.aid\n    AND writes1.pid = publication.pid\n    AND writes2.pid = publication.pid\n    AND publication.cid = conference.cid\n    AND conference.cid = domain_conference.cid\n    AND domain_conference.did = domain.did\n    AND organization.citation_count > 1000\n    AND publication.citation_count > 1\n    AND domain.name = 'Machine Learning & Pattern Recognition'\n    and publication.year > 2010\nGROUP BY conference.name ",
    "results": [
        {
            "output_tuple": [
                "ISNN"
            ],
            "tuple_id": "344e438e-d1c8-5c2d-ad72-90b106557bc1",
            "dnf": [
                [
                    "7eacb098-6107-4313-98e2-6ee42a411ff7",
                    "1d462688-1488-446b-beb4-32197c8504d8",
                    "779b86c6-ea6b-462d-a4ce-a4dbbe3da629",
                    "920493bb-a241-41bb-85ee-bb2d31fbca48",
                    "4f05d742-e065-4aee-bbeb-6e26ff55b5c0",
                    "402ac43c-61e3-43fb-8935-526d9f5d4e55"
                ],
                [
                    "e02b7456-afb5-49ea-a6be-0340c46c25bf",
                    "6ef7ef6f-9349-49f2-87a0-bb70af08db8c",
                    "c71f1458-086f-4d4f-bc00-6c298ea41474",
                    "e38ab2c2-7d0c-4554-8bef-1674701d8b4c",
                    "4f05d742-e065-4aee-bbeb-6e26ff55b5c0",
                    "402ac43c-61e3-43fb-8935-526d9f5d4e55"
                ]
            ]
        },
        {
            "output_tuple": [
                "IWANN"
            ],
            "tuple_id": "3ebe0400-29af-5991-8bcc-e3e70696e456",
            "dnf": [
                [
                    "d696f30f-5f5b-4d93-abaf-b3395544fda0",
                    "9a90f37b-6df7-4025-9201-c1fedda627b3",
                    "457532d1-a208-4e65-a623-87236f872ac3",
                    "676e73ec-2310-444f-8a21-3d51ecd47972",
                    "c2e731d6-a0a5-46b5-b9d0-4ebc71e25096",
                    "402ac43c-61e3-43fb-8935-526d9f5d4e55"
                ]
            ]
        },
        {
            "output_tuple": [
                "UAI"
            ],
            "tuple_id": "6ed095a5-0861-592b-a7e5-261a1c821915",
            "dnf": [
                [
                    "d373404f-2a02-4605-86c3-65652622e3e4",
                    "b89fdeb6-c86a-40c7-9fa9-570a73aa68c2",
                    "4bc9011c-2fcd-4e73-9ca4-5556147e143d",
                    "4e049ceb-aade-4a87-9b11-6abd337ce182",
                    "11bfd383-b99a-4857-aa9d-e94c8be95a30",
                    "402ac43c-61e3-43fb-8935-526d9f5d4e55"
                ],
                [
                    "99c26bf9-5c01-45cc-babb-2df20f0bbd86",
                    "9acbe3bb-a732-4a8f-832d-e213921d2d86",
                    "ce9a00e8-0bf4-4b61-a3e3-d55e9f8f7fd3",
                    "4e049ceb-aade-4a87-9b11-6abd337ce182",
                    "11bfd383-b99a-4857-aa9d-e94c8be95a30",
                    "402ac43c-61e3-43fb-8935-526d9f5d4e55"
                ]
            ]
        },
        {
            "output_tuple": [
                "IROS"
            ],
            "tuple_id": "74455428-8448-5870-b01f-ccad9b13201d",
            "dnf": [
                [
                    "fd9f0899-7cdf-44a5-8824-2a8aeb26a5a2",
                    "b3e5a315-5428-41ab-b71a-5aad4e4aa56e",
                    "1d5f7c3b-6f3a-4e9e-8895-38b6ebb028a8",
                    "6701c085-aeb2-470c-9863-9c416adede2c",
                    "b9aba9cc-c7fc-47c6-a2eb-f0e1e669df41",
                    "402ac43c-61e3-43fb-8935-526d9f5d4e55"
                ],
                [
                    "fd9f0899-7cdf-44a5-8824-2a8aeb26a5a2",
                    "e6befa93-d166-4d78-82c0-ea635003f98a",
                    "b3e5a315-5428-41ab-b71a-5aad4e4aa56e",
                    "6701c085-aeb2-470c-9863-9c416adede2c",
                    "b9aba9cc-c7fc-47c6-a2eb-f0e1e669df41",
                    "402ac43c-61e3-43fb-8935-526d9f5d4e55"
                ],
                [
                    "a07ce115-fdeb-4026-9c4d-d03782548b16",
                    "3da17fc8-c49b-4361-90c4-3a9cad334130",
                    "74007f1d-76f8-4ea0-a411-b0ebee40cf02",
                    "9e2bbb30-ee18-42dc-b8f8-7d6c349a9d96",
                    "b9aba9cc-c7fc-47c6-a2eb-f0e1e669df41",
                    "402ac43c-61e3-43fb-8935-526d9f5d4e55"
                ],
                [
                    "1f898b3e-c36f-42fc-ac83-4d1760237eca",
                    "ab266ac8-ce26-4a63-9403-561e57d1081d",
                    "c5c639ea-a616-4d10-8dbe-99c361962873",
                    "db7204c1-5112-46b8-813b-67575ff624ad",
                    "b9aba9cc-c7fc-47c6-a2eb-f0e1e669df41",
                    "402ac43c-61e3-43fb-8935-526d9f5d4e55"
                ],
                [
                    "1f898b3e-c36f-42fc-ac83-4d1760237eca",
                    "f0f66fa7-2a77-4683-8a4d-b5818c785654",
                    "c5c639ea-a616-4d10-8dbe-99c361962873",
                    "db7204c1-5112-46b8-813b-67575ff624ad",
                    "b9aba9cc-c7fc-47c6-a2eb-f0e1e669df41",
                    "402ac43c-61e3-43fb-8935-526d9f5d4e55"
                ],
                [
                    "a07ce115-fdeb-4026-9c4d-d03782548b16",
                    "470be905-a624-40ed-bb8e-44771e6732f3",
                    "74007f1d-76f8-4ea0-a411-b0ebee40cf02",
                    "9e2bbb30-ee18-42dc-b8f8-7d6c349a9d96",
                    "b9aba9cc-c7fc-47c6-a2eb-f0e1e669df41",
                    "402ac43c-61e3-43fb-8935-526d9f5d4e55"
                ],
                [
                    "a07ce115-fdeb-4026-9c4d-d03782548b16",
                    "470be905-a624-40ed-bb8e-44771e6732f3",
                    "8b973be0-e34a-424d-827d-6bedbff5f740",
                    "9e2bbb30-ee18-42dc-b8f8-7d6c349a9d96",
                    "b9aba9cc-c7fc-47c6-a2eb-f0e1e669df41",
                    "402ac43c-61e3-43fb-8935-526d9f5d4e55"
                ],
                [
                    "fd9f0899-7cdf-44a5-8824-2a8aeb26a5a2",
                    "a25ad8a4-fc4a-402c-9c41-2dbb7ed2c828",
                    "b3e5a315-5428-41ab-b71a-5aad4e4aa56e",
                    "6701c085-aeb2-470c-9863-9c416adede2c",
                    "b9aba9cc-c7fc-47c6-a2eb-f0e1e669df41",
                    "402ac43c-61e3-43fb-8935-526d9f5d4e55"
                ],
                [
                    "a07ce115-fdeb-4026-9c4d-d03782548b16",
                    "3da17fc8-c49b-4361-90c4-3a9cad334130",
                    "8b973be0-e34a-424d-827d-6bedbff5f740",
                    "9e2bbb30-ee18-42dc-b8f8-7d6c349a9d96",
                    "b9aba9cc-c7fc-47c6-a2eb-f0e1e669df41",
                    "402ac43c-61e3-43fb-8935-526d9f5d4e55"
                ],
                [
                    "fd9f0899-7cdf-44a5-8824-2a8aeb26a5a2",
                    "e6befa93-d166-4d78-82c0-ea635003f98a",
                    "1d5f7c3b-6f3a-4e9e-8895-38b6ebb028a8",
                    "6701c085-aeb2-470c-9863-9c416adede2c",
                    "b9aba9cc-c7fc-47c6-a2eb-f0e1e669df41",
                    "402ac43c-61e3-43fb-8935-526d9f5d4e55"
                ],
                [
                    "a07ce115-fdeb-4026-9c4d-d03782548b16",
                    "8b973be0-e34a-424d-827d-6bedbff5f740",
                    "74007f1d-76f8-4ea0-a411-b0ebee40cf02",
                    "9e2bbb30-ee18-42dc-b8f8-7d6c349a9d96",
                    "b9aba9cc-c7fc-47c6-a2eb-f0e1e669df41",
                    "402ac43c-61e3-43fb-8935-526d9f5d4e55"
                ],
                [
                    "fd9f0899-7cdf-44a5-8824-2a8aeb26a5a2",
                    "a25ad8a4-fc4a-402c-9c41-2dbb7ed2c828",
                    "1d5f7c3b-6f3a-4e9e-8895-38b6ebb028a8",
                    "6701c085-aeb2-470c-9863-9c416adede2c",
                    "b9aba9cc-c7fc-47c6-a2eb-f0e1e669df41",
                    "402ac43c-61e3-43fb-8935-526d9f5d4e55"
                ],
                [
                    "a07ce115-fdeb-4026-9c4d-d03782548b16",
                    "3da17fc8-c49b-4361-90c4-3a9cad334130",
                    "470be905-a624-40ed-bb8e-44771e6732f3",
                    "9e2bbb30-ee18-42dc-b8f8-7d6c349a9d96",
                    "b9aba9cc-c7fc-47c6-a2eb-f0e1e669df41",
                    "402ac43c-61e3-43fb-8935-526d9f5d4e55"
                ],
                [
                    "fd9f0899-7cdf-44a5-8824-2a8aeb26a5a2",
                    "a25ad8a4-fc4a-402c-9c41-2dbb7ed2c828",
                    "b986bda4-6f38-4fbf-8fa7-f6606a4448a3",
                    "6701c085-aeb2-470c-9863-9c416adede2c",
                    "b9aba9cc-c7fc-47c6-a2eb-f0e1e669df41",
                    "402ac43c-61e3-43fb-8935-526d9f5d4e55"
                ],
                [
                    "1f898b3e-c36f-42fc-ac83-4d1760237eca",
                    "f0f66fa7-2a77-4683-8a4d-b5818c785654",
                    "ab266ac8-ce26-4a63-9403-561e57d1081d",
                    "db7204c1-5112-46b8-813b-67575ff624ad",
                    "b9aba9cc-c7fc-47c6-a2eb-f0e1e669df41",
                    "402ac43c-61e3-43fb-8935-526d9f5d4e55"
                ],
                [
                    "fd9f0899-7cdf-44a5-8824-2a8aeb26a5a2",
                    "b3e5a315-5428-41ab-b71a-5aad4e4aa56e",
                    "b986bda4-6f38-4fbf-8fa7-f6606a4448a3",
                    "6701c085-aeb2-470c-9863-9c416adede2c",
                    "b9aba9cc-c7fc-47c6-a2eb-f0e1e669df41",
                    "402ac43c-61e3-43fb-8935-526d9f5d4e55"
                ],
                [
                    "fd9f0899-7cdf-44a5-8824-2a8aeb26a5a2",
                    "e6befa93-d166-4d78-82c0-ea635003f98a",
                    "b986bda4-6f38-4fbf-8fa7-f6606a4448a3",
                    "6701c085-aeb2-470c-9863-9c416adede2c",
                    "b9aba9cc-c7fc-47c6-a2eb-f0e1e669df41",
                    "402ac43c-61e3-43fb-8935-526d9f5d4e55"
                ],
                [
                    "fd9f0899-7cdf-44a5-8824-2a8aeb26a5a2",
                    "e6befa93-d166-4d78-82c0-ea635003f98a",
                    "a25ad8a4-fc4a-402c-9c41-2dbb7ed2c828",
                    "6701c085-aeb2-470c-9863-9c416adede2c",
                    "b9aba9cc-c7fc-47c6-a2eb-f0e1e669df41",
                    "402ac43c-61e3-43fb-8935-526d9f5d4e55"
                ],
                [
                    "fd9f0899-7cdf-44a5-8824-2a8aeb26a5a2",
                    "1d5f7c3b-6f3a-4e9e-8895-38b6ebb028a8",
                    "b986bda4-6f38-4fbf-8fa7-f6606a4448a3",
                    "6701c085-aeb2-470c-9863-9c416adede2c",
                    "b9aba9cc-c7fc-47c6-a2eb-f0e1e669df41",
                    "402ac43c-61e3-43fb-8935-526d9f5d4e55"
                ]
            ]
        },
        {
            "output_tuple": [
                "IJCNN"
            ],
            "tuple_id": "ff2055af-8800-5324-869f-c59253c80894",
            "dnf": [
                [
                    "82009c02-63c9-47dc-91cf-88711044bb4b",
                    "6f9d2d31-94f6-47db-bbf0-a6229f266dfd",
                    "b8227147-67f6-4008-ae11-247ee1e20e3a",
                    "c50591c6-cd26-43c7-af90-b8e031545630",
                    "8f04cae2-13c2-482f-8c36-83d778b79e00",
                    "402ac43c-61e3-43fb-8935-526d9f5d4e55"
                ],
                [
                    "82009c02-63c9-47dc-91cf-88711044bb4b",
                    "1554d2f6-130f-49ab-9c11-3aae0e6cf094",
                    "b8227147-67f6-4008-ae11-247ee1e20e3a",
                    "c50591c6-cd26-43c7-af90-b8e031545630",
                    "8f04cae2-13c2-482f-8c36-83d778b79e00",
                    "402ac43c-61e3-43fb-8935-526d9f5d4e55"
                ],
                [
                    "ea171296-6a9a-4d35-b177-fa3d58591fc5",
                    "76ffb760-12f7-41d2-92be-45af1cba7a74",
                    "a8aa9606-ec7d-4268-b6e2-782a8ff57433",
                    "25e2501c-9974-4a52-b46c-6518bd28175d",
                    "8f04cae2-13c2-482f-8c36-83d778b79e00",
                    "402ac43c-61e3-43fb-8935-526d9f5d4e55"
                ],
                [
                    "82009c02-63c9-47dc-91cf-88711044bb4b",
                    "41354bc5-99c7-4117-97c1-a35d6b3a5295",
                    "b8227147-67f6-4008-ae11-247ee1e20e3a",
                    "c50591c6-cd26-43c7-af90-b8e031545630",
                    "8f04cae2-13c2-482f-8c36-83d778b79e00",
                    "402ac43c-61e3-43fb-8935-526d9f5d4e55"
                ],
                [
                    "82009c02-63c9-47dc-91cf-88711044bb4b",
                    "6f9d2d31-94f6-47db-bbf0-a6229f266dfd",
                    "41354bc5-99c7-4117-97c1-a35d6b3a5295",
                    "c50591c6-cd26-43c7-af90-b8e031545630",
                    "8f04cae2-13c2-482f-8c36-83d778b79e00",
                    "402ac43c-61e3-43fb-8935-526d9f5d4e55"
                ],
                [
                    "82009c02-63c9-47dc-91cf-88711044bb4b",
                    "1554d2f6-130f-49ab-9c11-3aae0e6cf094",
                    "6f9d2d31-94f6-47db-bbf0-a6229f266dfd",
                    "c50591c6-cd26-43c7-af90-b8e031545630",
                    "8f04cae2-13c2-482f-8c36-83d778b79e00",
                    "402ac43c-61e3-43fb-8935-526d9f5d4e55"
                ],
                [
                    "82009c02-63c9-47dc-91cf-88711044bb4b",
                    "1554d2f6-130f-49ab-9c11-3aae0e6cf094",
                    "41354bc5-99c7-4117-97c1-a35d6b3a5295",
                    "c50591c6-cd26-43c7-af90-b8e031545630",
                    "8f04cae2-13c2-482f-8c36-83d778b79e00",
                    "402ac43c-61e3-43fb-8935-526d9f5d4e55"
                ]
            ]
        }
    ]
}