{
    "query_name": "7b_organization_name",
    "query_sql": "SELECT \n\torganization.name \nFROM \n\torganization, author as author1, writes as writes1, author as author2, writes as writes2, publication, conference, domain_conference, domain \nWHERE\n\torganization.oid = author1.oid \n\tAND organization.oid = author2.oid\n    AND author1.name < author2.name\n    AND author1.aid = writes1.aid\n    AND author2.aid = writes2.aid\n    AND writes1.pid = publication.pid\n    AND writes2.pid = publication.pid\n    AND publication.cid = conference.cid\n    AND conference.cid = domain_conference.cid\n    AND domain_conference.did = domain.did\n    AND organization.citation_count > 1000\n    AND publication.citation_count > 1\n    AND domain.name = 'Machine Learning & Pattern Recognition'\n    and publication.year > 2010\nGROUP BY organization.name ",
    "results": [
        {
            "output_tuple": [
                "Royal Institute of Technology"
            ],
            "tuple_id": "07686671-f4e0-5156-95d0-ff07dac03a65",
            "dnf": [
                [
                    "1b16ff71-2d71-4726-a02b-a1f7f8707660",
                    "f3605cf0-ff5e-46d6-ac34-cba64136109e",
                    "bc67f522-9774-42d6-9f99-48746231a723",
                    "925e77f6-a664-4b9a-9939-beb50f8860b4",
                    "99d689db-c15f-4ad0-afb6-7fc4c55ecd75",
                    "1878accf-edf0-4e3a-a5a3-296e1664d673"
                ],
                [
                    "1b16ff71-2d71-4726-a02b-a1f7f8707660",
                    "1dcc96a4-0250-455c-b87b-3450efebe32e",
                    "f3605cf0-ff5e-46d6-ac34-cba64136109e",
                    "925e77f6-a664-4b9a-9939-beb50f8860b4",
                    "99d689db-c15f-4ad0-afb6-7fc4c55ecd75",
                    "1878accf-edf0-4e3a-a5a3-296e1664d673"
                ],
                [
                    "1b16ff71-2d71-4726-a02b-a1f7f8707660",
                    "1dcc96a4-0250-455c-b87b-3450efebe32e",
                    "bc67f522-9774-42d6-9f99-48746231a723",
                    "925e77f6-a664-4b9a-9939-beb50f8860b4",
                    "99d689db-c15f-4ad0-afb6-7fc4c55ecd75",
                    "1878accf-edf0-4e3a-a5a3-296e1664d673"
                ],
                [
                    "1b16ff71-2d71-4726-a02b-a1f7f8707660",
                    "c63b4f93-81d3-45d8-81bb-47847c4eb7a5",
                    "fdbd032c-f65f-4d5d-a4dc-114999d322ac",
                    "925e77f6-a664-4b9a-9939-beb50f8860b4",
                    "99d689db-c15f-4ad0-afb6-7fc4c55ecd75",
                    "1878accf-edf0-4e3a-a5a3-296e1664d673"
                ],
                [
                    "1b16ff71-2d71-4726-a02b-a1f7f8707660",
                    "c63b4f93-81d3-45d8-81bb-47847c4eb7a5",
                    "1dcc96a4-0250-455c-b87b-3450efebe32e",
                    "925e77f6-a664-4b9a-9939-beb50f8860b4",
                    "99d689db-c15f-4ad0-afb6-7fc4c55ecd75",
                    "1878accf-edf0-4e3a-a5a3-296e1664d673"
                ],
                [
                    "1b16ff71-2d71-4726-a02b-a1f7f8707660",
                    "1dcc96a4-0250-455c-b87b-3450efebe32e",
                    "fdbd032c-f65f-4d5d-a4dc-114999d322ac",
                    "925e77f6-a664-4b9a-9939-beb50f8860b4",
                    "99d689db-c15f-4ad0-afb6-7fc4c55ecd75",
                    "1878accf-edf0-4e3a-a5a3-296e1664d673"
                ],
                [
                    "1b16ff71-2d71-4726-a02b-a1f7f8707660",
                    "c63b4f93-81d3-45d8-81bb-47847c4eb7a5",
                    "f3605cf0-ff5e-46d6-ac34-cba64136109e",
                    "925e77f6-a664-4b9a-9939-beb50f8860b4",
                    "99d689db-c15f-4ad0-afb6-7fc4c55ecd75",
                    "1878accf-edf0-4e3a-a5a3-296e1664d673"
                ],
                [
                    "1b16ff71-2d71-4726-a02b-a1f7f8707660",
                    "fdbd032c-f65f-4d5d-a4dc-114999d322ac",
                    "bc67f522-9774-42d6-9f99-48746231a723",
                    "925e77f6-a664-4b9a-9939-beb50f8860b4",
                    "99d689db-c15f-4ad0-afb6-7fc4c55ecd75",
                    "1878accf-edf0-4e3a-a5a3-296e1664d673"
                ],
                [
                    "1b16ff71-2d71-4726-a02b-a1f7f8707660",
                    "fdbd032c-f65f-4d5d-a4dc-114999d322ac",
                    "f3605cf0-ff5e-46d6-ac34-cba64136109e",
                    "925e77f6-a664-4b9a-9939-beb50f8860b4",
                    "99d689db-c15f-4ad0-afb6-7fc4c55ecd75",
                    "1878accf-edf0-4e3a-a5a3-296e1664d673"
                ],
                [
                    "1b16ff71-2d71-4726-a02b-a1f7f8707660",
                    "c63b4f93-81d3-45d8-81bb-47847c4eb7a5",
                    "bc67f522-9774-42d6-9f99-48746231a723",
                    "925e77f6-a664-4b9a-9939-beb50f8860b4",
                    "99d689db-c15f-4ad0-afb6-7fc4c55ecd75",
                    "1878accf-edf0-4e3a-a5a3-296e1664d673"
                ]
            ]
        },
        {
            "output_tuple": [
                "Microsoft"
            ],
            "tuple_id": "0da3f850-be31-5a85-bc1c-cf8e7e4c96e5",
            "dnf": [
                [
                    "bb2500fa-5d1f-4eab-8f5e-f9321345d87c",
                    "76539e4a-b699-4da1-87e1-5ac8cd02ed06",
                    "e689f093-d91c-421c-b910-e30c79e4296d",
                    "4f8fbe9d-fa47-48aa-94ce-32970d6ef499",
                    "84e052ad-1172-4d63-bc64-57641f93942a",
                    "1878accf-edf0-4e3a-a5a3-296e1664d673"
                ]
            ]
        },
        {
            "output_tuple": [
                "Universidad de Castilla la Mancha"
            ],
            "tuple_id": "1c3e69dd-8ee0-5b0e-a1b7-543ef4cde4c4",
            "dnf": [
                [
                    "eb10b12a-647d-4148-ac63-2b56636a0529",
                    "7a89f1b6-cb73-4728-b18b-18c0223264ac",
                    "b74cf261-8fc1-46f5-b8ec-91cb064ef62c",
                    "f1a6ec74-ddd1-45c5-abd4-908988350e02",
                    "665d1a4d-2306-4ab7-a346-53e333ded2a9",
                    "1878accf-edf0-4e3a-a5a3-296e1664d673"
                ]
            ]
        },
        {
            "output_tuple": [
                "Nanyang Technological University"
            ],
            "tuple_id": "4d8c536c-1c4d-5542-a027-ff33da740afe",
            "dnf": [
                [
                    "425c334c-17b5-4bb4-a9e6-a16f84869625",
                    "c093c2bc-c333-4ea5-836f-6a58b02fcbd5",
                    "a6ae45f3-a377-4916-a137-2cc1176ac88c",
                    "c8f19fe8-b581-45f2-92cd-222e60aedc2f",
                    "8a93dbe2-4529-4418-8bcc-9075486d25c9",
                    "1878accf-edf0-4e3a-a5a3-296e1664d673"
                ]
            ]
        },
        {
            "output_tuple": [
                "University of California Berkeley"
            ],
            "tuple_id": "5c204b54-cc16-56c1-b849-4afa1e214c89",
            "dnf": [
                [
                    "803d5501-34d8-417e-9a3a-2e250805bbbd",
                    "6b53c2e7-0756-4b92-8298-1b36ddee8102",
                    "c27ed313-06ba-4a3c-a109-ed31f59623ad",
                    "c635db84-b054-4d8f-9b03-d2a886a3d65f",
                    "99d689db-c15f-4ad0-afb6-7fc4c55ecd75",
                    "1878accf-edf0-4e3a-a5a3-296e1664d673"
                ],
                [
                    "803d5501-34d8-417e-9a3a-2e250805bbbd",
                    "6b53c2e7-0756-4b92-8298-1b36ddee8102",
                    "3fcf8384-dae0-440a-b4e7-72296cb0dfe3",
                    "c635db84-b054-4d8f-9b03-d2a886a3d65f",
                    "99d689db-c15f-4ad0-afb6-7fc4c55ecd75",
                    "1878accf-edf0-4e3a-a5a3-296e1664d673"
                ],
                [
                    "803d5501-34d8-417e-9a3a-2e250805bbbd",
                    "c27ed313-06ba-4a3c-a109-ed31f59623ad",
                    "3fcf8384-dae0-440a-b4e7-72296cb0dfe3",
                    "c635db84-b054-4d8f-9b03-d2a886a3d65f",
                    "99d689db-c15f-4ad0-afb6-7fc4c55ecd75",
                    "1878accf-edf0-4e3a-a5a3-296e1664d673"
                ]
            ]
        },
        {
            "output_tuple": [
                "Istituto Dalle Molle di Studi sull'Intelligenza Artificiale"
            ],
            "tuple_id": "6bd08933-3478-52cd-b58c-852937f55923",
            "dnf": [
                [
                    "70273aea-a23f-4b2a-b2b8-a361a1fe59cb",
                    "3f633310-0d79-4aa0-872d-6c86c0934827",
                    "f67e4591-f4df-4efa-8406-c55300a2d6db",
                    "de6694a3-3bf2-4006-8dcc-73c5add87f53",
                    "9b64e31b-f6af-475b-92ce-2b98bf5c7b5e",
                    "1878accf-edf0-4e3a-a5a3-296e1664d673"
                ],
                [
                    "70273aea-a23f-4b2a-b2b8-a361a1fe59cb",
                    "3f633310-0d79-4aa0-872d-6c86c0934827",
                    "73b0587e-7d9b-4a67-956b-9afc32ba7ddd",
                    "de6694a3-3bf2-4006-8dcc-73c5add87f53",
                    "9b64e31b-f6af-475b-92ce-2b98bf5c7b5e",
                    "1878accf-edf0-4e3a-a5a3-296e1664d673"
                ],
                [
                    "70273aea-a23f-4b2a-b2b8-a361a1fe59cb",
                    "f07f224b-2eb1-4f9c-a6fb-fb0100747cee",
                    "f67e4591-f4df-4efa-8406-c55300a2d6db",
                    "de6694a3-3bf2-4006-8dcc-73c5add87f53",
                    "9b64e31b-f6af-475b-92ce-2b98bf5c7b5e",
                    "1878accf-edf0-4e3a-a5a3-296e1664d673"
                ],
                [
                    "70273aea-a23f-4b2a-b2b8-a361a1fe59cb",
                    "3f633310-0d79-4aa0-872d-6c86c0934827",
                    "f07f224b-2eb1-4f9c-a6fb-fb0100747cee",
                    "de6694a3-3bf2-4006-8dcc-73c5add87f53",
                    "9b64e31b-f6af-475b-92ce-2b98bf5c7b5e",
                    "1878accf-edf0-4e3a-a5a3-296e1664d673"
                ],
                [
                    "70273aea-a23f-4b2a-b2b8-a361a1fe59cb",
                    "f07f224b-2eb1-4f9c-a6fb-fb0100747cee",
                    "73b0587e-7d9b-4a67-956b-9afc32ba7ddd",
                    "de6694a3-3bf2-4006-8dcc-73c5add87f53",
                    "9b64e31b-f6af-475b-92ce-2b98bf5c7b5e",
                    "1878accf-edf0-4e3a-a5a3-296e1664d673"
                ],
                [
                    "70273aea-a23f-4b2a-b2b8-a361a1fe59cb",
                    "73b0587e-7d9b-4a67-956b-9afc32ba7ddd",
                    "f67e4591-f4df-4efa-8406-c55300a2d6db",
                    "de6694a3-3bf2-4006-8dcc-73c5add87f53",
                    "9b64e31b-f6af-475b-92ce-2b98bf5c7b5e",
                    "1878accf-edf0-4e3a-a5a3-296e1664d673"
                ]
            ]
        },
        {
            "output_tuple": [
                "Hebrew University of Jerusalem"
            ],
            "tuple_id": "9dec01de-6bd4-593f-843b-5930d862b902",
            "dnf": [
                [
                    "495d7910-6584-4266-aa97-b6fa06a347d9",
                    "fb33aa88-a820-4757-9afb-fa545b3b5d0f",
                    "370ac137-acb2-4e29-be30-2fcee729b308",
                    "4f8fbe9d-fa47-48aa-94ce-32970d6ef499",
                    "84e052ad-1172-4d63-bc64-57641f93942a",
                    "1878accf-edf0-4e3a-a5a3-296e1664d673"
                ]
            ]
        },
        {
            "output_tuple": [
                "Nagoya University"
            ],
            "tuple_id": "a99e2c79-218a-5ebd-91fc-e9c5ed3d3981",
            "dnf": [
                [
                    "dd5d6cdd-6e25-4a3e-b1be-1d777e96f1c8",
                    "f62b8fc1-6bc3-45b0-a2bc-1893d5cebac1",
                    "f90d45a6-c541-42d8-9b3c-457f61340b10",
                    "3faabd4f-45ac-425c-92b1-fcb90b8816e9",
                    "99d689db-c15f-4ad0-afb6-7fc4c55ecd75",
                    "1878accf-edf0-4e3a-a5a3-296e1664d673"
                ],
                [
                    "dd5d6cdd-6e25-4a3e-b1be-1d777e96f1c8",
                    "f62b8fc1-6bc3-45b0-a2bc-1893d5cebac1",
                    "08addf38-d934-4ae9-98ad-fdb4f5ec13ad",
                    "3faabd4f-45ac-425c-92b1-fcb90b8816e9",
                    "99d689db-c15f-4ad0-afb6-7fc4c55ecd75",
                    "1878accf-edf0-4e3a-a5a3-296e1664d673"
                ],
                [
                    "dd5d6cdd-6e25-4a3e-b1be-1d777e96f1c8",
                    "f62b8fc1-6bc3-45b0-a2bc-1893d5cebac1",
                    "eacc4ee0-4dd7-4fde-9b22-32808391e140",
                    "3faabd4f-45ac-425c-92b1-fcb90b8816e9",
                    "99d689db-c15f-4ad0-afb6-7fc4c55ecd75",
                    "1878accf-edf0-4e3a-a5a3-296e1664d673"
                ],
                [
                    "dd5d6cdd-6e25-4a3e-b1be-1d777e96f1c8",
                    "f90d45a6-c541-42d8-9b3c-457f61340b10",
                    "08addf38-d934-4ae9-98ad-fdb4f5ec13ad",
                    "3faabd4f-45ac-425c-92b1-fcb90b8816e9",
                    "99d689db-c15f-4ad0-afb6-7fc4c55ecd75",
                    "1878accf-edf0-4e3a-a5a3-296e1664d673"
                ],
                [
                    "dd5d6cdd-6e25-4a3e-b1be-1d777e96f1c8",
                    "eacc4ee0-4dd7-4fde-9b22-32808391e140",
                    "08addf38-d934-4ae9-98ad-fdb4f5ec13ad",
                    "3faabd4f-45ac-425c-92b1-fcb90b8816e9",
                    "99d689db-c15f-4ad0-afb6-7fc4c55ecd75",
                    "1878accf-edf0-4e3a-a5a3-296e1664d673"
                ],
                [
                    "dd5d6cdd-6e25-4a3e-b1be-1d777e96f1c8",
                    "f90d45a6-c541-42d8-9b3c-457f61340b10",
                    "eacc4ee0-4dd7-4fde-9b22-32808391e140",
                    "3faabd4f-45ac-425c-92b1-fcb90b8816e9",
                    "99d689db-c15f-4ad0-afb6-7fc4c55ecd75",
                    "1878accf-edf0-4e3a-a5a3-296e1664d673"
                ]
            ]
        },
        {
            "output_tuple": [
                "Ruhr University Bochum"
            ],
            "tuple_id": "cbe2c434-abdd-5f8e-914b-8a8e0f7407d5",
            "dnf": [
                [
                    "ba1c558b-348e-4df2-a2c7-500d84bbea93",
                    "167ecd4b-eabf-4ec7-b6f6-6b570dbc3fbd",
                    "ee63aa66-0b68-4056-85d3-722ed38af674",
                    "f3aa68db-ab42-4bb2-8f0d-2bdc8def9e0c",
                    "9b64e31b-f6af-475b-92ce-2b98bf5c7b5e",
                    "1878accf-edf0-4e3a-a5a3-296e1664d673"
                ]
            ]
        },
        {
            "output_tuple": [
                "University of Rhode Island"
            ],
            "tuple_id": "f7cc783e-f35d-521d-81a4-627147820d47",
            "dnf": [
                [
                    "cbe582af-a68d-4b88-b57d-60890964e43c",
                    "5e4e8950-059d-4383-be01-74cfff5c41a4",
                    "5317bac8-658a-40d6-9366-791e4aec129a",
                    "604d4f92-c9d5-4a3b-b84d-09706ee5b09f",
                    "8a93dbe2-4529-4418-8bcc-9075486d25c9",
                    "1878accf-edf0-4e3a-a5a3-296e1664d673"
                ]
            ]
        }
    ]
}