{
    "query_name": "7c_organization_name",
    "query_sql": "SELECT \n\torganization.name \nFROM \n\torganization, author as author1, writes as writes1, author as author2, writes as writes2, publication, journal, domain_journal, domain \nWHERE\n\torganization.oid = author1.oid \n\tAND organization.oid = author2.oid\n    AND author1.name < author2.name\n    AND author1.aid = writes1.aid\n    AND author2.aid = writes2.aid\n    AND writes1.pid = publication.pid\n    AND writes2.pid = publication.pid\n    AND publication.jid = journal.jid\n    AND journal.jid = domain_journal.jid\n    AND domain_journal.did = domain.did\n    AND organization.citation_count > 5000\n    AND publication.citation_count > 10    \n    AND domain.name = 'Databases'\n    and publication.year > 2010\nGROUP BY organization.name ",
    "results": [
        {
            "output_tuple": [
                "Eindhoven University of Technology"
            ],
            "tuple_id": "47736767-2027-5f36-9ffb-4362fafe2006",
            "dnf": [
                [
                    "017fee8a-6ad6-4202-8297-20dd22c1a445",
                    "2eb7433f-bf7a-48fc-826c-492aec17cd7e",
                    "cc5f6f24-de57-4b0a-ab95-69e9073fb6e3",
                    "9005ec4e-5ac8-431c-a357-1f156fd8c107",
                    "75626509-a8ee-4e4d-a3c8-974c0ebc7fba",
                    "0576060b-7298-40a6-b1d8-90a13ab86e6a"
                ]
            ]
        },
        {
            "output_tuple": [
                "Carnegie Mellon University"
            ],
            "tuple_id": "4eeef3dd-0d2f-565d-b275-c29b3282377e",
            "dnf": [
                [
                    "c3d933f7-1892-4ade-9d89-07e3c90110db",
                    "e21a4895-877b-4043-abef-61d3bec0c2a7",
                    "1cd981d6-652d-4dab-8f41-ad081294fafe",
                    "e43b0bc4-6e1d-4222-b5b0-d4ffdfeabd38",
                    "5ae375aa-0c05-4904-974b-7ee3096810ec",
                    "0576060b-7298-40a6-b1d8-90a13ab86e6a"
                ],
                [
                    "c3d933f7-1892-4ade-9d89-07e3c90110db",
                    "e21a4895-877b-4043-abef-61d3bec0c2a7",
                    "179a424d-881b-4a37-af63-92159a53fd23",
                    "e43b0bc4-6e1d-4222-b5b0-d4ffdfeabd38",
                    "5ae375aa-0c05-4904-974b-7ee3096810ec",
                    "0576060b-7298-40a6-b1d8-90a13ab86e6a"
                ],
                [
                    "c3d933f7-1892-4ade-9d89-07e3c90110db",
                    "179a424d-881b-4a37-af63-92159a53fd23",
                    "1cd981d6-652d-4dab-8f41-ad081294fafe",
                    "e43b0bc4-6e1d-4222-b5b0-d4ffdfeabd38",
                    "5ae375aa-0c05-4904-974b-7ee3096810ec",
                    "0576060b-7298-40a6-b1d8-90a13ab86e6a"
                ]
            ]
        }
    ]
}