{
    "query_name": "7d_journal_name",
    "query_sql": "SELECT \n\tjournal.name \nFROM \n\torganization, author as author1, writes as writes1, author as author2, writes as writes2, publication, journal, domain_journal, domain \nWHERE\n\torganization.oid = author1.oid \n\tAND organization.oid = author2.oid\n    AND author1.name < author2.name\n    AND author1.aid = writes1.aid\n    AND author2.aid = writes2.aid\n    AND writes1.pid = publication.pid\n    AND writes2.pid = publication.pid\n    AND publication.jid = journal.jid\n    AND journal.jid = domain_journal.jid\n    AND domain_journal.did = domain.did\n    AND organization.citation_count > 5000\n    AND publication.citation_count > 10    \n    AND domain.name = 'Machine Learning & Pattern Recognition'\n    and publication.year > 2010\nGROUP BY journal.name ",
    "results": [
        {
            "output_tuple": [
                "PAMI"
            ],
            "tuple_id": "6423a11b-311d-5a29-b04c-888a0f6e122a",
            "dnf": [
                [
                    "acfa201b-9bca-47dd-994c-35441f3f18a2",
                    "300d2daf-fb02-4e1d-9177-f068d05d777b",
                    "495dd0c6-6004-419e-bbab-e2046bafed86",
                    "d6c51c89-ae1f-4b6f-a6fb-cd29e33b341e",
                    "301a80bd-0625-4c80-8ca5-dec162c10bb9",
                    "1878accf-edf0-4e3a-a5a3-296e1664d673"
                ]
            ]
        }
    ]
}