{
    "query_name": "7d_organization_continent",
    "query_sql": "SELECT \n\torganization.continent \nFROM \n\torganization, author as author1, writes as writes1, author as author2, writes as writes2, publication, journal, domain_journal, domain \nWHERE\n\torganization.oid = author1.oid \n\tAND organization.oid = author2.oid\n    AND author1.name < author2.name\n    AND author1.aid = writes1.aid\n    AND author2.aid = writes2.aid\n    AND writes1.pid = publication.pid\n    AND writes2.pid = publication.pid\n    AND publication.jid = journal.jid\n    AND journal.jid = domain_journal.jid\n    AND domain_journal.did = domain.did\n    AND organization.citation_count > 5000\n    AND publication.citation_count > 10    \n    AND domain.name = 'Machine Learning & Pattern Recognition'\n    and publication.year > 2010\nGROUP BY organization.continent ",
    "results": [
        {
            "output_tuple": [
                "Europe"
            ],
            "tuple_id": "81121723-1916-522f-9e6a-75369dd646da",
            "dnf": [
                [
                    "fa0850da-a7ea-47f2-802c-67eec7275fa6",
                    "d40d31c3-ee5d-42ca-9083-5367c41a60aa",
                    "42fc00d0-6b23-4a75-9387-15c580b87380",
                    "0c8f2fce-4d54-4caf-8ab7-8386fc316b77",
                    "7649e4b2-4fbc-4f78-9951-9b084c5d4915",
                    "402ac43c-61e3-43fb-8935-526d9f5d4e55"
                ]
            ]
        }
    ]
}