{
    "query_name": "7d_organization_name",
    "query_sql": "SELECT \n\torganization.name \nFROM \n\torganization, author as author1, writes as writes1, author as author2, writes as writes2, publication, journal, domain_journal, domain \nWHERE\n\torganization.oid = author1.oid \n\tAND organization.oid = author2.oid\n    AND author1.name < author2.name\n    AND author1.aid = writes1.aid\n    AND author2.aid = writes2.aid\n    AND writes1.pid = publication.pid\n    AND writes2.pid = publication.pid\n    AND publication.jid = journal.jid\n    AND journal.jid = domain_journal.jid\n    AND domain_journal.did = domain.did\n    AND organization.citation_count > 5000\n    AND publication.citation_count > 10\n    AND domain.name = 'Machine Learning & Pattern Recognition'\n    and publication.year > 2010\nGROUP BY organization.name ",
    "results": [
        {
            "output_tuple": [
                "The French National Institute for Research in Computer Science and Control"
            ],
            "tuple_id": "8a3634ce-7c72-590e-8131-af013b58823f",
            "dnf": [
                [
                    "77527ea6-add4-4113-a4f1-c6f7cf6135ef",
                    "cb114774-142f-492d-8cbd-066d638e25da",
                    "6e3952b7-5990-43a9-b824-158a45e44788",
                    "2df77bf9-cdba-4d66-b3c0-9561d03e9fd9",
                    "5efb1cf1-d5bf-41ba-8a3f-04e593554497",
                    "8eb11a01-a258-4e84-b748-4fde0bc4b855"
                ]
            ]
        }
    ]
}