{
    "query_name": "7e_organization_continent",
    "query_sql": "SELECT \n\torganization.continent \nFROM \n\torganization, author as author1, writes as writes1, author as author2, writes as writes2, publication, conference, domain_conference, domain \nWHERE\n\torganization.oid = author1.oid \n\tAND organization.oid = author2.oid\n    AND author1.name < author2.name\n    AND author1.aid = writes1.aid\n    AND author2.aid = writes2.aid\n    AND writes1.pid = publication.pid\n    AND writes2.pid = publication.pid\n    AND publication.cid = conference.cid\n    AND conference.cid = domain_conference.cid\n    AND domain_conference.did = domain.did\n    AND author1.citation_count > 200\n    AND author2.citation_count > 200    \n    AND domain.name = 'Databases'\n    and publication.year > 2014\nGROUP BY organization.continent ",
    "results": [
        {
            "output_tuple": [
                "Asia & Oceania"
            ],
            "tuple_id": "465a63ba-2582-5f79-971e-b5491700c025",
            "dnf": [
                [
                    "06899266-b71c-4ba7-ac28-73aca668051a",
                    "b9dcf5d1-95f9-4889-9eb9-ba2570a7d920",
                    "554489f9-81b5-4987-a229-ee04d6e62da5",
                    "9ba5c69a-22cb-4b05-a05a-eccbb26613c1",
                    "0d960ad3-c06e-4218-acde-c8a20f235f01",
                    "0576060b-7298-40a6-b1d8-90a13ab86e6a"
                ],
                [
                    "a34b0dc5-023b-4d4d-894e-ad5fa9a25b3b",
                    "b57916a0-3688-4c0e-9aab-4f3f58b4f9d2",
                    "3bee8bc9-b40a-49dd-a5ed-dbfe0f032d4d",
                    "0f2c581d-7d92-4336-8b29-3830c9dbc84a",
                    "7bf56238-4259-4058-ae94-df4ebfa36909",
                    "0576060b-7298-40a6-b1d8-90a13ab86e6a"
                ],
                [
                    "f0f6a7e7-32b6-4c14-b96a-3fba5d425988",
                    "9d3acef6-bcff-403b-bc53-429954ff3fd0",
                    "357f4f21-83c6-421e-b7f9-3930ecbdf8d9",
                    "25d06d2d-a6fb-43cd-a094-11c11c764051",
                    "0d960ad3-c06e-4218-acde-c8a20f235f01",
                    "0576060b-7298-40a6-b1d8-90a13ab86e6a"
                ],
                [
                    "64f1f1a1-55fa-4329-a9b2-ab9b4dcfd198",
                    "b3becaa1-a550-493e-8c58-bd674762269e",
                    "c71fc072-740b-441d-a05b-bd3466d4fd01",
                    "0899d5d3-381b-4e5e-9ccf-49735b95f0b0",
                    "79feaa4e-6f01-42e9-91a5-1b6cd0fceb32",
                    "0576060b-7298-40a6-b1d8-90a13ab86e6a"
                ],
                [
                    "a34b0dc5-023b-4d4d-894e-ad5fa9a25b3b",
                    "dea3ef2f-6049-41c8-8e70-762cf245ce94",
                    "7e83de1d-f72d-43f7-8e2d-1b381d506a5e",
                    "033ffdb5-3cbe-42e1-a9e2-ed0a94c20c47",
                    "0d960ad3-c06e-4218-acde-c8a20f235f01",
                    "0576060b-7298-40a6-b1d8-90a13ab86e6a"
                ],
                [
                    "166f455b-2c6a-42c2-bda5-87ca14b9f108",
                    "6373c66b-f6df-4c50-bd97-22f5cb8d8b25",
                    "ad49eab2-63ef-4617-bf4b-ff97de324c17",
                    "f823375b-95aa-4200-a249-b65b98ac2761",
                    "79feaa4e-6f01-42e9-91a5-1b6cd0fceb32",
                    "0576060b-7298-40a6-b1d8-90a13ab86e6a"
                ]
            ]
        },
        {
            "output_tuple": [
                "North America"
            ],
            "tuple_id": "9efeea42-0887-56f2-a000-2eebe1a3ce9e",
            "dnf": [
                [
                    "9b56b708-63b6-42f8-ab44-8ec371f0ffcd",
                    "6b34a63c-37bf-4a07-a5c5-262909b215dc",
                    "8e176809-a356-4377-b904-5b24073900f5",
                    "0dc39833-fa13-49df-9494-9fdac0492f4b",
                    "0d960ad3-c06e-4218-acde-c8a20f235f01",
                    "0576060b-7298-40a6-b1d8-90a13ab86e6a"
                ],
                [
                    "d373404f-2a02-4605-86c3-65652622e3e4",
                    "e714218b-ba06-4113-bfb2-b13494c3899c",
                    "2a5b2744-5a2e-41fb-baf5-d7f300c23206",
                    "b0b0766f-e35f-4812-a5b2-72ef526783f1",
                    "582567cd-2e36-4197-98c7-53a9551669cd",
                    "0576060b-7298-40a6-b1d8-90a13ab86e6a"
                ],
                [
                    "a3763375-295f-4de2-9ec9-e2df60bf56d2",
                    "08555e40-39a9-4ace-9011-f192f400e2de",
                    "7ec09bad-189b-4fb6-a1db-188d85b10a74",
                    "5623253b-097d-4ff2-9aa9-3081cb4e51fe",
                    "0d960ad3-c06e-4218-acde-c8a20f235f01",
                    "0576060b-7298-40a6-b1d8-90a13ab86e6a"
                ],
                [
                    "74d43b8c-96d2-4a49-9358-d6a79f887ede",
                    "156d23db-ce50-46ae-b984-31892eb24b4c",
                    "732d0941-ab37-42f1-9c38-499ba6652fd5",
                    "64c5cb2a-d5e6-4ce3-b330-8ff31f24e044",
                    "582567cd-2e36-4197-98c7-53a9551669cd",
                    "0576060b-7298-40a6-b1d8-90a13ab86e6a"
                ],
                [
                    "7220cedf-4f98-4edc-9b13-fa5c19ed15fd",
                    "ffa223a8-4783-4e05-92ab-d56846a018db",
                    "6930850c-0fb2-4dba-842f-0d8891672478",
                    "354f0674-76d0-4492-b462-eb2a6f3b4d2f",
                    "0d960ad3-c06e-4218-acde-c8a20f235f01",
                    "0576060b-7298-40a6-b1d8-90a13ab86e6a"
                ],
                [
                    "a3763375-295f-4de2-9ec9-e2df60bf56d2",
                    "35c771e9-2926-46df-b8c3-bb27fa02e115",
                    "52b8fa63-f0d4-452e-93fa-ebdf27084e3e",
                    "0f9dc495-eb32-4a8c-8a59-069007277cb4",
                    "7bf56238-4259-4058-ae94-df4ebfa36909",
                    "0576060b-7298-40a6-b1d8-90a13ab86e6a"
                ],
                [
                    "2a6ce7cb-35da-41fc-8b58-a1efd724ce7a",
                    "fc64fcc1-2f7c-4398-98bf-35312a8cffa3",
                    "0e89b900-dd7a-41dc-a886-f7e3a82ead96",
                    "ea8150f8-5b86-4a41-a570-bd4df4d27081",
                    "0d960ad3-c06e-4218-acde-c8a20f235f01",
                    "0576060b-7298-40a6-b1d8-90a13ab86e6a"
                ],
                [
                    "5bff6cb2-66ce-4e44-888d-c396c33d179a",
                    "5d456ce3-40d0-4996-803c-e319a4893bff",
                    "82423552-c97a-4802-843b-2ee89f8f937d",
                    "aaf90d95-c6b8-4020-b878-577b49e7a7fb",
                    "0d960ad3-c06e-4218-acde-c8a20f235f01",
                    "0576060b-7298-40a6-b1d8-90a13ab86e6a"
                ],
                [
                    "9830523a-a00f-4288-b953-3904ca9dae7c",
                    "2cb761dd-9a79-4098-85de-41ba80fecb0e",
                    "7937ef73-b0c9-4c1c-96ae-2f6b0e38366a",
                    "1dd258ec-dcf0-4feb-9fc8-e828faee5d74",
                    "0d960ad3-c06e-4218-acde-c8a20f235f01",
                    "0576060b-7298-40a6-b1d8-90a13ab86e6a"
                ],
                [
                    "5f9e9fe1-df5a-488f-a63c-1e3a88a21e82",
                    "7c10090e-3873-477c-b717-29613d1e2b95",
                    "29981925-7236-4dfd-b79b-c96d74c17da5",
                    "c5d53bb9-1f60-4d60-9cb7-ea6be952a099",
                    "582567cd-2e36-4197-98c7-53a9551669cd",
                    "0576060b-7298-40a6-b1d8-90a13ab86e6a"
                ],
                [
                    "a0f4a112-a491-4621-8ab7-1773b8e91cdd",
                    "f70c74df-61a7-4f06-849e-3cc73f59d670",
                    "6d6eb210-ddad-40e3-9f68-34227ab61d2c",
                    "e2be0e83-ec3f-4698-b9a8-6ea816425696",
                    "0d960ad3-c06e-4218-acde-c8a20f235f01",
                    "0576060b-7298-40a6-b1d8-90a13ab86e6a"
                ],
                [
                    "5f9e9fe1-df5a-488f-a63c-1e3a88a21e82",
                    "7710d3cc-350a-4139-a4e6-f7b7ef9daa66",
                    "29981925-7236-4dfd-b79b-c96d74c17da5",
                    "c5d53bb9-1f60-4d60-9cb7-ea6be952a099",
                    "582567cd-2e36-4197-98c7-53a9551669cd",
                    "0576060b-7298-40a6-b1d8-90a13ab86e6a"
                ],
                [
                    "a3763375-295f-4de2-9ec9-e2df60bf56d2",
                    "04cdc805-7e99-4437-b70c-d72c83ded98c",
                    "7ec09bad-189b-4fb6-a1db-188d85b10a74",
                    "cd5417d5-8261-4f02-af0f-4d2d5b9e5ea8",
                    "0d960ad3-c06e-4218-acde-c8a20f235f01",
                    "0576060b-7298-40a6-b1d8-90a13ab86e6a"
                ],
                [
                    "92bdeabe-192c-459a-a01a-b902631f5294",
                    "e315da84-a7c2-4f8f-b6f1-d14d29f97743",
                    "dc555f18-b4bb-479f-9b96-b72ba4cbf3ed",
                    "2b0ac3eb-82f3-4f04-b2b6-2745224b17b0",
                    "582567cd-2e36-4197-98c7-53a9551669cd",
                    "0576060b-7298-40a6-b1d8-90a13ab86e6a"
                ],
                [
                    "4e1a61b2-a6db-4704-adf8-7dcd1c8e67bc",
                    "668d40a7-a6f2-451b-b489-3b36d32e9443",
                    "cc135156-1d33-445e-b8c2-e6106f7426a7",
                    "9b0e7f68-15fa-494f-a31f-f70771fb203c",
                    "0d960ad3-c06e-4218-acde-c8a20f235f01",
                    "0576060b-7298-40a6-b1d8-90a13ab86e6a"
                ],
                [
                    "5f9e9fe1-df5a-488f-a63c-1e3a88a21e82",
                    "7c10090e-3873-477c-b717-29613d1e2b95",
                    "7710d3cc-350a-4139-a4e6-f7b7ef9daa66",
                    "c5d53bb9-1f60-4d60-9cb7-ea6be952a099",
                    "582567cd-2e36-4197-98c7-53a9551669cd",
                    "0576060b-7298-40a6-b1d8-90a13ab86e6a"
                ],
                [
                    "a3763375-295f-4de2-9ec9-e2df60bf56d2",
                    "04cdc805-7e99-4437-b70c-d72c83ded98c",
                    "7ec09bad-189b-4fb6-a1db-188d85b10a74",
                    "5623253b-097d-4ff2-9aa9-3081cb4e51fe",
                    "0d960ad3-c06e-4218-acde-c8a20f235f01",
                    "0576060b-7298-40a6-b1d8-90a13ab86e6a"
                ],
                [
                    "8f61009e-8f70-465e-a1b9-d2d059f33c6b",
                    "cab23e89-dc25-4564-a7fb-cca56b929f7a",
                    "dcc2c96e-2d8f-41df-af8b-869a58e7f252",
                    "386b9ab2-5d33-49a7-8ece-acb5fbf0b2d4",
                    "0d960ad3-c06e-4218-acde-c8a20f235f01",
                    "0576060b-7298-40a6-b1d8-90a13ab86e6a"
                ],
                [
                    "a3763375-295f-4de2-9ec9-e2df60bf56d2",
                    "52b8fa63-f0d4-452e-93fa-ebdf27084e3e",
                    "1a585f4c-a851-42aa-abe3-439f8433c080",
                    "0f9dc495-eb32-4a8c-8a59-069007277cb4",
                    "7bf56238-4259-4058-ae94-df4ebfa36909",
                    "0576060b-7298-40a6-b1d8-90a13ab86e6a"
                ],
                [
                    "a3763375-295f-4de2-9ec9-e2df60bf56d2",
                    "08555e40-39a9-4ace-9011-f192f400e2de",
                    "04cdc805-7e99-4437-b70c-d72c83ded98c",
                    "5623253b-097d-4ff2-9aa9-3081cb4e51fe",
                    "0d960ad3-c06e-4218-acde-c8a20f235f01",
                    "0576060b-7298-40a6-b1d8-90a13ab86e6a"
                ],
                [
                    "9b56b708-63b6-42f8-ab44-8ec371f0ffcd",
                    "8e176809-a356-4377-b904-5b24073900f5",
                    "e6770dd2-8a57-4ca7-a18e-1b4e207cfdcc",
                    "8dd6f0df-18b3-479f-af24-b18361192711",
                    "0d960ad3-c06e-4218-acde-c8a20f235f01",
                    "0576060b-7298-40a6-b1d8-90a13ab86e6a"
                ],
                [
                    "0ad33dea-9ece-4a24-844f-c8064d3570c0",
                    "550ddbed-62ec-485c-b01f-0c79af3b2522",
                    "13ceb3fc-8bb8-48e7-923f-5b54d112bd9d",
                    "284b721c-e3fd-4637-bc67-c04b10066c22",
                    "0d960ad3-c06e-4218-acde-c8a20f235f01",
                    "0576060b-7298-40a6-b1d8-90a13ab86e6a"
                ],
                [
                    "d373404f-2a02-4605-86c3-65652622e3e4",
                    "a94b364b-0ecd-43e1-8544-5e8270e747a4",
                    "7ec0f128-9ba1-49ad-b5a9-59ee35fa96e9",
                    "bf564463-fe7e-4819-9377-8122e8417fd6",
                    "582567cd-2e36-4197-98c7-53a9551669cd",
                    "0576060b-7298-40a6-b1d8-90a13ab86e6a"
                ],
                [
                    "a3763375-295f-4de2-9ec9-e2df60bf56d2",
                    "35c771e9-2926-46df-b8c3-bb27fa02e115",
                    "1a585f4c-a851-42aa-abe3-439f8433c080",
                    "0f9dc495-eb32-4a8c-8a59-069007277cb4",
                    "7bf56238-4259-4058-ae94-df4ebfa36909",
                    "0576060b-7298-40a6-b1d8-90a13ab86e6a"
                ],
                [
                    "614c8c09-71e3-4960-8191-045032493ba9",
                    "1a09874e-631f-46f8-93a9-88ba3476fb19",
                    "51e29808-76a8-457e-9472-ef2b3c2190d4",
                    "77e696b4-37ac-4fe0-a5ce-c285fb4dfe4a",
                    "79feaa4e-6f01-42e9-91a5-1b6cd0fceb32",
                    "0576060b-7298-40a6-b1d8-90a13ab86e6a"
                ],
                [
                    "4e1a61b2-a6db-4704-adf8-7dcd1c8e67bc",
                    "668d40a7-a6f2-451b-b489-3b36d32e9443",
                    "cc135156-1d33-445e-b8c2-e6106f7426a7",
                    "9a1cd77d-2a67-4619-bcde-c612c01a059a",
                    "0d960ad3-c06e-4218-acde-c8a20f235f01",
                    "0576060b-7298-40a6-b1d8-90a13ab86e6a"
                ]
            ]
        },
        {
            "output_tuple": [
                "Europe"
            ],
            "tuple_id": "ab5412ec-d105-5b15-915d-005acde7dc5b",
            "dnf": [
                [
                    "84e8141d-17d5-46a8-9828-24b3e4ad2f72",
                    "05f4d6a1-2469-4bfa-9862-1ac028f660cb",
                    "50417242-6294-45a2-9e38-fee24707fa53",
                    "686a6eed-033f-4001-94ac-6f993c0e9bd2",
                    "0d960ad3-c06e-4218-acde-c8a20f235f01",
                    "0576060b-7298-40a6-b1d8-90a13ab86e6a"
                ],
                [
                    "2c42f9ea-5c1c-4624-8f42-06963fd53020",
                    "43fe8920-daa8-47c1-b574-bab4cee9ba8a",
                    "723b3c3d-b150-4e0a-b4bf-edc22dd10380",
                    "ea97b8f0-27ea-4cab-8afe-f7ba414b7c7e",
                    "0d960ad3-c06e-4218-acde-c8a20f235f01",
                    "0576060b-7298-40a6-b1d8-90a13ab86e6a"
                ],
                [
                    "952098cc-23ec-4af6-a4e8-7243f860e1ca",
                    "3995462a-6880-4e5f-aa13-5c59cf9467d6",
                    "177213b8-f541-4205-8f90-7eb28349f127",
                    "34157e0e-9220-4a52-b9bc-7d08a9dbe1a0",
                    "582567cd-2e36-4197-98c7-53a9551669cd",
                    "0576060b-7298-40a6-b1d8-90a13ab86e6a"
                ],
                [
                    "2c42f9ea-5c1c-4624-8f42-06963fd53020",
                    "c020c907-77d6-4ba7-a9b0-eb8619c8f730",
                    "43fe8920-daa8-47c1-b574-bab4cee9ba8a",
                    "ea97b8f0-27ea-4cab-8afe-f7ba414b7c7e",
                    "0d960ad3-c06e-4218-acde-c8a20f235f01",
                    "0576060b-7298-40a6-b1d8-90a13ab86e6a"
                ],
                [
                    "54e8b494-e374-4e93-95cc-ee581fd8a460",
                    "a8b1cf19-46da-41e0-b30f-50ef59d55acf",
                    "b01e9d4f-0f7a-495a-8bc2-7ecf3612f682",
                    "ee94847d-e713-4cc7-8609-e74f5c1e2d92",
                    "0d960ad3-c06e-4218-acde-c8a20f235f01",
                    "0576060b-7298-40a6-b1d8-90a13ab86e6a"
                ],
                [
                    "2c42f9ea-5c1c-4624-8f42-06963fd53020",
                    "c020c907-77d6-4ba7-a9b0-eb8619c8f730",
                    "d884d1e2-8361-486e-b91a-1fedd3e556d3",
                    "ea97b8f0-27ea-4cab-8afe-f7ba414b7c7e",
                    "0d960ad3-c06e-4218-acde-c8a20f235f01",
                    "0576060b-7298-40a6-b1d8-90a13ab86e6a"
                ],
                [
                    "813495a6-ea6d-4c83-a773-a0f754738cc2",
                    "2392ad24-2483-4582-855a-c203c33e942c",
                    "7dabecde-a897-47fc-a7b8-f2f157ec202a",
                    "946b6e6d-59fa-4214-a1e1-ec5c9ee2429b",
                    "94836dca-eff2-4f5c-b2f4-3cb86ead5f09",
                    "0576060b-7298-40a6-b1d8-90a13ab86e6a"
                ],
                [
                    "63791c7e-5ada-4ef7-84f6-d2b0026ac1fb",
                    "72c78ba0-9da7-402a-b526-f94222f0648d",
                    "870bee88-5626-41bf-869e-bc51790d680b",
                    "f6da4912-44d7-4d60-98e8-638b4e2fab31",
                    "0d960ad3-c06e-4218-acde-c8a20f235f01",
                    "0576060b-7298-40a6-b1d8-90a13ab86e6a"
                ],
                [
                    "c1aab205-4979-48cf-9d9f-827fddca1f27",
                    "f982fd4b-aed9-4927-903e-bd4dac4bc781",
                    "ad22d404-7b8c-4b6b-8d50-817532f0dd50",
                    "7e6be226-1c72-4069-a317-8eb9bd9a8780",
                    "0d960ad3-c06e-4218-acde-c8a20f235f01",
                    "0576060b-7298-40a6-b1d8-90a13ab86e6a"
                ],
                [
                    "2c42f9ea-5c1c-4624-8f42-06963fd53020",
                    "d884d1e2-8361-486e-b91a-1fedd3e556d3",
                    "723b3c3d-b150-4e0a-b4bf-edc22dd10380",
                    "ea97b8f0-27ea-4cab-8afe-f7ba414b7c7e",
                    "0d960ad3-c06e-4218-acde-c8a20f235f01",
                    "0576060b-7298-40a6-b1d8-90a13ab86e6a"
                ],
                [
                    "2c42f9ea-5c1c-4624-8f42-06963fd53020",
                    "c020c907-77d6-4ba7-a9b0-eb8619c8f730",
                    "723b3c3d-b150-4e0a-b4bf-edc22dd10380",
                    "ea97b8f0-27ea-4cab-8afe-f7ba414b7c7e",
                    "0d960ad3-c06e-4218-acde-c8a20f235f01",
                    "0576060b-7298-40a6-b1d8-90a13ab86e6a"
                ],
                [
                    "06eecf8b-ee59-45d0-bbed-956299697510",
                    "7d27df91-9da3-421c-a1d2-e753ba3ff7ba",
                    "3f7e14dc-6ef0-449f-9d2d-8f07fbaf2ff8",
                    "bc1b0a51-72b4-474f-a1dc-0e5e45087ec2",
                    "0d960ad3-c06e-4218-acde-c8a20f235f01",
                    "0576060b-7298-40a6-b1d8-90a13ab86e6a"
                ],
                [
                    "2c42f9ea-5c1c-4624-8f42-06963fd53020",
                    "43fe8920-daa8-47c1-b574-bab4cee9ba8a",
                    "d884d1e2-8361-486e-b91a-1fedd3e556d3",
                    "ea97b8f0-27ea-4cab-8afe-f7ba414b7c7e",
                    "0d960ad3-c06e-4218-acde-c8a20f235f01",
                    "0576060b-7298-40a6-b1d8-90a13ab86e6a"
                ],
                [
                    "813495a6-ea6d-4c83-a773-a0f754738cc2",
                    "2392ad24-2483-4582-855a-c203c33e942c",
                    "7dabecde-a897-47fc-a7b8-f2f157ec202a",
                    "1adced54-bd97-472b-94b4-592989e97661",
                    "94836dca-eff2-4f5c-b2f4-3cb86ead5f09",
                    "0576060b-7298-40a6-b1d8-90a13ab86e6a"
                ],
                [
                    "54e8b494-e374-4e93-95cc-ee581fd8a460",
                    "0d143352-260b-44fc-8a1f-14aa2d74f755",
                    "a8b1cf19-46da-41e0-b30f-50ef59d55acf",
                    "ee94847d-e713-4cc7-8609-e74f5c1e2d92",
                    "0d960ad3-c06e-4218-acde-c8a20f235f01",
                    "0576060b-7298-40a6-b1d8-90a13ab86e6a"
                ],
                [
                    "7fe0e7d2-8572-4454-ace8-51bba9006777",
                    "6d673a84-7093-41b4-9452-31794ce3544d",
                    "02f49f98-b4b5-4ba0-9a89-9ce77a31d5b7",
                    "952e7afc-5eb2-44ec-925f-752bb2041c7b",
                    "0d960ad3-c06e-4218-acde-c8a20f235f01",
                    "0576060b-7298-40a6-b1d8-90a13ab86e6a"
                ],
                [
                    "6b833c1e-9e01-4a29-afc2-742a73439615",
                    "8dbc03ad-eefe-4e37-aedb-176658c4ab67",
                    "c87a8727-3c65-49f2-9f5e-26c6d212abda",
                    "3fa10f7f-1f1e-43f0-a788-2b25ae261389",
                    "0d8d9d2e-6609-430c-9255-743d94f3744d",
                    "0576060b-7298-40a6-b1d8-90a13ab86e6a"
                ],
                [
                    "06eecf8b-ee59-45d0-bbed-956299697510",
                    "7d27df91-9da3-421c-a1d2-e753ba3ff7ba",
                    "3f7e14dc-6ef0-449f-9d2d-8f07fbaf2ff8",
                    "8a2dcf2b-6925-46a5-bd60-ceba31d04068",
                    "0d960ad3-c06e-4218-acde-c8a20f235f01",
                    "0576060b-7298-40a6-b1d8-90a13ab86e6a"
                ],
                [
                    "54e8b494-e374-4e93-95cc-ee581fd8a460",
                    "0d143352-260b-44fc-8a1f-14aa2d74f755",
                    "b01e9d4f-0f7a-495a-8bc2-7ecf3612f682",
                    "ee94847d-e713-4cc7-8609-e74f5c1e2d92",
                    "0d960ad3-c06e-4218-acde-c8a20f235f01",
                    "0576060b-7298-40a6-b1d8-90a13ab86e6a"
                ]
            ]
        }
    ]
}