{
    "query_name": "9b_author_name",
    "query_sql": "SELECT \n    author.name\nFROM \n    author, conference, publication, writes, organization\nWHERE\n    author.aid = writes.aid \n    AND writes.pid = publication.pid    \n    AND publication.cid = conference.cid \n    AND author.oid = organization.oid \n    AND conference.name = 'SIGMOD' \n    AND organization.name = 'University of California San Diego'\n    AND publication.year = 2005    \nGROUP BY author.name",
    "results": [
        {
            "output_tuple": [
                "Alin Deutsch"
            ],
            "tuple_id": "0b03e4d6-3acf-5118-970e-5db7707f8f24",
            "dnf": [
                [
                    "681b606a-ca4f-4822-a1c7-280c370101a5",
                    "eccac072-2138-4d11-9f65-69acf295b9f2",
                    "0928aa24-cd0c-4b69-bace-f1ca2b609109",
                    "92bdeabe-192c-459a-a01a-b902631f5294"
                ]
            ]
        },
        {
            "output_tuple": [
                "Victor Vianu"
            ],
            "tuple_id": "69cb58eb-bd3f-5fce-806e-7ccb1ae79c62",
            "dnf": [
                [
                    "f57c4cde-b0f0-43a0-aca0-c99db6ebd05f",
                    "eccac072-2138-4d11-9f65-69acf295b9f2",
                    "0928aa24-cd0c-4b69-bace-f1ca2b609109",
                    "92bdeabe-192c-459a-a01a-b902631f5294"
                ]
            ]
        },
        {
            "output_tuple": [
                "Yannis Papakonstantinou"
            ],
            "tuple_id": "69f1f61c-c5dd-5df0-bd8e-85585f80d3da",
            "dnf": [
                [
                    "e315da84-a7c2-4f8f-b6f1-d14d29f97743",
                    "eccac072-2138-4d11-9f65-69acf295b9f2",
                    "ced87e95-7278-4437-8014-06eb339ebb30",
                    "92bdeabe-192c-459a-a01a-b902631f5294"
                ]
            ]
        },
        {
            "output_tuple": [
                "Dayou Zhou"
            ],
            "tuple_id": "ab1a3f7f-a631-5ec9-ac36-ffd040dff70f",
            "dnf": [
                [
                    "17eceb91-9895-4a7b-a49d-9e967d28cacc",
                    "eccac072-2138-4d11-9f65-69acf295b9f2",
                    "0928aa24-cd0c-4b69-bace-f1ca2b609109",
                    "92bdeabe-192c-459a-a01a-b902631f5294"
                ]
            ]
        },
        {
            "output_tuple": [
                "Steve B. Jiang"
            ],
            "tuple_id": "c69f28e6-f28f-5de6-853f-f3ee8e394e41",
            "dnf": [
                [
                    "70ee9239-433d-41b3-ab4b-29db2ef967f4",
                    "eccac072-2138-4d11-9f65-69acf295b9f2",
                    "cf7c4e93-8498-474d-b430-6169fe74d83b",
                    "92bdeabe-192c-459a-a01a-b902631f5294"
                ]
            ]
        }
    ]
}