{
    "query_name": "9c_author_name",
    "query_sql": "SELECT \n    author.name\nFROM \n    author, conference, publication, writes, organization\nWHERE\n    author.aid = writes.aid \n    AND writes.pid = publication.pid    \n    AND publication.cid = conference.cid \n    AND author.oid = organization.oid \n    AND conference.name = 'SIGMOD' \n    AND organization.name = 'University of Michigan'\n    AND publication.year = 2005    \nGROUP BY author.name",
    "results": [
        {
            "output_tuple": [
                "Kristen LeFevre"
            ],
            "tuple_id": "c3616ae7-ed29-5cb5-9914-6055dd400052",
            "dnf": [
                [
                    "7726ea44-bf4f-4aec-81c6-2ec13a28e087",
                    "eccac072-2138-4d11-9f65-69acf295b9f2",
                    "13b1f720-c037-4f4c-b156-393548ef48b3",
                    "84d37d4b-ab99-417f-871d-81c1f95df17a"
                ]
            ]
        },
        {
            "output_tuple": [
                "H. V. Jagadish"
            ],
            "tuple_id": "f3b4f2c4-7f69-59c1-8ded-8621702cbcea",
            "dnf": [
                [
                    "1d4e070e-6608-4787-b258-e964a8af3248",
                    "eccac072-2138-4d11-9f65-69acf295b9f2",
                    "1d678494-5387-4e96-b01b-c1e426c9297e",
                    "84d37d4b-ab99-417f-871d-81c1f95df17a"
                ]
            ]
        }
    ]
}